fold,block,repeat,rmse_increase,base_rmse,rmse_perm,n_test
1,Auxotroph type,0,0.017300181495884637,0.04331916475693776,0.0606193462528224,66
1,Auxotroph type,1,0.022400377459495115,0.04331916475693776,0.06571954221643288,66
1,Auxotroph type,2,0.01503798219879006,0.04331916475693776,0.05835714695572782,66
1,Auxotroph type,3,0.011626243816438744,0.04331916475693776,0.05494540857337651,66
1,Auxotroph type,4,0.010742896198468098,0.04331916475693776,0.05406206095540586,66
1,Auxotroph type,5,0.017362162959377002,0.04331916475693776,0.060681327716314765,66
1,Auxotroph type,6,0.01842890968924487,0.04331916475693776,0.06174807444618263,66
1,Auxotroph type,7,0.011368008731348571,0.04331916475693776,0.054687173488286334,66
1,Auxotroph type,8,0.014410840465848195,0.04331916475693776,0.05773000522278596,66
1,Auxotroph type,9,0.009951150989499107,0.04331916475693776,0.05327031574643687,66
1,Prototroph growth,0,0.0030927059340253096,0.04331916475693776,0.04641187069096307,66
1,Prototroph growth,1,0.0052559458302183434,0.04331916475693776,0.048575110587156106,66
1,Prototroph growth,2,0.01028153970563004,0.04331916475693776,0.0536007044625678,66
1,Prototroph growth,3,0.010911488857618439,0.04331916475693776,0.0542306536145562,66
1,Prototroph growth,4,0.0133704418135124,0.04331916475693776,0.05668960657045016,66
1,Prototroph growth,5,0.0077678156643192844,0.04331916475693776,0.05108698042125705,66
1,Prototroph growth,6,0.010235660890398075,0.04331916475693776,0.05355482564733584,66
1,Prototroph growth,7,0.0033944873771180606,0.04331916475693776,0.04671365213405582,66
1,Prototroph growth,8,0.00792688165382354,0.04331916475693776,0.0512460464107613,66
1,Prototroph growth,9,0.010002159002045638,0.04331916475693776,0.0533213237589834,66
1,Environment,0,0.004895325578866176,0.04331916475693776,0.04821449033580394,66
1,Environment,1,0.010233386257330002,0.04331916475693776,0.053552551014267764,66
1,Environment,2,0.0061523995602868475,0.04331916475693776,0.04947156431722461,66
1,Environment,3,0.0071268259617139895,0.04331916475693776,0.05044599071865175,66
1,Environment,4,0.0019575103784899225,0.04331916475693776,0.045276675135427685,66
1,Environment,5,0.008893262282707995,0.04331916475693776,0.05221242703964576,66
1,Environment,6,0.0024879429030868275,0.04331916475693776,0.04580710766002459,66
1,Environment,7,0.00751921458776568,0.04331916475693776,0.05083837934470344,66
1,Environment,8,0.004808739625529954,0.04331916475693776,0.048127904382467716,66
1,Environment,9,0.004541275450790493,0.04331916475693776,0.047860440207728255,66
1,Species,0,0.0168985986545106,0.04331916475693776,0.06021776341144836,66
1,Species,1,0.02331886960638834,0.04331916475693776,0.0666380343633261,66
1,Species,2,0.02209387657977844,0.04331916475693776,0.0654130413367162,66
1,Species,3,0.017013933331774367,0.04331916475693776,0.06033309808871213,66
1,Species,4,0.022876145934339544,0.04331916475693776,0.0661953106912773,66
1,Species,5,0.01793344185904311,0.04331916475693776,0.06125260661598087,66
1,Species,6,0.013576146550024648,0.04331916475693776,0.05689531130696241,66
1,Species,7,0.02212371829697029,0.04331916475693776,0.06544288305390805,66
1,Species,8,0.01585456469434207,0.04331916475693776,0.059173729451279834,66
1,Species,9,0.018829172463717583,0.04331916475693776,0.062148337220655346,66
1,AA requirements,0,0.004351093846285167,0.04331916475693776,0.04767025860322293,66
1,AA requirements,1,0.0042557209252490555,0.04331916475693776,0.04757488568218682,66
1,AA requirements,2,0.00424187985598061,0.04331916475693776,0.04756104461291837,66
1,AA requirements,3,0.0052078534846008925,0.04331916475693776,0.048527018241538655,66
1,AA requirements,4,0.004573927135713023,0.04331916475693776,0.047893091892650785,66
1,AA requirements,5,0.002541630957062453,0.04331916475693776,0.045860795714000216,66
1,AA requirements,6,0.0054667386018819875,0.04331916475693776,0.04878590335881975,66
1,AA requirements,7,0.0035161606584700952,0.04331916475693776,0.04683532541540786,66
1,AA requirements,8,0.0041071278507741615,0.04331916475693776,0.047426292607711924,66
1,AA requirements,9,0.004727696923303694,0.04331916475693776,0.04804686168024146,66
2,Auxotroph type,0,0.018300171281673175,0.03767569791551087,0.055975869197184044,90
2,Auxotroph type,1,0.022169724775045127,0.03767569791551087,0.059845422690556,90
2,Auxotroph type,2,0.017868860401890875,0.03767569791551087,0.055544558317401745,90
2,Auxotroph type,3,0.013613538772864038,0.03767569791551087,0.05128923668837491,90
2,Auxotroph type,4,0.020503384983729826,0.03767569791551087,0.058179082899240696,90
2,Auxotroph type,5,0.020432571893976487,0.03767569791551087,0.058108269809487356,90
2,Auxotroph type,6,0.018856245992949,0.03767569791551087,0.05653194390845987,90
2,Auxotroph type,7,0.017996200275390402,0.03767569791551087,0.05567189819090127,90
2,Auxotroph type,8,0.01572376115125375,0.03767569791551087,0.05339945906676462,90
2,Auxotroph type,9,0.021312383137911464,0.03767569791551087,0.058988081053422334,90
2,Prototroph growth,0,0.009151783635017716,0.03767569791551087,0.046827481550528585,90
2,Prototroph growth,1,0.011056212561279567,0.03767569791551087,0.04873191047679044,90
2,Prototroph growth,2,0.007179715360058417,0.03767569791551087,0.044855413275569286,90
2,Prototroph growth,3,0.005600683911689157,0.03767569791551087,0.043276381827200026,90
2,Prototroph growth,4,0.0066467574313170685,0.03767569791551087,0.04432245534682794,90
2,Prototroph growth,5,0.006814465129996387,0.03767569791551087,0.04449016304550726,90
2,Prototroph growth,6,0.004587070975114474,0.03767569791551087,0.042262768890625343,90
2,Prototroph growth,7,0.011187594199622453,0.03767569791551087,0.04886329211513332,90
2,Prototroph growth,8,0.012945360458657677,0.03767569791551087,0.05062105837416855,90
2,Prototroph growth,9,0.008670846476670518,0.03767569791551087,0.04634654439218139,90
2,Environment,0,0.016174558539838485,0.03767569791551087,0.053850256455349355,90
2,Environment,1,0.012591862906355465,0.03767569791551087,0.050267560821866335,90
2,Environment,2,0.01328741327201411,0.03767569791551087,0.05096311118752498,90
2,Environment,3,0.014427312654746297,0.03767569791551087,0.052103010570257166,90
2,Environment,4,0.009196796773801738,0.03767569791551087,0.04687249468931261,90
2,Environment,5,0.009095474121236055,0.03767569791551087,0.046771172036746925,90
2,Environment,6,0.008825121077211458,0.03767569791551087,0.04650081899272233,90
2,Environment,7,0.011775203217692591,0.03767569791551087,0.04945090113320346,90
2,Environment,8,0.013367522870980753,0.03767569791551087,0.05104322078649162,90
2,Environment,9,0.007134313074388041,0.03767569791551087,0.04481001098989891,90
2,Species,0,0.010257948463937613,0.03767569791551087,0.04793364637944848,90
2,Species,1,0.012915624985041868,0.03767569791551087,0.05059132290055274,90
2,Species,2,0.01736177896358377,0.03767569791551087,0.05503747687909464,90
2,Species,3,0.014275789669863127,0.03767569791551087,0.051951487585374,90
2,Species,4,0.016568271679251845,0.03767569791551087,0.054243969594762714,90
2,Species,5,0.014257336300269423,0.03767569791551087,0.05193303421578029,90
2,Species,6,0.00927005941157534,0.03767569791551087,0.04694575732708621,90
2,Species,7,0.006788019933057686,0.03767569791551087,0.044463717848568556,90
2,Species,8,0.008174561264917814,0.03767569791551087,0.04585025918042868,90
2,Species,9,0.006629814567437282,0.03767569791551087,0.04430551248294815,90
2,AA requirements,0,0.002404586217913042,0.03767569791551087,0.04008028413342391,90
2,AA requirements,1,0.003664813211195189,0.03767569791551087,0.04134051112670606,90
2,AA requirements,2,0.0035680718085292842,0.03767569791551087,0.041243769724040154,90
2,AA requirements,3,0.004133177480512493,0.03767569791551087,0.04180887539602336,90
2,AA requirements,4,0.00277493248992252,0.03767569791551087,0.04045063040543339,90
2,AA requirements,5,0.0041530357253305936,0.03767569791551087,0.04182873364084146,90
2,AA requirements,6,0.003551674602273694,0.03767569791551087,0.04122737251778456,90
2,AA requirements,7,0.0017196993851139528,0.03767569791551087,0.03939539730062482,90
2,AA requirements,8,0.004030538131550375,0.03767569791551087,0.041706236047061244,90
2,AA requirements,9,0.005071063608595709,0.03767569791551087,0.04274676152410658,90
3,Auxotroph type,0,0.008578101258842386,0.024456179285493023,0.03303428054433541,90
3,Auxotroph type,1,0.009934931079243797,0.024456179285493023,0.03439111036473682,90
3,Auxotroph type,2,0.003761316775560533,0.024456179285493023,0.028217496061053556,90
3,Auxotroph type,3,0.009331781789647508,0.024456179285493023,0.03378796107514053,90
3,Auxotroph type,4,0.008684553563076246,0.024456179285493023,0.03314073284856927,90
3,Auxotroph type,5,0.007169047558747418,0.024456179285493023,0.03162522684424044,90
3,Auxotroph type,6,0.008292007611521695,0.024456179285493023,0.03274818689701472,90
3,Auxotroph type,7,0.009143199093360307,0.024456179285493023,0.03359937837885333,90
3,Auxotroph type,8,0.003735205248225827,0.024456179285493023,0.02819138453371885,90
3,Auxotroph type,9,0.008821948698182955,0.024456179285493023,0.03327812798367598,90
3,Prototroph growth,0,0.0007112891249170181,0.024456179285493023,0.02516746841041004,90
3,Prototroph growth,1,-0.00018307808731156047,0.024456179285493023,0.024273101198181463,90
3,Prototroph growth,2,-0.001278827266703409,0.024456179285493023,0.023177352018789614,90
3,Prototroph growth,3,0.0007559270682253594,0.024456179285493023,0.025212106353718382,90
3,Prototroph growth,4,-0.0019448640433553759,0.024456179285493023,0.022511315242137647,90
3,Prototroph growth,5,0.00023586260076281437,0.024456179285493023,0.024692041886255837,90
3,Prototroph growth,6,-0.001093385847447198,0.024456179285493023,0.023362793438045825,90
3,Prototroph growth,7,0.002009165871234748,0.024456179285493023,0.02646534515672777,90
3,Prototroph growth,8,-0.001182185437438938,0.024456179285493023,0.023273993848054085,90
3,Prototroph growth,9,-0.002936144292213297,0.024456179285493023,0.021520034993279726,90
3,Environment,0,0.006645749381612616,0.024456179285493023,0.03110192866710564,90
3,Environment,1,-0.0009981647110386335,0.024456179285493023,0.02345801457445439,90
3,Environment,2,0.003706268562895458,0.024456179285493023,0.02816244784838848,90
3,Environment,3,0.0007043500430687702,0.024456179285493023,0.025160529328561793,90
3,Environment,4,-0.0007394302391711301,0.024456179285493023,0.023716749046321893,90
3,Environment,5,0.0074553277558697985,0.024456179285493023,0.03191150704136282,90
3,Environment,6,0.000660362839786037,0.024456179285493023,0.02511654212527906,90
3,Environment,7,0.0032062535318677643,0.024456179285493023,0.027662432817360787,90
3,Environment,8,-0.00020590505518520985,0.024456179285493023,0.024250274230307813,90
3,Environment,9,0.006415950329356414,0.024456179285493023,0.030872129614849437,90
3,Species,0,0.017757252429156548,0.024456179285493023,0.04221343171464957,90
3,Species,1,0.009576353577224393,0.024456179285493023,0.034032532862717416,90
3,Species,2,0.01409887949401618,0.024456179285493023,0.0385550587795092,90
3,Species,3,0.011434515511068648,0.024456179285493023,0.03589069479656167,90
3,Species,4,0.009688421045033414,0.024456179285493023,0.03414460033052644,90
3,Species,5,0.00894912408109608,0.024456179285493023,0.033405303366589104,90
3,Species,6,0.008415170209370843,0.024456179285493023,0.032871349494863866,90
3,Species,7,0.010767655386295458,0.024456179285493023,0.03522383467178848,90
3,Species,8,0.01048678289919779,0.024456179285493023,0.03494296218469081,90
3,Species,9,0.010567353513137086,0.024456179285493023,0.03502353279863011,90
3,AA requirements,0,-1.8877190540521338e-05,0.024456179285493023,0.024437302094952502,90
3,AA requirements,1,-0.0005968648458452401,0.024456179285493023,0.023859314439647783,90
3,AA requirements,2,-3.2724776220183216e-05,0.024456179285493023,0.02442345450927284,90
3,AA requirements,3,0.0010220251989878741,0.024456179285493023,0.025478204484480897,90
3,AA requirements,4,0.0013910215786205743,0.024456179285493023,0.025847200864113597,90
3,AA requirements,5,-0.0005709275580104631,0.024456179285493023,0.02388525172748256,90
3,AA requirements,6,-0.0006367350300816449,0.024456179285493023,0.023819444255411378,90
3,AA requirements,7,0.0004783429870453895,0.024456179285493023,0.024934522272538413,90
3,AA requirements,8,0.0018726607943862564,0.024456179285493023,0.02632884007987928,90
3,AA requirements,9,-0.0006002848879896917,0.024456179285493023,0.02385589439750333,90
4,Auxotroph type,0,0.006241429118357032,0.02721988158730925,0.03346131070566628,91
4,Auxotroph type,1,0.01238181092186219,0.02721988158730925,0.03960169250917144,91
4,Auxotroph type,2,0.004842346265994384,0.02721988158730925,0.032062227853303635,91
4,Auxotroph type,3,0.007065257635786665,0.02721988158730925,0.034285139223095916,91
4,Auxotroph type,4,0.004841251627085839,0.02721988158730925,0.03206113321439509,91
4,Auxotroph type,5,0.005075504277531097,0.02721988158730925,0.03229538586484035,91
4,Auxotroph type,6,0.0016472432438868652,0.02721988158730925,0.028867124831196116,91
4,Auxotroph type,7,0.004558630605809508,0.02721988158730925,0.03177851219311876,91
4,Auxotroph type,8,0.00408040392372367,0.02721988158730925,0.03130028551103292,91
4,Auxotroph type,9,0.0070148963492990615,0.02721988158730925,0.03423477793660831,91
4,Prototroph growth,0,-0.001454628658695556,0.02721988158730925,0.025765252928613695,91
4,Prototroph growth,1,-0.0019212313309151137,0.02721988158730925,0.025298650256394137,91
4,Prototroph growth,2,-0.000916068213478817,0.02721988158730925,0.026303813373830434,91
4,Prototroph growth,3,-0.0009002065370632487,0.02721988158730925,0.026319675050246003,91
4,Prototroph growth,4,-0.0019800504818629702,0.02721988158730925,0.02523983110544628,91
4,Prototroph growth,5,-0.0011457944254689711,0.02721988158730925,0.02607408716184028,91
4,Prototroph growth,6,-0.0016161954134631985,0.02721988158730925,0.025603686173846053,91
4,Prototroph growth,7,-0.0010684330228051264,0.02721988158730925,0.026151448564504125,91
4,Prototroph growth,8,-0.0012136250736554527,0.02721988158730925,0.0260062565136538,91
4,Prototroph growth,9,-0.0004594033901886563,0.02721988158730925,0.026760478197120595,91
4,Environment,0,0.004962056462329716,0.02721988158730925,0.03218193804963897,91
4,Environment,1,0.005433178529810137,0.02721988158730925,0.03265306011711939,91
4,Environment,2,0.005170514279927867,0.02721988158730925,0.03239039586723712,91
4,Environment,3,0.006788153163299213,0.02721988158730925,0.034008034750608464,91
4,Environment,4,0.004139295285951097,0.02721988158730925,0.03135917687326035,91
4,Environment,5,0.004265467705290363,0.02721988158730925,0.031485349292599614,91
4,Environment,6,0.002976827089299701,0.02721988158730925,0.030196708676608952,91
4,Environment,7,0.004891874948947383,0.02721988158730925,0.032111756536256635,91
4,Environment,8,0.0052145835867615925,0.02721988158730925,0.032434465174070844,91
4,Environment,9,0.005110350652606489,0.02721988158730925,0.03233023223991574,91
4,Species,0,0.0,0.02721988158730925,0.02721988158730925,91
4,Species,1,0.0,0.02721988158730925,0.02721988158730925,91
4,Species,2,0.0,0.02721988158730925,0.02721988158730925,91
4,Species,3,0.0,0.02721988158730925,0.02721988158730925,91
4,Species,4,0.0,0.02721988158730925,0.02721988158730925,91
4,Species,5,0.0,0.02721988158730925,0.02721988158730925,91
4,Species,6,0.0,0.02721988158730925,0.02721988158730925,91
4,Species,7,0.0,0.02721988158730925,0.02721988158730925,91
4,Species,8,0.0,0.02721988158730925,0.02721988158730925,91
4,Species,9,0.0,0.02721988158730925,0.02721988158730925,91
4,AA requirements,0,-0.0007552542179473064,0.02721988158730925,0.026464627369361945,91
4,AA requirements,1,-0.0007528467400175591,0.02721988158730925,0.026467034847291692,91
4,AA requirements,2,-0.0007599500095845507,0.02721988158730925,0.0264599315777247,91
4,AA requirements,3,-0.0008831761698084029,0.02721988158730925,0.02633670541750085,91
4,AA requirements,4,-0.0008061293160137907,0.02721988158730925,0.02641375227129546,91
4,AA requirements,5,-0.0005806672931113199,0.02721988158730925,0.02663921429419793,91
4,AA requirements,6,-0.0008321772300336969,0.02721988158730925,0.026387704357275554,91
4,AA requirements,7,-0.0008096315290431269,0.02721988158730925,0.026410250058266124,91
4,AA requirements,8,-0.00013414989580057268,0.02721988158730925,0.02708573169150868,91
4,AA requirements,9,-0.0007018095545985419,0.02721988158730925,0.02651807203271071,91
5,Auxotroph type,0,0.012197497092210248,0.04742431530546852,0.05962181239767877,90
5,Auxotroph type,1,0.007584260199218054,0.04742431530546852,0.055008575504686574,90
5,Auxotroph type,2,0.013713524953603166,0.04742431530546852,0.06113784025907169,90
5,Auxotroph type,3,0.0124511242358162,0.04742431530546852,0.05987543954128472,90
5,Auxotroph type,4,0.011118227053686147,0.04742431530546852,0.05854254235915467,90
5,Auxotroph type,5,0.007621819985003671,0.04742431530546852,0.05504613529047219,90
5,Auxotroph type,6,0.010532673329599167,0.04742431530546852,0.05795698863506769,90
5,Auxotroph type,7,0.012891618217840864,0.04742431530546852,0.060315933523309384,90
5,Auxotroph type,8,0.011184884591748864,0.04742431530546852,0.058609199897217384,90
5,Auxotroph type,9,0.008393980981738755,0.04742431530546852,0.055818296287207275,90
5,Prototroph growth,0,0.0002287926368045451,0.04742431530546852,0.047653107942273065,90
5,Prototroph growth,1,0.0021212963795234838,0.04742431530546852,0.049545611684992004,90
5,Prototroph growth,2,0.0033549805502172472,0.04742431530546852,0.05077929585568577,90
5,Prototroph growth,3,0.003513186679608149,0.04742431530546852,0.05093750198507667,90
5,Prototroph growth,4,0.001325590014591392,0.04742431530546852,0.04874990532005991,90
5,Prototroph growth,5,0.0025305466647964486,0.04742431530546852,0.04995486197026497,90
5,Prototroph growth,6,0.0036255224082978113,0.04742431530546852,0.05104983771376633,90
5,Prototroph growth,7,0.0026849320026935547,0.04742431530546852,0.050109247308162075,90
5,Prototroph growth,8,0.00237258053577194,0.04742431530546852,0.04979689584124046,90
5,Prototroph growth,9,0.005077006272531159,0.04742431530546852,0.05250132157799968,90
5,Environment,0,0.0003433606376808049,0.04742431530546852,0.047767675943149325,90
5,Environment,1,-3.686118070858613e-05,0.04742431530546852,0.047387454124759934,90
5,Environment,2,0.0019419869301918816,0.04742431530546852,0.0493663022356604,90
5,Environment,3,0.0032989679419389503,0.04742431530546852,0.05072328324740747,90
5,Environment,4,0.000586553405408724,0.04742431530546852,0.048010868710877244,90
5,Environment,5,3.9515895251446276e-05,0.04742431530546852,0.047463831200719966,90
5,Environment,6,0.0024673879186937198,0.04742431530546852,0.04989170322416224,90
5,Environment,7,0.0017876576534324104,0.04742431530546852,0.04921197295890093,90
5,Environment,8,0.0004927029422536616,0.04742431530546852,0.04791701824772218,90
5,Environment,9,0.0015050651108355143,0.04742431530546852,0.048929380416304034,90
5,Species,0,0.010645183104103291,0.04742431530546852,0.05806949840957181,90
5,Species,1,0.011155357355435408,0.04742431530546852,0.05857967266090393,90
5,Species,2,0.008050126802905275,0.04742431530546852,0.055474442108373795,90
5,Species,3,0.009876961972878094,0.04742431530546852,0.057301277278346614,90
5,Species,4,0.010124676881071201,0.04742431530546852,0.05754899218653972,90
5,Species,5,0.008079723095514683,0.04742431530546852,0.055504038400983204,90
5,Species,6,0.00770917132839246,0.04742431530546852,0.05513348663386098,90
5,Species,7,0.011614140435206026,0.04742431530546852,0.059038455740674546,90
5,Species,8,0.011986851712462998,0.04742431530546852,0.05941116701793152,90
5,Species,9,0.012345936573319033,0.04742431530546852,0.05977025187878755,90
5,AA requirements,0,0.002171051533372631,0.04742431530546852,0.04959536683884115,90
5,AA requirements,1,0.0039220623951616435,0.04742431530546852,0.051346377700630164,90
5,AA requirements,2,0.0030520621054676775,0.04742431530546852,0.0504763774109362,90
5,AA requirements,3,0.003905665665092241,0.04742431530546852,0.05132998097056076,90
5,AA requirements,4,0.003574186403499248,0.04742431530546852,0.05099850170896777,90
5,AA requirements,5,0.0015350749949160011,0.04742431530546852,0.04895939030038452,90
5,AA requirements,6,0.0026863973164373695,0.04742431530546852,0.05011071262190589,90
5,AA requirements,7,0.002930927405393878,0.04742431530546852,0.0503552427108624,90
5,AA requirements,8,0.002781976541524553,0.04742431530546852,0.05020629184699307,90
5,AA requirements,9,0.0032577701737661474,0.04742431530546852,0.05068208547923467,90
6,Auxotroph type,0,0.019716572836016258,0.017083232776288045,0.0367998056123043,80
6,Auxotroph type,1,0.019421120946739964,0.017083232776288045,0.03650435372302801,80
6,Auxotroph type,2,0.012955229621977232,0.017083232776288045,0.030038462398265277,80
6,Auxotroph type,3,0.011314458972466485,0.017083232776288045,0.02839769174875453,80
6,Auxotroph type,4,0.020638952701392037,0.017083232776288045,0.03772218547768008,80
6,Auxotroph type,5,0.019184953227030156,0.017083232776288045,0.0362681860033182,80
6,Auxotroph type,6,0.019402859116107375,0.017083232776288045,0.03648609189239542,80
6,Auxotroph type,7,0.020295708994678273,0.017083232776288045,0.03737894177096632,80
6,Auxotroph type,8,0.017063163832049935,0.017083232776288045,0.03414639660833798,80
6,Auxotroph type,9,0.011721874501780038,0.017083232776288045,0.028805107278068082,80
6,Prototroph growth,0,0.006506103772916997,0.017083232776288045,0.02358933654920504,80
6,Prototroph growth,1,0.00305881961382283,0.017083232776288045,0.020142052390110875,80
6,Prototroph growth,2,0.003103332986798553,0.017083232776288045,0.020186565763086597,80
6,Prototroph growth,3,0.005236364215757187,0.017083232776288045,0.02231959699204523,80
6,Prototroph growth,4,0.004122561343787787,0.017083232776288045,0.02120579412007583,80
6,Prototroph growth,5,0.0020027622829287897,0.017083232776288045,0.019085995059216834,80
6,Prototroph growth,6,0.0016429379833839096,0.017083232776288045,0.018726170759671954,80
6,Prototroph growth,7,0.006585606831808755,0.017083232776288045,0.0236688396080968,80
6,Prototroph growth,8,0.008830327421794553,0.017083232776288045,0.025913560198082598,80
6,Prototroph growth,9,0.003141451409337439,0.017083232776288045,0.020224684185625483,80
6,Environment,0,0.009583051219838264,0.017083232776288045,0.02666628399612631,80
6,Environment,1,0.01126543364762305,0.017083232776288045,0.028348666423911095,80
6,Environment,2,0.015756340128762425,0.017083232776288045,0.03283957290505047,80
6,Environment,3,0.01138086057535661,0.017083232776288045,0.028464093351644654,80
6,Environment,4,0.011775712756336064,0.017083232776288045,0.02885894553262411,80
6,Environment,5,0.008460890918665958,0.017083232776288045,0.025544123694954003,80
6,Environment,6,0.014726722217078533,0.017083232776288045,0.03180995499336658,80
6,Environment,7,0.010325148461413632,0.017083232776288045,0.027408381237701677,80
6,Environment,8,0.01758086730490656,0.017083232776288045,0.0346641000811946,80
6,Environment,9,0.014965938809372213,0.017083232776288045,0.03204917158566026,80
6,Species,0,0.021538332720396042,0.017083232776288045,0.038621565496684086,80
6,Species,1,0.014612326355828188,0.017083232776288045,0.03169555913211623,80
6,Species,2,0.015201927181005555,0.017083232776288045,0.0322851599572936,80
6,Species,3,0.01662727802738713,0.017083232776288045,0.033710510803675174,80
6,Species,4,0.007903480430656869,0.017083232776288045,0.024986713206944913,80
6,Species,5,0.009695764763125857,0.017083232776288045,0.0267789975394139,80
6,Species,6,0.017748369501556782,0.017083232776288045,0.03483160227784483,80
6,Species,7,0.015351453534321158,0.017083232776288045,0.0324346863106092,80
6,Species,8,0.01594862823470903,0.017083232776288045,0.033031861010997074,80
6,Species,9,0.013009660625570855,0.017083232776288045,0.0300928934018589,80
6,AA requirements,0,0.0013770939291485422,0.017083232776288045,0.018460326705436587,80
6,AA requirements,1,0.0020980767622956233,0.017083232776288045,0.019181309538583668,80
6,AA requirements,2,0.0014641589863292476,0.017083232776288045,0.018547391762617292,80
6,AA requirements,3,0.001281999994746482,0.017083232776288045,0.018365232771034527,80
6,AA requirements,4,0.000828460494972566,0.017083232776288045,0.01791169327126061,80
6,AA requirements,5,0.0015871496764358096,0.017083232776288045,0.018670382452723854,80
6,AA requirements,6,0.0008645919185776285,0.017083232776288045,0.017947824694865673,80
6,AA requirements,7,0.0010318090035586307,0.017083232776288045,0.018115041779846675,80
6,AA requirements,8,0.0015030933038202993,0.017083232776288045,0.018586326080108344,80
6,AA requirements,9,0.001908681678370553,0.017083232776288045,0.018991914454658598,80
7,Auxotroph type,0,0.011739256318659297,0.02716226536153339,0.03890152168019269,57
7,Auxotroph type,1,0.01580982971390671,0.02716226536153339,0.0429720950754401,57
7,Auxotroph type,2,0.006906315864979952,0.02716226536153339,0.03406858122651334,57
7,Auxotroph type,3,0.01285367316731554,0.02716226536153339,0.04001593852884893,57
7,Auxotroph type,4,0.009189107859151072,0.02716226536153339,0.03635137322068446,57
7,Auxotroph type,5,0.009239934505470351,0.02716226536153339,0.03640219986700374,57
7,Auxotroph type,6,0.012000172706699758,0.02716226536153339,0.03916243806823315,57
7,Auxotroph type,7,0.009179815962816681,0.02716226536153339,0.03634208132435007,57
7,Auxotroph type,8,0.013158368860871468,0.02716226536153339,0.04032063422240486,57
7,Auxotroph type,9,0.016165093433094607,0.02716226536153339,0.043327358794628,57
7,Prototroph growth,0,0.004906140333963208,0.02716226536153339,0.0320684056954966,57
7,Prototroph growth,1,0.0027368130495284346,0.02716226536153339,0.029899078411061826,57
7,Prototroph growth,2,0.00401904265706985,0.02716226536153339,0.031181308018603242,57
7,Prototroph growth,3,0.003204717409243052,0.02716226536153339,0.030366982770776443,57
7,Prototroph growth,4,0.006372590555496438,0.02716226536153339,0.03353485591702983,57
7,Prototroph growth,5,0.0025108421365058475,0.02716226536153339,0.02967310749803924,57
7,Prototroph growth,6,0.0032389983663480074,0.02716226536153339,0.0304012637278814,57
7,Prototroph growth,7,0.004979617567194727,0.02716226536153339,0.03214188292872812,57
7,Prototroph growth,8,0.0019918162849440653,0.02716226536153339,0.029154081646477457,57
7,Prototroph growth,9,0.002708342304168044,0.02716226536153339,0.029870607665701435,57
7,Environment,0,0.0035573555343079537,0.02716226536153339,0.030719620895841345,57
7,Environment,1,0.008995837477431046,0.02716226536153339,0.03615810283896444,57
7,Environment,2,0.0076619788217667725,0.02716226536153339,0.034824244183300164,57
7,Environment,3,0.008131813030768029,0.02716226536153339,0.03529407839230142,57
7,Environment,4,0.00875017573112244,0.02716226536153339,0.03591244109265583,57
7,Environment,5,0.008761443536211687,0.02716226536153339,0.03592370889774508,57
7,Environment,6,0.00506557900603849,0.02716226536153339,0.03222784436757188,57
7,Environment,7,0.009403723291339566,0.02716226536153339,0.03656598865287296,57
7,Environment,8,0.00880952261330771,0.02716226536153339,0.0359717879748411,57
7,Environment,9,0.010318231770852324,0.02716226536153339,0.037480497132385715,57
7,Species,0,0.00872509179419921,0.02716226536153339,0.0358873571557326,57
7,Species,1,0.006303632582195101,0.02716226536153339,0.03346589794372849,57
7,Species,2,0.010799390106535273,0.02716226536153339,0.037961655468068664,57
7,Species,3,0.011861305157211607,0.02716226536153339,0.039023570518745,57
7,Species,4,0.006366428133436006,0.02716226536153339,0.0335286934949694,57
7,Species,5,0.011128750949494504,0.02716226536153339,0.038291016311027895,57
7,Species,6,0.011472875459581117,0.02716226536153339,0.03863514082111451,57
7,Species,7,0.005280135678681103,0.02716226536153339,0.032442401040214494,57
7,Species,8,0.015025318992583601,0.02716226536153339,0.04218758435411699,57
7,Species,9,0.008775748600822648,0.02716226536153339,0.03593801396235604,57
7,AA requirements,0,0.0032434504849380673,0.02716226536153339,0.03040571584647146,57
7,AA requirements,1,0.002348174152296302,0.02716226536153339,0.029510439513829693,57
7,AA requirements,2,0.003774916659154092,0.02716226536153339,0.030937182020687484,57
7,AA requirements,3,0.003519480140387752,0.02716226536153339,0.030681745501921143,57
7,AA requirements,4,0.003381027075172148,0.02716226536153339,0.03054329243670554,57
7,AA requirements,5,0.003870506859187904,0.02716226536153339,0.031032772220721296,57
7,AA requirements,6,0.0012638301635566097,0.02716226536153339,0.02842609552509,57
7,AA requirements,7,0.004495672896375855,0.02716226536153339,0.031657938257909246,57
7,AA requirements,8,0.00280269469802159,0.02716226536153339,0.02996496005955498,57
7,AA requirements,9,0.001131717542877067,0.02716226536153339,0.02829398290441046,57
8,Auxotroph type,0,0.012535245101457884,0.015696066683203103,0.028231311784660987,75
8,Auxotroph type,1,0.021511078113924494,0.015696066683203103,0.0372071447971276,75
8,Auxotroph type,2,0.01215906458739361,0.015696066683203103,0.027855131270596713,75
8,Auxotroph type,3,0.01756909443756186,0.015696066683203103,0.03326516112076496,75
8,Auxotroph type,4,0.0067348280316465205,0.015696066683203103,0.022430894714849624,75
8,Auxotroph type,5,0.015986570354462878,0.015696066683203103,0.03168263703766598,75
8,Auxotroph type,6,0.016073297293382676,0.015696066683203103,0.03176936397658578,75
8,Auxotroph type,7,0.013853566314108057,0.015696066683203103,0.02954963299731116,75
8,Auxotroph type,8,0.018525517216920823,0.015696066683203103,0.03422158390012393,75
8,Auxotroph type,9,0.017737262305641138,0.015696066683203103,0.03343332898884424,75
8,Prototroph growth,0,0.013913064190526497,0.015696066683203103,0.0296091308737296,75
8,Prototroph growth,1,0.01388155189519084,0.015696066683203103,0.029577618578393944,75
8,Prototroph growth,2,0.010875467831659862,0.015696066683203103,0.026571534514862966,75
8,Prototroph growth,3,0.01328813937697549,0.015696066683203103,0.028984206060178593,75
8,Prototroph growth,4,0.012483395911857206,0.015696066683203103,0.02817946259506031,75
8,Prototroph growth,5,0.012834393518577687,0.015696066683203103,0.02853046020178079,75
8,Prototroph growth,6,0.015089023525657705,0.015696066683203103,0.030785090208860808,75
8,Prototroph growth,7,0.013479444832071204,0.015696066683203103,0.029175511515274307,75
8,Prototroph growth,8,0.008170847814036528,0.015696066683203103,0.02386691449723963,75
8,Prototroph growth,9,0.011656099705397636,0.015696066683203103,0.02735216638860074,75
8,Environment,0,0.009191560099154627,0.015696066683203103,0.02488762678235773,75
8,Environment,1,0.0006721096472755463,0.015696066683203103,0.01636817633047865,75
8,Environment,2,0.007887240033592913,0.015696066683203103,0.023583306716796017,75
8,Environment,3,0.00889176853784298,0.015696066683203103,0.024587835221046083,75
8,Environment,4,0.0063480378981290615,0.015696066683203103,0.022044104581332165,75
8,Environment,5,0.013025503413408756,0.015696066683203103,0.02872157009661186,75
8,Environment,6,0.009442118377312025,0.015696066683203103,0.025138185060515128,75
8,Environment,7,0.0076976352444338494,0.015696066683203103,0.023393701927636953,75
8,Environment,8,0.011239121870793265,0.015696066683203103,0.02693518855399637,75
8,Environment,9,0.011314278070112347,0.015696066683203103,0.02701034475331545,75
8,Species,0,0.014393428307271337,0.015696066683203103,0.03008949499047444,75
8,Species,1,0.011387619122493052,0.015696066683203103,0.027083685805696155,75
8,Species,2,0.00898588606987202,0.015696066683203103,0.024681952753075123,75
8,Species,3,0.008910477976082198,0.015696066683203103,0.0246065446592853,75
8,Species,4,0.01042047282906823,0.015696066683203103,0.026116539512271334,75
8,Species,5,0.015144087308180086,0.015696066683203103,0.03084015399138319,75
8,Species,6,0.010206597417165113,0.015696066683203103,0.025902664100368216,75
8,Species,7,0.005796915496714329,0.015696066683203103,0.021492982179917432,75
8,Species,8,0.00423041982582267,0.015696066683203103,0.019926486509025773,75
8,Species,9,0.0053052404884078,0.015696066683203103,0.021001307171610903,75
8,AA requirements,0,0.0010926295805337126,0.015696066683203103,0.016788696263736816,75
8,AA requirements,1,0.0024165696978436235,0.015696066683203103,0.018112636381046727,75
8,AA requirements,2,0.001576318024863712,0.015696066683203103,0.017272384708066815,75
8,AA requirements,3,0.0018367142964808882,0.015696066683203103,0.01753278097968399,75
8,AA requirements,4,0.0017906044278119156,0.015696066683203103,0.01748667111101502,75
8,AA requirements,5,0.0012172282108664223,0.015696066683203103,0.016913294894069526,75
8,AA requirements,6,0.0015522758249058785,0.015696066683203103,0.017248342508108982,75
8,AA requirements,7,0.00221009927413195,0.015696066683203103,0.017906165957335053,75
8,AA requirements,8,0.0020905550585106555,0.015696066683203103,0.01778662174171376,75
8,AA requirements,9,0.0012415490258760147,0.015696066683203103,0.016937615709079118,75
9,Auxotroph type,0,0.01280624412084181,0.03513290447238579,0.0479391485932276,85
9,Auxotroph type,1,0.01024524071848576,0.03513290447238579,0.04537814519087155,85
9,Auxotroph type,2,0.00516566564876772,0.03513290447238579,0.04029857012115351,85
9,Auxotroph type,3,0.00863387736193974,0.03513290447238579,0.04376678183432553,85
9,Auxotroph type,4,0.007810134321812108,0.03513290447238579,0.0429430387941979,85
9,Auxotroph type,5,0.009665997413623367,0.03513290447238579,0.04479890188600916,85
9,Auxotroph type,6,0.006594328850443969,0.03513290447238579,0.04172723332282976,85
9,Auxotroph type,7,0.013566824523884968,0.03513290447238579,0.04869972899627076,85
9,Auxotroph type,8,0.010307694529296647,0.03513290447238579,0.04544059900168244,85
9,Auxotroph type,9,0.009650258333169168,0.03513290447238579,0.04478316280555496,85
9,Prototroph growth,0,0.0016484144033687212,0.03513290447238579,0.03678131887575451,85
9,Prototroph growth,1,0.0042678559654813625,0.03513290447238579,0.03940076043786715,85
9,Prototroph growth,2,0.0017263743865015835,0.03513290447238579,0.03685927885888737,85
9,Prototroph growth,3,0.0054538261195102924,0.03513290447238579,0.04058673059189608,85
9,Prototroph growth,4,0.005751178203220499,0.03513290447238579,0.04088408267560629,85
9,Prototroph growth,5,0.005552706407469216,0.03513290447238579,0.040685610879855005,85
9,Prototroph growth,6,0.0022759919389678807,0.03513290447238579,0.03740889641135367,85
9,Prototroph growth,7,0.008102272680044188,0.03513290447238579,0.04323517715242998,85
9,Prototroph growth,8,0.0018521754810878546,0.03513290447238579,0.036985079953473644,85
9,Prototroph growth,9,0.002811522818180888,0.03513290447238579,0.03794442729056668,85
9,Environment,0,0.00890176183147752,0.03513290447238579,0.04403466630386331,85
9,Environment,1,0.014911775872543637,0.03513290447238579,0.050044680344929426,85
9,Environment,2,0.007719981624168128,0.03513290447238579,0.04285288609655392,85
9,Environment,3,0.012489856865930273,0.03513290447238579,0.04762276133831606,85
9,Environment,4,0.009250834271277555,0.03513290447238579,0.044383738743663345,85
9,Environment,5,0.0077605420872742525,0.03513290447238579,0.04289344655966004,85
9,Environment,6,0.00886589791466498,0.03513290447238579,0.04399880238705077,85
9,Environment,7,0.011606344665863008,0.03513290447238579,0.0467392491382488,85
9,Environment,8,0.009814795471254613,0.03513290447238579,0.0449476999436404,85
9,Environment,9,0.010208975778594427,0.03513290447238579,0.04534188025098022,85
9,Species,0,0.007249671203460199,0.03513290447238579,0.04238257567584599,85
9,Species,1,0.009048652085494657,0.03513290447238579,0.04418155655788045,85
9,Species,2,0.006711006303752119,0.03513290447238579,0.04184391077613791,85
9,Species,3,0.006549257202830901,0.03513290447238579,0.04168216167521669,85
9,Species,4,0.004298029886212647,0.03513290447238579,0.039430934358598436,85
9,Species,5,0.004063830496929259,0.03513290447238579,0.03919673496931505,85
9,Species,6,0.005531271524254894,0.03513290447238579,0.040664175996640683,85
9,Species,7,0.003419880254154392,0.03513290447238579,0.03855278472654018,85
9,Species,8,0.004691092908260808,0.03513290447238579,0.0398239973806466,85
9,Species,9,0.010114251402051092,0.03513290447238579,0.04524715587443688,85
9,AA requirements,0,-0.0011573406054309343,0.03513290447238579,0.033975563866954855,85
9,AA requirements,1,-0.000167284138215526,0.03513290447238579,0.034965620334170264,85
9,AA requirements,2,-0.0014124188121309167,0.03513290447238579,0.03372048566025487,85
9,AA requirements,3,-0.0011969467917120821,0.03513290447238579,0.03393595768067371,85
9,AA requirements,4,-3.784481824628538e-05,0.03513290447238579,0.035095059654139504,85
9,AA requirements,5,-0.0003168142805561533,0.03513290447238579,0.034816090191829636,85
9,AA requirements,6,0.00038999373080888383,0.03513290447238579,0.035522898203194674,85
9,AA requirements,7,-0.000591936707277585,0.03513290447238579,0.034540967765108205,85
9,AA requirements,8,-0.0003891972417426476,0.03513290447238579,0.03474370723064314,85
9,AA requirements,9,9.691331422069516e-05,0.03513290447238579,0.035229817786606485,85
10,Auxotroph type,0,0.005207514369727273,0.024034021036134678,0.02924153540586195,67
10,Auxotroph type,1,0.00382547185380034,0.024034021036134678,0.027859492889935018,67
10,Auxotroph type,2,0.0037774280454580013,0.024034021036134678,0.02781144908159268,67
10,Auxotroph type,3,0.004646332652703391,0.024034021036134678,0.02868035368883807,67
10,Auxotroph type,4,0.0036894619185008186,0.024034021036134678,0.027723482954635496,67
10,Auxotroph type,5,0.0024508433725733483,0.024034021036134678,0.026484864408708026,67
10,Auxotroph type,6,0.0049974946680197176,0.024034021036134678,0.029031515704154395,67
10,Auxotroph type,7,0.003401109169113875,0.024034021036134678,0.027435130205248553,67
10,Auxotroph type,8,0.004938531580511829,0.024034021036134678,0.028972552616646507,67
10,Auxotroph type,9,0.004951886891817876,0.024034021036134678,0.028985907927952553,67
10,Prototroph growth,0,0.00021247110024220917,0.024034021036134678,0.024246492136376887,67
10,Prototroph growth,1,0.00022350731757042608,0.024034021036134678,0.024257528353705104,67
10,Prototroph growth,2,-0.0014749266068050625,0.024034021036134678,0.022559094429329615,67
10,Prototroph growth,3,4.044633172634732e-05,0.024034021036134678,0.024074467367861025,67
10,Prototroph growth,4,-0.0007500433571506135,0.024034021036134678,0.023283977678984064,67
10,Prototroph growth,5,0.0018214878810375035,0.024034021036134678,0.02585550891717218,67
10,Prototroph growth,6,3.686649209071191e-05,0.024034021036134678,0.02407088752822539,67
10,Prototroph growth,7,0.00026910170604240585,0.024034021036134678,0.024303122742177084,67
10,Prototroph growth,8,0.0019381799718550669,0.024034021036134678,0.025972201007989745,67
10,Prototroph growth,9,0.0016706032305215113,0.024034021036134678,0.02570462426665619,67
10,Environment,0,0.002767984978526466,0.024034021036134678,0.026802006014661144,67
10,Environment,1,-0.0016665425827566624,0.024034021036134678,0.022367478453378015,67
10,Environment,2,0.003579483593589859,0.024034021036134678,0.027613504629724537,67
10,Environment,3,-0.0004826994243788754,0.024034021036134678,0.023551321611755802,67
10,Environment,4,0.002069529048998292,0.024034021036134678,0.02610355008513297,67
10,Environment,5,0.003378722441568331,0.024034021036134678,0.02741274347770301,67
10,Environment,6,0.0001726689535722116,0.024034021036134678,0.02420668998970689,67
10,Environment,7,0.0037938650387812356,0.024034021036134678,0.027827886074915913,67
10,Environment,8,0.003535021558647742,0.024034021036134678,0.02756904259478242,67
10,Environment,9,0.0031804510120908187,0.024034021036134678,0.027214472048225496,67
10,Species,0,0.006882313949242734,0.024034021036134678,0.030916334985377412,67
10,Species,1,0.0025940927285874743,0.024034021036134678,0.026628113764722152,67
10,Species,2,0.006391144614455561,0.024034021036134678,0.03042516565059024,67
10,Species,3,0.005596744811460799,0.024034021036134678,0.029630765847595476,67
10,Species,4,0.0030771708392275075,0.024034021036134678,0.027111191875362185,67
10,Species,5,0.0032437068939314036,0.024034021036134678,0.02727772793006608,67
10,Species,6,0.0037016091551337928,0.024034021036134678,0.02773563019126847,67
10,Species,7,0.008806189019975364,0.024034021036134678,0.03284021005611004,67
10,Species,8,0.007719426219947766,0.024034021036134678,0.031753447256082444,67
10,Species,9,0.0046177463554056795,0.024034021036134678,0.028651767391540357,67
10,AA requirements,0,0.0026621409641683115,0.024034021036134678,0.02669616200030299,67
10,AA requirements,1,0.0020606384817040205,0.024034021036134678,0.026094659517838698,67
10,AA requirements,2,0.001281658996122391,0.024034021036134678,0.02531568003225707,67
10,AA requirements,3,0.0010427513257062794,0.024034021036134678,0.025076772361840957,67
10,AA requirements,4,0.0025122501473439467,0.024034021036134678,0.026546271183478624,67
10,AA requirements,5,0.0027728975780116037,0.024034021036134678,0.02680691861414628,67
10,AA requirements,6,0.0027513442671323364,0.024034021036134678,0.026785365303267014,67
10,AA requirements,7,0.0024353686781315755,0.024034021036134678,0.026469389714266253,67
10,AA requirements,8,0.0017249964322837187,0.024034021036134678,0.025759017468418396,67
10,AA requirements,9,0.0008420669048499994,0.024034021036134678,0.024876087940984677,67
11,Auxotroph type,0,0.006110779754059416,0.01845946223534699,0.024570241989406407,95
11,Auxotroph type,1,0.008472635150742855,0.01845946223534699,0.026932097386089846,95
11,Auxotroph type,2,0.008539629511279949,0.01845946223534699,0.02699909174662694,95
11,Auxotroph type,3,0.008131832862717327,0.01845946223534699,0.026591295098064318,95
11,Auxotroph type,4,0.006236702662551597,0.01845946223534699,0.02469616489789859,95
11,Auxotroph type,5,0.007971494448721896,0.01845946223534699,0.026430956684068887,95
11,Auxotroph type,6,0.0083014825582238,0.01845946223534699,0.02676094479357079,95
11,Auxotroph type,7,0.007621760790703282,0.01845946223534699,0.026081223026050274,95
11,Auxotroph type,8,0.009984830224272781,0.01845946223534699,0.028444292459619772,95
11,Auxotroph type,9,0.008962748386701445,0.01845946223534699,0.027422210622048436,95
11,Prototroph growth,0,0.0014615639938284596,0.01845946223534699,0.01992102622917545,95
11,Prototroph growth,1,0.0034763336905578,0.01845946223534699,0.02193579592590479,95
11,Prototroph growth,2,0.0005589285590981395,0.01845946223534699,0.01901839079444513,95
11,Prototroph growth,3,0.0009177324320494874,0.01845946223534699,0.01937719466739648,95
11,Prototroph growth,4,0.0026402981495580735,0.01845946223534699,0.021099760384905065,95
11,Prototroph growth,5,-0.0006752084172787116,0.01845946223534699,0.01778425381806828,95
11,Prototroph growth,6,0.00038567711890192743,0.01845946223534699,0.01884513935424892,95
11,Prototroph growth,7,6.63532409080729e-05,0.01845946223534699,0.018525815476255064,95
11,Prototroph growth,8,0.0006834655189358156,0.01845946223534699,0.019142927754282807,95
11,Prototroph growth,9,0.0025333914633277194,0.01845946223534699,0.02099285369867471,95
11,Environment,0,0.007143025741983278,0.01845946223534699,0.02560248797733027,95
11,Environment,1,0.006317220791241012,0.01845946223534699,0.024776683026588003,95
11,Environment,2,0.008632681764460495,0.01845946223534699,0.027092143999807486,95
11,Environment,3,0.009188878945834356,0.01845946223534699,0.027648341181181348,95
11,Environment,4,0.009475572495402242,0.01845946223534699,0.027935034730749233,95
11,Environment,5,0.008156130050703501,0.01845946223534699,0.026615592286050493,95
11,Environment,6,0.007258801146889593,0.01845946223534699,0.025718263382236584,95
11,Environment,7,0.010986101651382644,0.01845946223534699,0.029445563886729635,95
11,Environment,8,0.005772942742615073,0.01845946223534699,0.024232404977962065,95
11,Environment,9,0.010983472471899621,0.01845946223534699,0.029442934707246612,95
11,Species,0,0.009556703851833478,0.01845946223534699,0.02801616608718047,95
11,Species,1,0.013131082411255528,0.01845946223534699,0.03159054464660252,95
11,Species,2,0.0069533412204933545,0.01845946223534699,0.025412803455840346,95
11,Species,3,0.011855538546853627,0.01845946223534699,0.03031500078220062,95
11,Species,4,0.010181713544662293,0.01845946223534699,0.028641175780009284,95
11,Species,5,0.007536385318679676,0.01845946223534699,0.025995847554026667,95
11,Species,6,0.0076939205914868525,0.01845946223534699,0.026153382826833844,95
11,Species,7,0.009134793622659787,0.01845946223534699,0.02759425585800678,95
11,Species,8,0.007122023026548643,0.01845946223534699,0.025581485261895635,95
11,Species,9,0.00951166495103346,0.01845946223534699,0.02797112718638045,95
11,AA requirements,0,0.0013590836955590518,0.01845946223534699,0.019818545930906043,95
11,AA requirements,1,0.001324183662676167,0.01845946223534699,0.01978364589802316,95
11,AA requirements,2,0.000976144738833281,0.01845946223534699,0.019435606974180272,95
11,AA requirements,3,0.0014524162653018584,0.01845946223534699,0.01991187850064885,95
11,AA requirements,4,0.00119186167990646,0.01845946223534699,0.01965132391525345,95
11,AA requirements,5,0.0007272126215399424,0.01845946223534699,0.019186674856886934,95
11,AA requirements,6,0.0019705954253666363,0.01845946223534699,0.020430057660713628,95
11,AA requirements,7,0.0013451569227671337,0.01845946223534699,0.019804619158114125,95
11,AA requirements,8,0.0012058521804326067,0.01845946223534699,0.019665314415779598,95
11,AA requirements,9,0.0019931829815782835,0.01845946223534699,0.020452645216925275,95
12,Auxotroph type,0,0.016765290206774766,0.037430578151380976,0.05419586835815574,86
12,Auxotroph type,1,0.014050001141343062,0.037430578151380976,0.05148057929272404,86
12,Auxotroph type,2,0.014316821227604679,0.037430578151380976,0.051747399378985655,86
12,Auxotroph type,3,0.009076241932295663,0.037430578151380976,0.04650682008367664,86
12,Auxotroph type,4,0.016630164957141723,0.037430578151380976,0.0540607431085227,86
12,Auxotroph type,5,0.00958151307432896,0.037430578151380976,0.047012091225709936,86
12,Auxotroph type,6,0.009446324380715021,0.037430578151380976,0.046876902532096,86
12,Auxotroph type,7,0.0053832732038262,0.037430578151380976,0.042813851355207176,86
12,Auxotroph type,8,0.010929706646342817,0.037430578151380976,0.04836028479772379,86
12,Auxotroph type,9,0.01139665619368628,0.037430578151380976,0.04882723434506726,86
12,Prototroph growth,0,0.005508138052628363,0.037430578151380976,0.04293871620400934,86
12,Prototroph growth,1,0.005703368261442611,0.037430578151380976,0.04313394641282359,86
12,Prototroph growth,2,0.011310919503246052,0.037430578151380976,0.04874149765462703,86
12,Prototroph growth,3,0.007143398389785213,0.037430578151380976,0.04457397654116619,86
12,Prototroph growth,4,0.007232269388733156,0.037430578151380976,0.04466284754011413,86
12,Prototroph growth,5,0.00444289939829174,0.037430578151380976,0.041873477549672716,86
12,Prototroph growth,6,0.00970750474334773,0.037430578151380976,0.047138082894728706,86
12,Prototroph growth,7,0.006152056781980421,0.037430578151380976,0.0435826349333614,86
12,Prototroph growth,8,0.009875338450577725,0.037430578151380976,0.0473059166019587,86
12,Prototroph growth,9,0.011038563069337412,0.037430578151380976,0.04846914122071839,86
12,Environment,0,0.010951131983056292,0.037430578151380976,0.04838171013443727,86
12,Environment,1,0.007792515319844789,0.037430578151380976,0.045223093471225766,86
12,Environment,2,0.01005517794656681,0.037430578151380976,0.047485756097947786,86
12,Environment,3,0.00864619666130572,0.037430578151380976,0.0460767748126867,86
12,Environment,4,0.010880115376354069,0.037430578151380976,0.048310693527735045,86
12,Environment,5,0.00800617864951543,0.037430578151380976,0.045436756800896407,86
12,Environment,6,0.012657703257000927,0.037430578151380976,0.0500882814083819,86
12,Environment,7,0.009731756147575384,0.037430578151380976,0.04716233429895636,86
12,Environment,8,0.007876970130361718,0.037430578151380976,0.045307548281742695,86
12,Environment,9,0.008191053585659705,0.037430578151380976,0.04562163173704068,86
12,Species,0,0.009276665543396623,0.037430578151380976,0.0467072436947776,86
12,Species,1,0.01052163398742987,0.037430578151380976,0.047952212138810846,86
12,Species,2,0.012208027179679837,0.037430578151380976,0.04963860533106081,86
12,Species,3,0.00801764910975998,0.037430578151380976,0.04544822726114096,86
12,Species,4,0.010186078667064627,0.037430578151380976,0.0476166568184456,86
12,Species,5,0.006102116195380744,0.037430578151380976,0.04353269434676172,86
12,Species,6,0.011372169193573478,0.037430578151380976,0.048802747344954454,86
12,Species,7,0.012655205874624292,0.037430578151380976,0.05008578402600527,86
12,Species,8,0.006264343058677943,0.037430578151380976,0.04369492121005892,86
12,Species,9,0.009019711243136053,0.037430578151380976,0.04645028939451703,86
12,AA requirements,0,0.00421036738680336,0.037430578151380976,0.041640945538184336,86
12,AA requirements,1,0.0030935109453974208,0.037430578151380976,0.0405240890967784,86
12,AA requirements,2,0.0029033031496786474,0.037430578151380976,0.040333881301059624,86
12,AA requirements,3,0.0034597951886952694,0.037430578151380976,0.040890373340076246,86
12,AA requirements,4,0.003375415321333515,0.037430578151380976,0.04080599347271449,86
12,AA requirements,5,0.003671855824985533,0.037430578151380976,0.04110243397636651,86
12,AA requirements,6,0.004415274606862245,0.037430578151380976,0.04184585275824322,86
12,AA requirements,7,0.0035115286925180567,0.037430578151380976,0.04094210684389903,86
12,AA requirements,8,0.0036233511803237736,0.037430578151380976,0.04105392933170475,86
12,AA requirements,9,0.003220458028318468,0.037430578151380976,0.040651036179699444,86
13,Auxotroph type,0,-0.0006481864221519022,0.025196314451819274,0.02454812802966737,96
13,Auxotroph type,1,1.459993149980493e-05,0.025196314451819274,0.02521091438331908,96
13,Auxotroph type,2,0.002730062540727586,0.025196314451819274,0.02792637699254686,96
13,Auxotroph type,3,0.0020500932795722016,0.025196314451819274,0.027246407731391475,96
13,Auxotroph type,4,0.000871165726526759,0.025196314451819274,0.026067480178346033,96
13,Auxotroph type,5,0.004495249327734475,0.025196314451819274,0.02969156377955375,96
13,Auxotroph type,6,-0.00034363642049817233,0.025196314451819274,0.0248526780313211,96
13,Auxotroph type,7,0.001739422195864919,0.025196314451819274,0.026935736647684193,96
13,Auxotroph type,8,-0.003259195414426635,0.025196314451819274,0.02193711903739264,96
13,Auxotroph type,9,-0.00016363028911689503,0.025196314451819274,0.02503268416270238,96
13,Prototroph growth,0,-0.003134626438456155,0.025196314451819274,0.02206168801336312,96
13,Prototroph growth,1,-0.0015770492889901795,0.025196314451819274,0.023619265162829094,96
13,Prototroph growth,2,-0.002442932689859876,0.025196314451819274,0.022753381761959398,96
13,Prototroph growth,3,-0.0026530964997140034,0.025196314451819274,0.02254321795210527,96
13,Prototroph growth,4,-0.0028727244377961154,0.025196314451819274,0.02232359001402316,96
13,Prototroph growth,5,-0.0022295143772076975,0.025196314451819274,0.022966800074611576,96
13,Prototroph growth,6,-0.0026097000560217215,0.025196314451819274,0.022586614395797552,96
13,Prototroph growth,7,-0.0017158726167206297,0.025196314451819274,0.023480441835098644,96
13,Prototroph growth,8,-0.0018149034285622478,0.025196314451819274,0.023381411023257026,96
13,Prototroph growth,9,-0.0014075677384187205,0.025196314451819274,0.023788746713400553,96
13,Environment,0,0.0008513324910582494,0.025196314451819274,0.026047646942877523,96
13,Environment,1,0.0008868174453910138,0.025196314451819274,0.026083131897210288,96
13,Environment,2,0.002011170376657656,0.025196314451819274,0.02720748482847693,96
13,Environment,3,-0.0014014809092501648,0.025196314451819274,0.02379483354256911,96
13,Environment,4,0.0048128409676344575,0.025196314451819274,0.03000915541945373,96
13,Environment,5,0.002872464771082356,0.025196314451819274,0.02806877922290163,96
13,Environment,6,0.0013588831198318267,0.025196314451819274,0.0265551975716511,96
13,Environment,7,0.0016423796929862199,0.025196314451819274,0.026838694144805494,96
13,Environment,8,0.002095256723642188,0.025196314451819274,0.027291571175461462,96
13,Environment,9,1.594782927681962e-05,0.025196314451819274,0.025212262281096093,96
13,Species,0,0.0041610052639013476,0.025196314451819274,0.02935731971572062,96
13,Species,1,0.00400157002844977,0.025196314451819274,0.029197884480269044,96
13,Species,2,0.001778179869786168,0.025196314451819274,0.026974494321605442,96
13,Species,3,0.0016616465148746734,0.025196314451819274,0.026857960966693947,96
13,Species,4,0.0025417711989675802,0.025196314451819274,0.027738085650786854,96
13,Species,5,0.0016221416968804567,0.025196314451819274,0.02681845614869973,96
13,Species,6,0.002061050961715768,0.025196314451819274,0.02725736541353504,96
13,Species,7,0.004920166727852268,0.025196314451819274,0.030116481179671542,96
13,Species,8,0.003808567262385709,0.025196314451819274,0.029004881714204983,96
13,Species,9,0.0003306562463762791,0.025196314451819274,0.025526970698195553,96
13,AA requirements,0,-0.0016757061079618815,0.025196314451819274,0.023520608343857392,96
13,AA requirements,1,-0.001431406045777909,0.025196314451819274,0.023764908406041365,96
13,AA requirements,2,-0.001385417453321533,0.025196314451819274,0.02381089699849774,96
13,AA requirements,3,-0.0020651955689655575,0.025196314451819274,0.023131118882853716,96
13,AA requirements,4,-0.00016299828673398478,0.025196314451819274,0.02503331616508529,96
13,AA requirements,5,-0.0018633857995437458,0.025196314451819274,0.023332928652275528,96
13,AA requirements,6,-0.0020815556491177896,0.025196314451819274,0.023114758802701484,96
13,AA requirements,7,-0.001973009862156965,0.025196314451819274,0.02322330458966231,96
13,AA requirements,8,-0.000546981134380134,0.025196314451819274,0.02464933331743914,96
13,AA requirements,9,-0.001287003534949923,0.025196314451819274,0.02390931091686935,96
14,Auxotroph type,0,0.014445681046755657,0.04700420173066039,0.061449882777416046,95
14,Auxotroph type,1,0.014254416346802412,0.04700420173066039,0.0612586180774628,95
14,Auxotroph type,2,0.016014172402189983,0.04700420173066039,0.06301837413285037,95
14,Auxotroph type,3,0.01837962690117903,0.04700420173066039,0.06538382863183942,95
14,Auxotroph type,4,0.016263958706306536,0.04700420173066039,0.06326816043696692,95
14,Auxotroph type,5,0.01608071933110823,0.04700420173066039,0.06308492106176862,95
14,Auxotroph type,6,0.010035830559457622,0.04700420173066039,0.05704003229011801,95
14,Auxotroph type,7,0.017050600018455944,0.04700420173066039,0.06405480174911633,95
14,Auxotroph type,8,0.011129180654078835,0.04700420173066039,0.058133382384739224,95
14,Auxotroph type,9,0.020271196920805645,0.04700420173066039,0.06727539865146603,95
14,Prototroph growth,0,0.008086581854426643,0.04700420173066039,0.05509078358508703,95
14,Prototroph growth,1,0.00886637441032375,0.04700420173066039,0.05587057614098414,95
14,Prototroph growth,2,0.007733759127577511,0.04700420173066039,0.0547379608582379,95
14,Prototroph growth,3,0.0061685162207300165,0.04700420173066039,0.053172717951390405,95
14,Prototroph growth,4,0.00817952469863243,0.04700420173066039,0.05518372642929282,95
14,Prototroph growth,5,0.006614845348902172,0.04700420173066039,0.05361904707956256,95
14,Prototroph growth,6,0.005209297414709491,0.04700420173066039,0.05221349914536988,95
14,Prototroph growth,7,0.009744496707645073,0.04700420173066039,0.05674869843830546,95
14,Prototroph growth,8,0.007538677197794441,0.04700420173066039,0.05454287892845483,95
14,Prototroph growth,9,0.0036636896847288478,0.04700420173066039,0.050667891415389237,95
14,Environment,0,0.010670547997359572,0.04700420173066039,0.05767474972801996,95
14,Environment,1,0.009065677106262916,0.04700420173066039,0.056069878836923305,95
14,Environment,2,0.006170879574819772,0.04700420173066039,0.05317508130548016,95
14,Environment,3,0.010682479373949318,0.04700420173066039,0.057686681104609706,95
14,Environment,4,0.009779233214007685,0.04700420173066039,0.056783434944668074,95
14,Environment,5,0.011881949917929499,0.04700420173066039,0.05888615164858989,95
14,Environment,6,0.014205661192436006,0.04700420173066039,0.061209862923096395,95
14,Environment,7,0.005936116455450467,0.04700420173066039,0.052940318186110856,95
14,Environment,8,0.012706042605765848,0.04700420173066039,0.05971024433642624,95
14,Environment,9,0.010107570253163577,0.04700420173066039,0.057111771983823965,95
14,Species,0,0.007175021137000907,0.04700420173066039,0.054179222867661296,95
14,Species,1,0.006346726046738048,0.04700420173066039,0.05335092777739844,95
14,Species,2,0.003616253849456734,0.04700420173066039,0.05062045558011712,95
14,Species,3,0.003206875800793478,0.04700420173066039,0.05021107753145387,95
14,Species,4,0.008525939064361214,0.04700420173066039,0.0555301407950216,95
14,Species,5,0.004237314638498267,0.04700420173066039,0.051241516369158656,95
14,Species,6,0.00314452996401169,0.04700420173066039,0.05014873169467208,95
14,Species,7,0.005075295971486357,0.04700420173066039,0.052079497702146746,95
14,Species,8,0.004856877234112003,0.04700420173066039,0.05186107896477239,95
14,Species,9,0.006428587171457785,0.04700420173066039,0.053432788902118174,95
14,AA requirements,0,0.0019325718268325826,0.04700420173066039,0.04893677355749297,95
14,AA requirements,1,0.0028526655141453763,0.04700420173066039,0.049856867244805765,95
14,AA requirements,2,0.002566246687884785,0.04700420173066039,0.049570448418545174,95
14,AA requirements,3,0.002281839360814983,0.04700420173066039,0.04928604109147537,95
14,AA requirements,4,0.0028526422404085913,0.04700420173066039,0.04985684397106898,95
14,AA requirements,5,0.0024364149918807976,0.04700420173066039,0.049440616722541186,95
14,AA requirements,6,0.0031234551161366045,0.04700420173066039,0.05012765684679699,95
14,AA requirements,7,0.001960407756195201,0.04700420173066039,0.04896460948685559,95
14,AA requirements,8,0.002157340267228372,0.04700420173066039,0.04916154199788876,95
14,AA requirements,9,0.0023422985090183895,0.04700420173066039,0.04934650023967878,95
15,Auxotroph type,0,0.011229111697558847,0.02589496363688187,0.03712407533444072,80
15,Auxotroph type,1,0.00957567419745348,0.02589496363688187,0.03547063783433535,80
15,Auxotroph type,2,0.009110834581340623,0.02589496363688187,0.03500579821822249,80
15,Auxotroph type,3,0.010762868140747898,0.02589496363688187,0.03665783177762977,80
15,Auxotroph type,4,0.012731784360923534,0.02589496363688187,0.038626747997805404,80
15,Auxotroph type,5,0.012654502191249698,0.02589496363688187,0.03854946582813157,80
15,Auxotroph type,6,0.011937424433584972,0.02589496363688187,0.03783238807046684,80
15,Auxotroph type,7,0.011561300208433,0.02589496363688187,0.03745626384531487,80
15,Auxotroph type,8,0.01467153467926997,0.02589496363688187,0.04056649831615184,80
15,Auxotroph type,9,0.0130180197171554,0.02589496363688187,0.03891298335403727,80
15,Prototroph growth,0,0.01255407126751468,0.02589496363688187,0.03844903490439655,80
15,Prototroph growth,1,0.011315774619485405,0.02589496363688187,0.037210738256367275,80
15,Prototroph growth,2,0.012971961480119806,0.02589496363688187,0.038866925117001676,80
15,Prototroph growth,3,0.01196123906860257,0.02589496363688187,0.03785620270548444,80
15,Prototroph growth,4,0.007713426086582601,0.02589496363688187,0.03360838972346447,80
15,Prototroph growth,5,0.009719103471127043,0.02589496363688187,0.035614067108008914,80
15,Prototroph growth,6,0.013768630038031849,0.02589496363688187,0.03966359367491372,80
15,Prototroph growth,7,0.007274853961733243,0.02589496363688187,0.03316981759861511,80
15,Prototroph growth,8,0.00668673418484499,0.02589496363688187,0.03258169782172686,80
15,Prototroph growth,9,0.010548718593011878,0.02589496363688187,0.03644368222989375,80
15,Environment,0,0.010380329592865448,0.02589496363688187,0.03627529322974732,80
15,Environment,1,0.010308290828674026,0.02589496363688187,0.0362032544655559,80
15,Environment,2,0.005851828519234607,0.02589496363688187,0.03174679215611648,80
15,Environment,3,0.008379909342141719,0.02589496363688187,0.03427487297902359,80
15,Environment,4,0.009734970979322254,0.02589496363688187,0.035629934616204124,80
15,Environment,5,0.0080238756297983,0.02589496363688187,0.03391883926668017,80
15,Environment,6,0.006459682772671654,0.02589496363688187,0.032354646409553524,80
15,Environment,7,0.005974503718667531,0.02589496363688187,0.0318694673555494,80
15,Environment,8,0.009842435422347282,0.02589496363688187,0.03573739905922915,80
15,Environment,9,0.011545685710421586,0.02589496363688187,0.037440649347303456,80
15,Species,0,0.008242778313718026,0.02589496363688187,0.0341377419505999,80
15,Species,1,0.017739579183866806,0.02589496363688187,0.043634542820748676,80
15,Species,2,0.01301899211946422,0.02589496363688187,0.03891395575634609,80
15,Species,3,0.0165983595742412,0.02589496363688187,0.04249332321112307,80
15,Species,4,0.01542134559684184,0.02589496363688187,0.04131630923372371,80
15,Species,5,0.01493384712882238,0.02589496363688187,0.04082881076570425,80
15,Species,6,0.015725955052943098,0.02589496363688187,0.04162091868982497,80
15,Species,7,0.01593826917365503,0.02589496363688187,0.0418332328105369,80
15,Species,8,0.01633229111963062,0.02589496363688187,0.04222725475651249,80
15,Species,9,0.0164465720498561,0.02589496363688187,0.04234153568673797,80
15,AA requirements,0,0.0033187821691444096,0.02589496363688187,0.02921374580602628,80
15,AA requirements,1,0.0023079562932634343,0.02589496363688187,0.028202919930145304,80
15,AA requirements,2,0.0026261134951261166,0.02589496363688187,0.028521077132007987,80
15,AA requirements,3,0.00036112042988363166,0.02589496363688187,0.026256084066765502,80
15,AA requirements,4,0.0016494100681437758,0.02589496363688187,0.027544373705025646,80
15,AA requirements,5,0.0029444857943463736,0.02589496363688187,0.028839449431228244,80
15,AA requirements,6,0.0010107440446886391,0.02589496363688187,0.02690570768157051,80
15,AA requirements,7,0.0029672026501593556,0.02589496363688187,0.028862166287041226,80
15,AA requirements,8,0.001884896495007185,0.02589496363688187,0.027779860131889055,80
15,AA requirements,9,0.00224558759855761,0.02589496363688187,0.02814055123543948,80
16,Auxotroph type,0,0.013949357379673757,0.01984269071122152,0.033792048090895276,75
16,Auxotroph type,1,0.013802685101551786,0.01984269071122152,0.033645375812773305,75
16,Auxotroph type,2,0.014226736961436132,0.01984269071122152,0.03406942767265765,75
16,Auxotroph type,3,0.012563207904710164,0.01984269071122152,0.03240589861593168,75
16,Auxotroph type,4,0.011404157731683625,0.01984269071122152,0.031246848442905144,75
16,Auxotroph type,5,0.01593112078591773,0.01984269071122152,0.03577381149713925,75
16,Auxotroph type,6,0.012373183382937015,0.01984269071122152,0.032215874094158534,75
16,Auxotroph type,7,0.013072537068857307,0.01984269071122152,0.032915227780078826,75
16,Auxotroph type,8,0.011260517980465876,0.01984269071122152,0.031103208691687395,75
16,Auxotroph type,9,0.012646466225508388,0.01984269071122152,0.03248915693672991,75
16,Prototroph growth,0,0.0038996612706448837,0.01984269071122152,0.023742351981866402,75
16,Prototroph growth,1,-0.001488365755590932,0.01984269071122152,0.018354324955630587,75
16,Prototroph growth,2,0.0004304086267780845,0.01984269071122152,0.020273099337999603,75
16,Prototroph growth,3,0.004895989062849413,0.01984269071122152,0.024738679774070932,75
16,Prototroph growth,4,0.0024659252481865103,0.01984269071122152,0.02230861595940803,75
16,Prototroph growth,5,0.0006874252557407742,0.01984269071122152,0.020530115966962293,75
16,Prototroph growth,6,-0.001445299265975676,0.01984269071122152,0.018397391445245843,75
16,Prototroph growth,7,0.0034826590476212116,0.01984269071122152,0.02332534975884273,75
16,Prototroph growth,8,0.0014133221581470352,0.01984269071122152,0.021256012869368554,75
16,Prototroph growth,9,0.0015239061652628817,0.01984269071122152,0.0213665968764844,75
16,Environment,0,0.0045866026576024885,0.01984269071122152,0.024429293368824007,75
16,Environment,1,0.0004778011786354258,0.01984269071122152,0.020320491889856945,75
16,Environment,2,0.0048568397861220025,0.01984269071122152,0.02469953049734352,75
16,Environment,3,0.004918020848724055,0.01984269071122152,0.024760711559945574,75
16,Environment,4,0.004734780507270216,0.01984269071122152,0.024577471218491735,75
16,Environment,5,0.003499943461220262,0.01984269071122152,0.02334263417244178,75
16,Environment,6,0.0015373930645405341,0.01984269071122152,0.021380083775762053,75
16,Environment,7,0.004403123474720303,0.01984269071122152,0.024245814185941822,75
16,Environment,8,0.006318751184941754,0.01984269071122152,0.026161441896163273,75
16,Environment,9,0.003679712646307901,0.01984269071122152,0.02352240335752942,75
16,Species,0,0.020963988651833246,0.01984269071122152,0.040806679363054765,75
16,Species,1,0.01919044254113547,0.01984269071122152,0.03903313325235699,75
16,Species,2,0.015274785714285626,0.01984269071122152,0.035117476425507145,75
16,Species,3,0.012267420828437053,0.01984269071122152,0.03211011153965857,75
16,Species,4,0.01734555405864972,0.01984269071122152,0.03718824476987124,75
16,Species,5,0.015138742060802794,0.01984269071122152,0.03498143277202431,75
16,Species,6,0.0140000901144906,0.01984269071122152,0.03384278082571212,75
16,Species,7,0.01778204276715804,0.01984269071122152,0.03762473347837956,75
16,Species,8,0.017595702837400164,0.01984269071122152,0.03743839354862168,75
16,Species,9,0.01849677900935533,0.01984269071122152,0.03833946972057685,75
16,AA requirements,0,0.002865873871079401,0.01984269071122152,0.02270856458230092,75
16,AA requirements,1,0.003825275133531779,0.01984269071122152,0.023667965844753298,75
16,AA requirements,2,0.0021362000959200267,0.01984269071122152,0.021978890807141545,75
16,AA requirements,3,0.0026563292348318543,0.01984269071122152,0.022499019946053373,75
16,AA requirements,4,0.004190836936080456,0.01984269071122152,0.024033527647301975,75
16,AA requirements,5,0.002958415881720272,0.01984269071122152,0.02280110659294179,75
16,AA requirements,6,0.002289062710881834,0.01984269071122152,0.022131753422103353,75
16,AA requirements,7,0.0028843544856178814,0.01984269071122152,0.0227270451968394,75
16,AA requirements,8,0.002671263958743071,0.01984269071122152,0.02251395466996459,75
16,AA requirements,9,0.004424114217366489,0.01984269071122152,0.024266804928588008,75
17,Auxotroph type,0,0.024611125401504917,0.03940965907799108,0.064020784479496,66
17,Auxotroph type,1,0.01754068387753485,0.03940965907799108,0.05695034295552593,66
17,Auxotroph type,2,0.023205535427597103,0.03940965907799108,0.06261519450558818,66
17,Auxotroph type,3,0.018954164059394707,0.03940965907799108,0.058363823137385785,66
17,Auxotroph type,4,0.01837226139389548,0.03940965907799108,0.05778192047188656,66
17,Auxotroph type,5,0.022476692352972005,0.03940965907799108,0.061886351430963084,66
17,Auxotroph type,6,0.02142808936375025,0.03940965907799108,0.06083774844174133,66
17,Auxotroph type,7,0.016950565189836647,0.03940965907799108,0.056360224267827726,66
17,Auxotroph type,8,0.018220883642870687,0.03940965907799108,0.057630542720861766,66
17,Auxotroph type,9,0.025886633286511952,0.03940965907799108,0.06529629236450303,66
17,Prototroph growth,0,0.01679060256461476,0.03940965907799108,0.05620026164260584,66
17,Prototroph growth,1,0.017159474001849466,0.03940965907799108,0.056569133079840545,66
17,Prototroph growth,2,0.016293519661996096,0.03940965907799108,0.055703178739987175,66
17,Prototroph growth,3,0.01765706191468714,0.03940965907799108,0.05706672099267822,66
17,Prototroph growth,4,0.019467958610980836,0.03940965907799108,0.058877617688971914,66
17,Prototroph growth,5,0.018214274892556864,0.03940965907799108,0.05762393397054794,66
17,Prototroph growth,6,0.014755630289216455,0.03940965907799108,0.054165289367207534,66
17,Prototroph growth,7,0.016416895499190585,0.03940965907799108,0.055826554577181664,66
17,Prototroph growth,8,0.01661553744351975,0.03940965907799108,0.05602519652151083,66
17,Prototroph growth,9,0.018148368649842428,0.03940965907799108,0.057558027727833506,66
17,Environment,0,0.010755553505221394,0.03940965907799108,0.05016521258321247,66
17,Environment,1,0.010521216194487558,0.03940965907799108,0.049930875272478636,66
17,Environment,2,0.01086639465752897,0.03940965907799108,0.05027605373552005,66
17,Environment,3,0.01433856306989463,0.03940965907799108,0.05374822214788571,66
17,Environment,4,0.011506189601121056,0.03940965907799108,0.050915848679112134,66
17,Environment,5,0.016892722962609935,0.03940965907799108,0.056302382040601014,66
17,Environment,6,0.008425350682813595,0.03940965907799108,0.047835009760804674,66
17,Environment,7,0.011776059807355972,0.03940965907799108,0.05118571888534705,66
17,Environment,8,0.010775673665664932,0.03940965907799108,0.05018533274365601,66
17,Environment,9,0.011795334575955212,0.03940965907799108,0.05120499365394629,66
17,Species,0,0.004176901902932427,0.03940965907799108,0.043586560980923506,66
17,Species,1,0.006556369683104864,0.03940965907799108,0.04596602876109594,66
17,Species,2,0.008408015410032867,0.03940965907799108,0.047817674488023945,66
17,Species,3,0.006706060466477919,0.03940965907799108,0.046115719544469,66
17,Species,4,0.0010295853740081157,0.03940965907799108,0.040439244451999194,66
17,Species,5,0.004844574281198291,0.03940965907799108,0.04425423335918937,66
17,Species,6,0.0005570020024657785,0.03940965907799108,0.03996666108045686,66
17,Species,7,0.011349101628171203,0.03940965907799108,0.05075876070616228,66
17,Species,8,0.006580235367076283,0.03940965907799108,0.04598989444506736,66
17,Species,9,0.007498536070064572,0.03940965907799108,0.04690819514805565,66
17,AA requirements,0,0.002847347506429572,0.03940965907799108,0.04225700658442065,66
17,AA requirements,1,0.0022434219310178624,0.03940965907799108,0.04165308100900894,66
17,AA requirements,2,0.0033006667052804736,0.03940965907799108,0.04271032578327155,66
17,AA requirements,3,0.002438573382345266,0.03940965907799108,0.041848232460336345,66
17,AA requirements,4,0.0026058337721891825,0.03940965907799108,0.04201549285018026,66
17,AA requirements,5,0.004221812897577455,0.03940965907799108,0.043631471975568534,66
17,AA requirements,6,0.0029050484674620347,0.03940965907799108,0.04231470754545311,66
17,AA requirements,7,0.0033009478307834544,0.03940965907799108,0.04271060690877453,66
17,AA requirements,8,0.003983281819822208,0.03940965907799108,0.04339294089781329,66
17,AA requirements,9,0.00293961323984452,0.03940965907799108,0.0423492723178356,66
18,Auxotroph type,0,0.0038196577774247953,0.01937264893152993,0.023192306708954724,57
18,Auxotroph type,1,0.007511220084520903,0.01937264893152993,0.026883869016050832,57
18,Auxotroph type,2,0.005956815699182862,0.01937264893152993,0.02532946463071279,57
18,Auxotroph type,3,0.007157447342290197,0.01937264893152993,0.026530096273820126,57
18,Auxotroph type,4,0.008586647349004169,0.01937264893152993,0.027959296280534097,57
18,Auxotroph type,5,0.0035306753538967388,0.01937264893152993,0.022903324285426668,57
18,Auxotroph type,6,0.006103382219547201,0.01937264893152993,0.02547603115107713,57
18,Auxotroph type,7,0.007359556306047149,0.01937264893152993,0.026732205237577078,57
18,Auxotroph type,8,0.009195639806225547,0.01937264893152993,0.028568288737755475,57
18,Auxotroph type,9,0.006524414384636173,0.01937264893152993,0.0258970633161661,57
18,Prototroph growth,0,0.006610917048761534,0.01937264893152993,0.025983565980291463,57
18,Prototroph growth,1,0.0074777862546528615,0.01937264893152993,0.02685043518618279,57
18,Prototroph growth,2,0.008727963572728654,0.01937264893152993,0.028100612504258583,57
18,Prototroph growth,3,0.011162326606256323,0.01937264893152993,0.030534975537786252,57
18,Prototroph growth,4,0.011879257434122166,0.01937264893152993,0.031251906365652095,57
18,Prototroph growth,5,0.007015009388891737,0.01937264893152993,0.026387658320421666,57
18,Prototroph growth,6,0.00926763079096466,0.01937264893152993,0.02864027972249459,57
18,Prototroph growth,7,0.006077451619124919,0.01937264893152993,0.025450100550654848,57
18,Prototroph growth,8,0.005219824062820962,0.01937264893152993,0.02459247299435089,57
18,Prototroph growth,9,0.0009511098277409716,0.01937264893152993,0.0203237587592709,57
18,Environment,0,0.009510170244702052,0.01937264893152993,0.02888281917623198,57
18,Environment,1,0.0031639415067559185,0.01937264893152993,0.022536590438285847,57
18,Environment,2,0.005196659408464505,0.01937264893152993,0.024569308339994433,57
18,Environment,3,0.00599604279022866,0.01937264893152993,0.02536869172175859,57
18,Environment,4,0.004589357638061373,0.01937264893152993,0.023962006569591302,57
18,Environment,5,0.0059060744631098325,0.01937264893152993,0.02527872339463976,57
18,Environment,6,0.0043386847582244335,0.01937264893152993,0.023711333689754362,57
18,Environment,7,0.007216884180141735,0.01937264893152993,0.026589533111671664,57
18,Environment,8,0.008156955594510351,0.01937264893152993,0.02752960452604028,57
18,Environment,9,0.005898137758015485,0.01937264893152993,0.025270786689545414,57
18,Species,0,0.0038046919788700673,0.01937264893152993,0.023177340910399996,57
18,Species,1,0.009967294706582402,0.01937264893152993,0.02933994363811233,57
18,Species,2,0.007517281393778288,0.01937264893152993,0.026889930325308217,57
18,Species,3,0.010982911706482988,0.01937264893152993,0.030355560638012917,57
18,Species,4,0.005279931721517278,0.01937264893152993,0.024652580653047207,57
18,Species,5,0.00842155192513595,0.01937264893152993,0.02779420085666588,57
18,Species,6,0.010998035761516312,0.01937264893152993,0.03037068469304624,57
18,Species,7,0.0068651999328848,0.01937264893152993,0.02623784886441473,57
18,Species,8,0.013059384045910068,0.01937264893152993,0.032432032977439997,57
18,Species,9,0.01114245200414744,0.01937264893152993,0.03051510093567737,57
18,AA requirements,0,0.0008441570985482302,0.01937264893152993,0.02021680603007816,57
18,AA requirements,1,0.0038088009538641623,0.01937264893152993,0.02318144988539409,57
18,AA requirements,2,0.0024692596544508352,0.01937264893152993,0.021841908585980764,57
18,AA requirements,3,0.00319252829173005,0.01937264893152993,0.02256517722325998,57
18,AA requirements,4,0.0028144716874665757,0.01937264893152993,0.022187120618996505,57
18,AA requirements,5,0.003737100868504522,0.01937264893152993,0.02310974980003445,57
18,AA requirements,6,0.002375854993507384,0.01937264893152993,0.021748503925037313,57
18,AA requirements,7,0.0040749530366051175,0.01937264893152993,0.023447601968135046,57
18,AA requirements,8,0.003505420349836988,0.01937264893152993,0.022878069281366917,57
18,AA requirements,9,0.0021330072955251453,0.01937264893152993,0.021505656227055074,57
19,Auxotroph type,0,0.010580851275526316,0.026024198934009302,0.03660505020953562,61
19,Auxotroph type,1,0.012433003080710821,0.026024198934009302,0.038457202014720124,61
19,Auxotroph type,2,0.01425376568722279,0.026024198934009302,0.04027796462123209,61
19,Auxotroph type,3,0.00779726453990549,0.026024198934009302,0.03382146347391479,61
19,Auxotroph type,4,0.011452673911825684,0.026024198934009302,0.03747687284583499,61
19,Auxotroph type,5,0.01083785598485321,0.026024198934009302,0.03686205491886251,61
19,Auxotroph type,6,0.01187960108970534,0.026024198934009302,0.03790380002371464,61
19,Auxotroph type,7,0.009263165638460257,0.026024198934009302,0.03528736457246956,61
19,Auxotroph type,8,0.010933829534369967,0.026024198934009302,0.03695802846837927,61
19,Auxotroph type,9,0.01103953045106176,0.026024198934009302,0.03706372938507106,61
19,Prototroph growth,0,0.0014857517594486433,0.026024198934009302,0.027509950693457946,61
19,Prototroph growth,1,0.0009715476784226372,0.026024198934009302,0.02699574661243194,61
19,Prototroph growth,2,0.000429958874720901,0.026024198934009302,0.026454157808730203,61
19,Prototroph growth,3,-0.00028564379877646026,0.026024198934009302,0.025738555135232842,61
19,Prototroph growth,4,0.0018689396895425654,0.026024198934009302,0.027893138623551868,61
19,Prototroph growth,5,0.0004940709494060322,0.026024198934009302,0.026518269883415335,61
19,Prototroph growth,6,0.0022977570877891623,0.026024198934009302,0.028321956021798465,61
19,Prototroph growth,7,-0.0010681587601775039,0.026024198934009302,0.0249560401738318,61
19,Prototroph growth,8,-0.0014165743654486057,0.026024198934009302,0.024607624568560697,61
19,Prototroph growth,9,0.0008405055844304989,0.026024198934009302,0.0268647045184398,61
19,Environment,0,-0.0002523940225184172,0.026024198934009302,0.025771804911490885,61
19,Environment,1,0.00016220992835238798,0.026024198934009302,0.02618640886236169,61
19,Environment,2,0.002652804892700762,0.026024198934009302,0.028677003826710065,61
19,Environment,3,-0.0019428846547845033,0.026024198934009302,0.0240813142792248,61
19,Environment,4,0.00021800569996377125,0.026024198934009302,0.026242204633973074,61
19,Environment,5,0.0013750577969572977,0.026024198934009302,0.0273992567309666,61
19,Environment,6,0.0009726653310942607,0.026024198934009302,0.026996864265103563,61
19,Environment,7,0.00046900395189028443,0.026024198934009302,0.026493202885899587,61
19,Environment,8,0.0034052288551784486,0.026024198934009302,0.02942942778918775,61
19,Environment,9,0.002503776807125886,0.026024198934009302,0.02852797574113519,61
19,Species,0,0.01860181915149132,0.026024198934009302,0.044626018085500624,61
19,Species,1,0.014746274968652624,0.026024198934009302,0.040770473902661926,61
19,Species,2,0.014416245597865213,0.026024198934009302,0.040440444531874516,61
19,Species,3,0.015017268197109478,0.026024198934009302,0.04104146713111878,61
19,Species,4,0.015245401266398697,0.026024198934009302,0.041269600200408,61
19,Species,5,0.009661701608174509,0.026024198934009302,0.03568590054218381,61
19,Species,6,0.01838781025335461,0.026024198934009302,0.04441200918736391,61
19,Species,7,0.017754619771123786,0.026024198934009302,0.04377881870513309,61
19,Species,8,0.010335044495434136,0.026024198934009302,0.03635924342944344,61
19,Species,9,0.01110285188619647,0.026024198934009302,0.03712705082020577,61
19,AA requirements,0,0.0027291831115483466,0.026024198934009302,0.02875338204555765,61
19,AA requirements,1,0.001430487575528494,0.026024198934009302,0.027454686509537796,61
19,AA requirements,2,0.003289894267364854,0.026024198934009302,0.029314093201374156,61
19,AA requirements,3,0.0008525579287682189,0.026024198934009302,0.02687675686277752,61
19,AA requirements,4,0.002853131276572555,0.026024198934009302,0.028877330210581857,61
19,AA requirements,5,0.0017991594566513502,0.026024198934009302,0.027823358390660653,61
19,AA requirements,6,0.00260657996886067,0.026024198934009302,0.028630778902869972,61
19,AA requirements,7,0.0014846233065403044,0.026024198934009302,0.027508822240549607,61
19,AA requirements,8,0.002115324981546797,0.026024198934009302,0.0281395239155561,61
19,AA requirements,9,0.002448214319736238,0.026024198934009302,0.02847241325374554,61
20,Auxotroph type,0,0.015087757431168913,0.0361926356133831,0.051280393044552015,80
20,Auxotroph type,1,0.013599338966163596,0.0361926356133831,0.0497919745795467,80
20,Auxotroph type,2,0.019207872776421477,0.0361926356133831,0.05540050838980458,80
20,Auxotroph type,3,0.017559058017342595,0.0361926356133831,0.0537516936307257,80
20,Auxotroph type,4,0.015744421531021673,0.0361926356133831,0.051937057144404775,80
20,Auxotroph type,5,0.0170771743936161,0.0361926356133831,0.0532698100069992,80
20,Auxotroph type,6,0.009301471904731337,0.0361926356133831,0.04549410751811444,80
20,Auxotroph type,7,0.015246218729090696,0.0361926356133831,0.0514388543424738,80
20,Auxotroph type,8,0.017090983306077723,0.0361926356133831,0.053283618919460825,80
20,Auxotroph type,9,0.012983106108432133,0.0361926356133831,0.049175741721815235,80
20,Prototroph growth,0,-0.002218894396376854,0.0361926356133831,0.03397374121700625,80
20,Prototroph growth,1,0.005829188564369973,0.0361926356133831,0.042021824177753075,80
20,Prototroph growth,2,-0.0012400821152311267,0.0361926356133831,0.034952553498151975,80
20,Prototroph growth,3,-0.0011647439406721125,0.0361926356133831,0.03502789167271099,80
20,Prototroph growth,4,-0.0004800548012982575,0.0361926356133831,0.035712580812084845,80
20,Prototroph growth,5,0.006858225698113361,0.0361926356133831,0.04305086131149646,80
20,Prototroph growth,6,0.003877530842229339,0.0361926356133831,0.04007016645561244,80
20,Prototroph growth,7,-0.002006937594045237,0.0361926356133831,0.034185698019337865,80
20,Prototroph growth,8,-0.00011659658068667589,0.0361926356133831,0.036076039032696426,80
20,Prototroph growth,9,-0.0022128521007016844,0.0361926356133831,0.03397978351268142,80
20,Environment,0,0.005177990989036964,0.0361926356133831,0.041370626602420066,80
20,Environment,1,0.004871498495314493,0.0361926356133831,0.041064134108697595,80
20,Environment,2,0.002570896690619058,0.0361926356133831,0.03876353230400216,80
20,Environment,3,0.004892918763594656,0.0361926356133831,0.04108555437697776,80
20,Environment,4,0.005273045001152207,0.0361926356133831,0.04146568061453531,80
20,Environment,5,0.0013447901911742138,0.0361926356133831,0.037537425804557316,80
20,Environment,6,0.004642138680116148,0.0361926356133831,0.04083477429349925,80
20,Environment,7,0.006820433334255263,0.0361926356133831,0.043013068947638365,80
20,Environment,8,0.004422017121115195,0.0361926356133831,0.0406146527344983,80
20,Environment,9,0.00019238757197346384,0.0361926356133831,0.036385023185356566,80
20,Species,0,0.018790588279938215,0.0361926356133831,0.05498322389332132,80
20,Species,1,0.01934912328916883,0.0361926356133831,0.05554175890255193,80
20,Species,2,0.011229683627540725,0.0361926356133831,0.04742231924092383,80
20,Species,3,0.011490458886589956,0.0361926356133831,0.04768309449997306,80
20,Species,4,0.01766978167701653,0.0361926356133831,0.05386241729039963,80
20,Species,5,0.01401646708519795,0.0361926356133831,0.05020910269858105,80
20,Species,6,0.01420090763858537,0.0361926356133831,0.05039354325196847,80
20,Species,7,0.018903238954831182,0.0361926356133831,0.055095874568214284,80
20,Species,8,0.009486109873780131,0.0361926356133831,0.04567874548716323,80
20,Species,9,0.019986031946436056,0.0361926356133831,0.05617866755981916,80
20,AA requirements,0,0.0014448841629735934,0.0361926356133831,0.037637519776356695,80
20,AA requirements,1,0.0023065026190024485,0.0361926356133831,0.03849913823238555,80
20,AA requirements,2,0.00023934062853082916,0.0361926356133831,0.03643197624191393,80
20,AA requirements,3,0.0003700220486892933,0.0361926356133831,0.036562657662072395,80
20,AA requirements,4,-0.0006559223461324593,0.0361926356133831,0.03553671326725064,80
20,AA requirements,5,0.002084601905376085,0.0361926356133831,0.03827723751875919,80
20,AA requirements,6,0.000381957357469917,0.0361926356133831,0.03657459297085302,80
20,AA requirements,7,0.0019539728988922853,0.0361926356133831,0.03814660851227539,80
20,AA requirements,8,0.0018323528501139885,0.0361926356133831,0.03802498846349709,80
20,AA requirements,9,0.0019446675213988657,0.0361926356133831,0.03813730313478197,80
21,Auxotroph type,0,0.015913079628822907,0.05627206707854959,0.0721851467073725,81
21,Auxotroph type,1,0.014074924158768973,0.05627206707854959,0.07034699123731857,81
21,Auxotroph type,2,0.016216521991838803,0.05627206707854959,0.0724885890703884,81
21,Auxotroph type,3,0.015881873748322187,0.05627206707854959,0.07215394082687178,81
21,Auxotroph type,4,0.016048938682588804,0.05627206707854959,0.0723210057611384,81
21,Auxotroph type,5,0.020175416368117746,0.05627206707854959,0.07644748344666734,81
21,Auxotroph type,6,0.01408203932394228,0.05627206707854959,0.07035410640249187,81
21,Auxotroph type,7,0.01542154417808611,0.05627206707854959,0.0716936112566357,81
21,Auxotroph type,8,0.011886690132199326,0.05627206707854959,0.06815875721074892,81
21,Auxotroph type,9,0.019683083971606286,0.05627206707854959,0.07595515105015588,81
21,Prototroph growth,0,0.007122498118022139,0.05627206707854959,0.06339456519657173,81
21,Prototroph growth,1,0.00826542530823099,0.05627206707854959,0.06453749238678058,81
21,Prototroph growth,2,0.009339453287855973,0.05627206707854959,0.06561152036640557,81
21,Prototroph growth,3,0.0020358855992874403,0.05627206707854959,0.05830795267783703,81
21,Prototroph growth,4,0.0055865655757941154,0.05627206707854959,0.06185863265434371,81
21,Prototroph growth,5,0.004900099183957757,0.05627206707854959,0.06117216626250735,81
21,Prototroph growth,6,0.006287039209247738,0.05627206707854959,0.06255910628779733,81
21,Prototroph growth,7,0.009699899231247047,0.05627206707854959,0.06597196630979664,81
21,Prototroph growth,8,0.005046966634648854,0.05627206707854959,0.06131903371319845,81
21,Prototroph growth,9,0.007755518809435605,0.05627206707854959,0.0640275858879852,81
21,Environment,0,0.006172747352013799,0.05627206707854959,0.06244481443056339,81
21,Environment,1,0.007230610733736556,0.05627206707854959,0.06350267781228615,81
21,Environment,2,0.010704523393890553,0.05627206707854959,0.06697659047244015,81
21,Environment,3,0.0062519484098444295,0.05627206707854959,0.06252401548839402,81
21,Environment,4,0.010120084677335273,0.05627206707854959,0.06639215175588487,81
21,Environment,5,0.010369064142399118,0.05627206707854959,0.06664113122094871,81
21,Environment,6,0.0044386561423958235,0.05627206707854959,0.060710723220945416,81
21,Environment,7,0.007848835124808135,0.05627206707854959,0.06412090220335773,81
21,Environment,8,0.010129578820878532,0.05627206707854959,0.06640164589942812,81
21,Environment,9,0.006622384820022642,0.05627206707854959,0.06289445189857223,81
21,Species,0,0.013183312399155128,0.05627206707854959,0.06945537947770472,81
21,Species,1,0.01541163101257785,0.05627206707854959,0.07168369809112744,81
21,Species,2,0.013299111018729978,0.05627206707854959,0.06957117809727957,81
21,Species,3,0.012697244670613228,0.05627206707854959,0.06896931174916282,81
21,Species,4,0.011309437503645797,0.05627206707854959,0.06758150458219539,81
21,Species,5,0.011819163660218637,0.05627206707854959,0.06809123073876823,81
21,Species,6,0.00989526029387526,0.05627206707854959,0.06616732737242485,81
21,Species,7,0.011607379756045061,0.05627206707854959,0.06787944683459465,81
21,Species,8,0.014378938022617749,0.05627206707854959,0.07065100510116734,81
21,Species,9,0.015260379224918783,0.05627206707854959,0.07153244630346837,81
21,AA requirements,0,0.004163873993261034,0.05627206707854959,0.06043594107181063,81
21,AA requirements,1,0.004126333155763794,0.05627206707854959,0.060398400234313386,81
21,AA requirements,2,0.004356765493289817,0.05627206707854959,0.06062883257183941,81
21,AA requirements,3,0.0037291459256576995,0.05627206707854959,0.06000121300420729,81
21,AA requirements,4,0.004945466802468955,0.05627206707854959,0.06121753388101855,81
21,AA requirements,5,0.003949867553398809,0.05627206707854959,0.0602219346319484,81
21,AA requirements,6,0.004561725757072789,0.05627206707854959,0.06083379283562238,81
21,AA requirements,7,0.0030814341023430655,0.05627206707854959,0.05935350118089266,81
21,AA requirements,8,0.0050419584782874435,0.05627206707854959,0.061314025556837036,81
21,AA requirements,9,0.0038013305814197165,0.05627206707854959,0.06007339765996931,81
22,Auxotroph type,0,0.012077617571051497,0.023004574588006484,0.03508219215905798,71
22,Auxotroph type,1,0.012054423860807476,0.023004574588006484,0.03505899844881396,71
22,Auxotroph type,2,0.007823673221452488,0.023004574588006484,0.03082824780945897,71
22,Auxotroph type,3,0.007735650567215414,0.023004574588006484,0.030740225155221897,71
22,Auxotroph type,4,0.011869982907718082,0.023004574588006484,0.034874557495724566,71
22,Auxotroph type,5,0.005826963751567299,0.023004574588006484,0.028831538339573783,71
22,Auxotroph type,6,0.011575606030625726,0.023004574588006484,0.03458018061863221,71
22,Auxotroph type,7,0.006788435445691229,0.023004574588006484,0.029793010033697713,71
22,Auxotroph type,8,0.008378098081418393,0.023004574588006484,0.03138267266942488,71
22,Auxotroph type,9,0.007961123856479534,0.023004574588006484,0.030965698444486017,71
22,Prototroph growth,0,-0.0002612383411492204,0.023004574588006484,0.022743336246857263,71
22,Prototroph growth,1,-0.0008469707523221584,0.023004574588006484,0.022157603835684325,71
22,Prototroph growth,2,0.0005002611758568136,0.023004574588006484,0.023504835763863297,71
22,Prototroph growth,3,0.0002980526819423186,0.023004574588006484,0.023302627269948802,71
22,Prototroph growth,4,0.0006146875347970426,0.023004574588006484,0.023619262122803526,71
22,Prototroph growth,5,0.0021642836491932715,0.023004574588006484,0.025168858237199755,71
22,Prototroph growth,6,0.0026733421706251967,0.023004574588006484,0.02567791675863168,71
22,Prototroph growth,7,0.0008423286425425225,0.023004574588006484,0.023846903230549006,71
22,Prototroph growth,8,0.000437528632601443,0.023004574588006484,0.023442103220607927,71
22,Prototroph growth,9,-0.00017028198460553035,0.023004574588006484,0.022834292603400953,71
22,Environment,0,0.006803374088695965,0.023004574588006484,0.02980794867670245,71
22,Environment,1,0.005134782277022049,0.023004574588006484,0.028139356865028532,71
22,Environment,2,0.00646317534865954,0.023004574588006484,0.029467749936666024,71
22,Environment,3,0.006637439718367142,0.023004574588006484,0.029642014306373626,71
22,Environment,4,0.009151215660988823,0.023004574588006484,0.03215579024899531,71
22,Environment,5,0.008112909186961653,0.023004574588006484,0.031117483774968136,71
22,Environment,6,0.0031672518325202084,0.023004574588006484,0.026171826420526692,71
22,Environment,7,0.006042007595463864,0.023004574588006484,0.029046582183470348,71
22,Environment,8,0.00467144663782168,0.023004574588006484,0.027676021225828164,71
22,Environment,9,0.0059114183043258856,0.023004574588006484,0.02891599289233237,71
22,Species,0,0.013982561574932398,0.023004574588006484,0.03698713616293888,71
22,Species,1,0.007560605038810789,0.023004574588006484,0.030565179626817273,71
22,Species,2,0.01865988926393629,0.023004574588006484,0.04166446385194277,71
22,Species,3,0.018277975615929594,0.023004574588006484,0.04128255020393608,71
22,Species,4,0.009761098789384609,0.023004574588006484,0.03276567337739109,71
22,Species,5,0.009856110187106422,0.023004574588006484,0.032860684775112906,71
22,Species,6,0.015163338218743681,0.023004574588006484,0.038167912806750165,71
22,Species,7,0.016142679809833832,0.023004574588006484,0.039147254397840316,71
22,Species,8,0.018817980234430223,0.023004574588006484,0.04182255482243671,71
22,Species,9,0.013415986247601826,0.023004574588006484,0.03642056083560831,71
22,AA requirements,0,0.0014813547054394194,0.023004574588006484,0.024485929293445903,71
22,AA requirements,1,0.001028214645839888,0.023004574588006484,0.02403278923384637,71
22,AA requirements,2,0.0014044664668548604,0.023004574588006484,0.024409041054861344,71
22,AA requirements,3,0.0016744782436128973,0.023004574588006484,0.02467905283161938,71
22,AA requirements,4,0.0018973067803964884,0.023004574588006484,0.024901881368402972,71
22,AA requirements,5,0.0014657296324289346,0.023004574588006484,0.024470304220435418,71
22,AA requirements,6,0.0019451013668414924,0.023004574588006484,0.024949675954847976,71
22,AA requirements,7,0.0015745685191290194,0.023004574588006484,0.024579143107135503,71
22,AA requirements,8,0.0015833140859447432,0.023004574588006484,0.024587888673951227,71
22,AA requirements,9,0.001694559672335269,0.023004574588006484,0.024699134260341753,71
23,Auxotroph type,0,0.007595714602987105,0.02694490049992337,0.034540615102910475,95
23,Auxotroph type,1,0.008877714492760074,0.02694490049992337,0.035822614992683445,95
23,Auxotroph type,2,0.00806816400691188,0.02694490049992337,0.03501306450683525,95
23,Auxotroph type,3,0.00874817463376697,0.02694490049992337,0.03569307513369034,95
23,Auxotroph type,4,0.00672395046459601,0.02694490049992337,0.03366885096451938,95
23,Auxotroph type,5,0.007324633360104391,0.02694490049992337,0.03426953386002776,95
23,Auxotroph type,6,0.006095348253785073,0.02694490049992337,0.033040248753708444,95
23,Auxotroph type,7,0.007580652351553325,0.02694490049992337,0.034525552851476696,95
23,Auxotroph type,8,0.008735889996671502,0.02694490049992337,0.03568079049659487,95
23,Auxotroph type,9,0.005234850117848775,0.02694490049992337,0.032179750617772146,95
23,Prototroph growth,0,0.004241739403665339,0.02694490049992337,0.03118663990358871,95
23,Prototroph growth,1,0.0028691661069914186,0.02694490049992337,0.02981406660691479,95
23,Prototroph growth,2,0.003941722160395109,0.02694490049992337,0.03088662266031848,95
23,Prototroph growth,3,0.005423866254468241,0.02694490049992337,0.03236876675439161,95
23,Prototroph growth,4,0.0037375678866567556,0.02694490049992337,0.030682468386580126,95
23,Prototroph growth,5,0.0019575580972961623,0.02694490049992337,0.028902458597219533,95
23,Prototroph growth,6,0.004433022991538232,0.02694490049992337,0.0313779234914616,95
23,Prototroph growth,7,0.004031156604893667,0.02694490049992337,0.03097605710481704,95
23,Prototroph growth,8,0.0039317403803383714,0.02694490049992337,0.030876640880261742,95
23,Prototroph growth,9,0.0045033858685059915,0.02694490049992337,0.03144828636842936,95
23,Environment,0,0.0044002006547579665,0.02694490049992337,0.03134510115468134,95
23,Environment,1,0.0037980782168759164,0.02694490049992337,0.030742978716799287,95
23,Environment,2,0.0037241732101484584,0.02694490049992337,0.03066907371007183,95
23,Environment,3,0.002866056653369295,0.02694490049992337,0.029810957153292666,95
23,Environment,4,0.003386075575821667,0.02694490049992337,0.030330976075745038,95
23,Environment,5,0.002886782009181476,0.02694490049992337,0.029831682509104847,95
23,Environment,6,0.005968377122145655,0.02694490049992337,0.032913277622069026,95
23,Environment,7,0.0042258051023948,0.02694490049992337,0.03117070560231817,95
23,Environment,8,0.00336407152232579,0.02694490049992337,0.03030897202224916,95
23,Environment,9,0.0050860688531019806,0.02694490049992337,0.03203096935302535,95
23,Species,0,0.006320252374474377,0.02694490049992337,0.03326515287439775,95
23,Species,1,0.008412241907623175,0.02694490049992337,0.035357142407546546,95
23,Species,2,0.004020826939015388,0.02694490049992337,0.03096572743893876,95
23,Species,3,0.00879565632316236,0.02694490049992337,0.03574055682308573,95
23,Species,4,0.003176817059423045,0.02694490049992337,0.030121717559346416,95
23,Species,5,0.010582681617726606,0.02694490049992337,0.03752758211764998,95
23,Species,6,0.004143224988560235,0.02694490049992337,0.031088125488483605,95
23,Species,7,0.01247194955862763,0.02694490049992337,0.039416850058551,95
23,Species,8,0.008479305262107325,0.02694490049992337,0.035424205762030696,95
23,Species,9,0.007749047793230223,0.02694490049992337,0.034693948293153594,95
23,AA requirements,0,0.0020952997158365377,0.02694490049992337,0.02904020021575991,95
23,AA requirements,1,0.0027042410028197093,0.02694490049992337,0.02964914150274308,95
23,AA requirements,2,0.001780458514423721,0.02694490049992337,0.028725359014347092,95
23,AA requirements,3,0.0017800836283219483,0.02694490049992337,0.02872498412824532,95
23,AA requirements,4,0.0012030069286877547,0.02694490049992337,0.028147907428611126,95
23,AA requirements,5,0.0022513921008685787,0.02694490049992337,0.02919629260079195,95
23,AA requirements,6,0.003144888066150927,0.02694490049992337,0.030089788566074298,95
23,AA requirements,7,0.003545935463602941,0.02694490049992337,0.03049083596352631,95
23,AA requirements,8,0.003943523544003583,0.02694490049992337,0.030888424043926953,95
23,AA requirements,9,0.002035828459108161,0.02694490049992337,0.028980728959031532,95
24,Auxotroph type,0,0.02058831400479519,0.021967356070801483,0.04255567007559667,95
24,Auxotroph type,1,0.017287312237385534,0.021967356070801483,0.03925466830818702,95
24,Auxotroph type,2,0.013441342825448309,0.021967356070801483,0.03540869889624979,95
24,Auxotroph type,3,0.01788373725019888,0.021967356070801483,0.03985109332100036,95
24,Auxotroph type,4,0.01556031982618445,0.021967356070801483,0.03752767589698593,95
24,Auxotroph type,5,0.021597554344090684,0.021967356070801483,0.04356491041489217,95
24,Auxotroph type,6,0.021577843476523854,0.021967356070801483,0.04354519954732534,95
24,Auxotroph type,7,0.015568824150541845,0.021967356070801483,0.03753618022134333,95
24,Auxotroph type,8,0.01739692645925167,0.021967356070801483,0.039364282530053155,95
24,Auxotroph type,9,0.024446863324923157,0.021967356070801483,0.04641421939572464,95
24,Prototroph growth,0,0.009708257566309345,0.021967356070801483,0.03167561363711083,95
24,Prototroph growth,1,0.00669167416985798,0.021967356070801483,0.028659030240659463,95
24,Prototroph growth,2,0.005586689548457629,0.021967356070801483,0.027554045619259112,95
24,Prototroph growth,3,0.010991224172008325,0.021967356070801483,0.03295858024280981,95
24,Prototroph growth,4,0.008952422471743719,0.021967356070801483,0.0309197785425452,95
24,Prototroph growth,5,0.007105173451870474,0.021967356070801483,0.029072529522671958,95
24,Prototroph growth,6,0.009697965654440449,0.021967356070801483,0.03166532172524193,95
24,Prototroph growth,7,0.00953702064359406,0.021967356070801483,0.03150437671439554,95
24,Prototroph growth,8,0.010085704226742064,0.021967356070801483,0.03205306029754355,95
24,Prototroph growth,9,0.012070756002177552,0.021967356070801483,0.034038112072979035,95
24,Environment,0,0.009014601839530647,0.021967356070801483,0.03098195791033213,95
24,Environment,1,0.011071612468754925,0.021967356070801483,0.03303896853955641,95
24,Environment,2,0.010364504291111874,0.021967356070801483,0.03233186036191336,95
24,Environment,3,0.01288250983582273,0.021967356070801483,0.034849865906624214,95
24,Environment,4,0.008565461056421062,0.021967356070801483,0.030532817127222545,95
24,Environment,5,0.01309497095920472,0.021967356070801483,0.0350623270300062,95
24,Environment,6,0.014029089095405768,0.021967356070801483,0.03599644516620725,95
24,Environment,7,0.010324670419635404,0.021967356070801483,0.03229202649043689,95
24,Environment,8,0.011513249084607095,0.021967356070801483,0.03348060515540858,95
24,Environment,9,0.01209773065824516,0.021967356070801483,0.034065086729046644,95
24,Species,0,0.0006667890623457684,0.021967356070801483,0.02263414513314725,95
24,Species,1,0.0005432574784267237,0.021967356070801483,0.022510613549228207,95
24,Species,2,0.0038553864866851355,0.021967356070801483,0.02582274255748662,95
24,Species,3,0.001699923873747615,0.021967356070801483,0.023667279944549098,95
24,Species,4,0.004046340220007973,0.021967356070801483,0.026013696290809456,95
24,Species,5,-0.00014010791885594315,0.021967356070801483,0.02182724815194554,95
24,Species,6,0.0011351150014004378,0.021967356070801483,0.02310247107220192,95
24,Species,7,0.008817161809500082,0.021967356070801483,0.030784517880301565,95
24,Species,8,0.003720301158354738,0.021967356070801483,0.02568765722915622,95
24,Species,9,0.0043599627787010535,0.021967356070801483,0.026327318849502537,95
24,AA requirements,0,0.0007108906457396272,0.021967356070801483,0.02267824671654111,95
24,AA requirements,1,0.0012464537225445257,0.021967356070801483,0.02321380979334601,95
24,AA requirements,2,0.0009421378780517485,0.021967356070801483,0.02290949394885323,95
24,AA requirements,3,0.0016354431693675932,0.021967356070801483,0.023602799240169076,95
24,AA requirements,4,0.0006923250380874886,0.021967356070801483,0.02265968110888897,95
24,AA requirements,5,0.000474675077336794,0.021967356070801483,0.022442031148138277,95
24,AA requirements,6,0.0006763563362172445,0.021967356070801483,0.022643712407018728,95
24,AA requirements,7,0.0006158845083351384,0.021967356070801483,0.02258324057913662,95
24,AA requirements,8,0.0006948321577597526,0.021967356070801483,0.022662188228561236,95
24,AA requirements,9,0.000721655536721131,0.021967356070801483,0.022689011607522614,95
25,Auxotroph type,0,0.010794516588473822,0.036680345878269224,0.04747486246674305,71
25,Auxotroph type,1,0.011954374281094027,0.036680345878269224,0.04863472015936325,71
25,Auxotroph type,2,0.008209495849638912,0.036680345878269224,0.044889841727908136,71
25,Auxotroph type,3,0.009810170905185475,0.036680345878269224,0.0464905167834547,71
25,Auxotroph type,4,0.007973407768389826,0.036680345878269224,0.04465375364665905,71
25,Auxotroph type,5,0.011299091045188385,0.036680345878269224,0.04797943692345761,71
25,Auxotroph type,6,0.008140125807646996,0.036680345878269224,0.04482047168591622,71
25,Auxotroph type,7,0.01032526682402389,0.036680345878269224,0.047005612702293115,71
25,Auxotroph type,8,0.012377070874431961,0.036680345878269224,0.049057416752701186,71
25,Auxotroph type,9,0.008743907518296595,0.036680345878269224,0.04542425339656582,71
25,Prototroph growth,0,0.001535760220840364,0.036680345878269224,0.03821610609910959,71
25,Prototroph growth,1,0.0015538493190825828,0.036680345878269224,0.03823419519735181,71
25,Prototroph growth,2,-0.002439672634235751,0.036680345878269224,0.03424067324403347,71
25,Prototroph growth,3,-0.001821211393279086,0.036680345878269224,0.03485913448499014,71
25,Prototroph growth,4,-0.0019444195173138404,0.036680345878269224,0.034735926360955384,71
25,Prototroph growth,5,-0.0017870335300701826,0.036680345878269224,0.03489331234819904,71
25,Prototroph growth,6,0.0004994318029488132,0.036680345878269224,0.03717977768121804,71
25,Prototroph growth,7,0.0025233345303838986,0.036680345878269224,0.03920368040865312,71
25,Prototroph growth,8,-0.0027353791434908473,0.036680345878269224,0.03394496673477838,71
25,Prototroph growth,9,-0.0006167794748008423,0.036680345878269224,0.03606356640346838,71
25,Environment,0,-0.0009952003496785863,0.036680345878269224,0.03568514552859064,71
25,Environment,1,0.0021248362393619866,0.036680345878269224,0.03880518211763121,71
25,Environment,2,0.00045410846853552456,0.036680345878269224,0.03713445434680475,71
25,Environment,3,0.0018504202683489318,0.036680345878269224,0.038530766146618156,71
25,Environment,4,0.001495266066440272,0.036680345878269224,0.038175611944709496,71
25,Environment,5,-0.00010608059341210563,0.036680345878269224,0.03657426528485712,71
25,Environment,6,0.0020797511485125333,0.036680345878269224,0.03876009702678176,71
25,Environment,7,-0.001292857600558077,0.036680345878269224,0.03538748827771115,71
25,Environment,8,0.0026281568355635623,0.036680345878269224,0.03930850271383279,71
25,Environment,9,-0.002250738535328277,0.036680345878269224,0.03442960734294095,71
25,Species,0,0.007828228657130863,0.036680345878269224,0.04450857453540009,71
25,Species,1,0.009702284130620922,0.036680345878269224,0.04638263000889015,71
25,Species,2,0.0047880664597540895,0.036680345878269224,0.041468412338023314,71
25,Species,3,0.00572349344577177,0.036680345878269224,0.042403839324040994,71
25,Species,4,0.007078507425435858,0.036680345878269224,0.04375885330370508,71
25,Species,5,0.007584414210508275,0.036680345878269224,0.0442647600887775,71
25,Species,6,0.0062419105067842776,0.036680345878269224,0.0429222563850535,71
25,Species,7,0.004804030643384867,0.036680345878269224,0.04148437652165409,71
25,Species,8,0.007210529430023135,0.036680345878269224,0.04389087530829236,71
25,Species,9,0.007980974529379091,0.036680345878269224,0.044661320407648315,71
25,AA requirements,0,0.003014863978471276,0.036680345878269224,0.0396952098567405,71
25,AA requirements,1,0.0030679099143790384,0.036680345878269224,0.03974825579264826,71
25,AA requirements,2,0.0030477485119531356,0.036680345878269224,0.03972809439022236,71
25,AA requirements,3,0.00340681923029193,0.036680345878269224,0.040087165108561154,71
25,AA requirements,4,0.00411051655541602,0.036680345878269224,0.040790862433685245,71
25,AA requirements,5,0.004959322425104086,0.036680345878269224,0.04163966830337331,71
25,AA requirements,6,0.003014889491902116,0.036680345878269224,0.03969523537017134,71
25,AA requirements,7,0.0051953205026066054,0.036680345878269224,0.04187566638087583,71
25,AA requirements,8,0.003285937475853269,0.036680345878269224,0.039966283354122493,71
25,AA requirements,9,0.004792848255726984,0.036680345878269224,0.04147319413399621,71
26,Auxotroph type,0,0.009228107958560848,0.0465998773607018,0.05582798531926265,90
26,Auxotroph type,1,0.0076671329884727135,0.0465998773607018,0.05426701034917451,90
26,Auxotroph type,2,0.010074837245569089,0.0465998773607018,0.05667471460627089,90
26,Auxotroph type,3,0.01044662947057079,0.0465998773607018,0.05704650683127259,90
26,Auxotroph type,4,0.007188117936360705,0.0465998773607018,0.053787995297062505,90
26,Auxotroph type,5,0.006836880007011964,0.0465998773607018,0.053436757367713764,90
26,Auxotroph type,6,0.012926966444864268,0.0465998773607018,0.05952684380556607,90
26,Auxotroph type,7,0.006048078981312301,0.0465998773607018,0.0526479563420141,90
26,Auxotroph type,8,0.008974081183561834,0.0465998773607018,0.055573958544263634,90
26,Auxotroph type,9,0.012631755233855672,0.0465998773607018,0.05923163259455747,90
26,Prototroph growth,0,0.0019460750065684596,0.0465998773607018,0.04854595236727026,90
26,Prototroph growth,1,0.004834517477815985,0.0465998773607018,0.051434394838517784,90
26,Prototroph growth,2,0.006312419698341634,0.0465998773607018,0.052912297059043434,90
26,Prototroph growth,3,0.008876438317536227,0.0465998773607018,0.055476315678238027,90
26,Prototroph growth,4,0.0035604854024582216,0.0465998773607018,0.05016036276316002,90
26,Prototroph growth,5,0.003765052520409602,0.0465998773607018,0.0503649298811114,90
26,Prototroph growth,6,0.006181262853969811,0.0465998773607018,0.05278114021467161,90
26,Prototroph growth,7,0.004454637333653366,0.0465998773607018,0.051054514694355166,90
26,Prototroph growth,8,0.0030011075337323598,0.0465998773607018,0.04960098489443416,90
26,Prototroph growth,9,0.006789251873420922,0.0465998773607018,0.05338912923412272,90
26,Environment,0,0.008940533938807407,0.0465998773607018,0.05554041129950921,90
26,Environment,1,0.006263875220731539,0.0465998773607018,0.05286375258143334,90
26,Environment,2,0.006409217419479217,0.0465998773607018,0.05300909478018102,90
26,Environment,3,0.007188446832036954,0.0465998773607018,0.053788324192738754,90
26,Environment,4,0.004941846667037161,0.0465998773607018,0.05154172402773896,90
26,Environment,5,0.007125568024468655,0.0465998773607018,0.053725445385170455,90
26,Environment,6,0.005477060388920742,0.0465998773607018,0.05207693774962254,90
26,Environment,7,0.0029650090793580594,0.0465998773607018,0.04956488644005986,90
26,Environment,8,0.004688826859429271,0.0465998773607018,0.05128870422013107,90
26,Environment,9,0.006616478032869737,0.0465998773607018,0.053216355393571536,90
26,Species,0,0.0,0.0465998773607018,0.0465998773607018,90
26,Species,1,0.0,0.0465998773607018,0.0465998773607018,90
26,Species,2,0.0,0.0465998773607018,0.0465998773607018,90
26,Species,3,0.0,0.0465998773607018,0.0465998773607018,90
26,Species,4,0.0,0.0465998773607018,0.0465998773607018,90
26,Species,5,0.0,0.0465998773607018,0.0465998773607018,90
26,Species,6,0.0,0.0465998773607018,0.0465998773607018,90
26,Species,7,0.0,0.0465998773607018,0.0465998773607018,90
26,Species,8,0.0,0.0465998773607018,0.0465998773607018,90
26,Species,9,0.0,0.0465998773607018,0.0465998773607018,90
26,AA requirements,0,0.0002677371490753186,0.0465998773607018,0.04686761450977712,90
26,AA requirements,1,-0.0005612917213366694,0.0465998773607018,0.04603858563936513,90
26,AA requirements,2,0.001204862295829709,0.0465998773607018,0.04780473965653151,90
26,AA requirements,3,0.00047510099481814366,0.0465998773607018,0.04707497835551994,90
26,AA requirements,4,-0.00010657687417022638,0.0465998773607018,0.04649330048653157,90
26,AA requirements,5,0.0003785325745222154,0.0465998773607018,0.046978409935224015,90
26,AA requirements,6,0.00031894786592214647,0.0465998773607018,0.046918825226623946,90
26,AA requirements,7,0.0011989693049002173,0.0465998773607018,0.04779884666560202,90
26,AA requirements,8,0.0007198639711917879,0.0465998773607018,0.04731974133189359,90
26,AA requirements,9,0.0011470365061658702,0.0465998773607018,0.04774691386686767,90
27,Auxotroph type,0,0.016213216599119968,0.010200746934740719,0.026413963533860687,71
27,Auxotroph type,1,0.01396747323647565,0.010200746934740719,0.024168220171216368,71
27,Auxotroph type,2,0.013935382812493135,0.010200746934740719,0.024136129747233854,71
27,Auxotroph type,3,0.013945339005429845,0.010200746934740719,0.024146085940170564,71
27,Auxotroph type,4,0.015805416601097428,0.010200746934740719,0.026006163535838147,71
27,Auxotroph type,5,0.016531463980845276,0.010200746934740719,0.026732210915585995,71
27,Auxotroph type,6,0.0170563801569209,0.010200746934740719,0.02725712709166162,71
27,Auxotroph type,7,0.013375576287608541,0.010200746934740719,0.02357632322234926,71
27,Auxotroph type,8,0.017384306260699225,0.010200746934740719,0.027585053195439944,71
27,Auxotroph type,9,0.01774094222939319,0.010200746934740719,0.02794168916413391,71
27,Prototroph growth,0,0.014480158636769862,0.010200746934740719,0.02468090557151058,71
27,Prototroph growth,1,0.012343439388733925,0.010200746934740719,0.022544186323474644,71
27,Prototroph growth,2,0.005005065827647596,0.010200746934740719,0.015205812762388315,71
27,Prototroph growth,3,0.012718308846595219,0.010200746934740719,0.022919055781335938,71
27,Prototroph growth,4,0.013565868202307728,0.010200746934740719,0.023766615137048447,71
27,Prototroph growth,5,0.012713743412476747,0.010200746934740719,0.022914490347217466,71
27,Prototroph growth,6,0.011160794353656696,0.010200746934740719,0.021361541288397415,71
27,Prototroph growth,7,0.009410225839675799,0.010200746934740719,0.019610972774416518,71
27,Prototroph growth,8,0.01330818081988789,0.010200746934740719,0.02350892775462861,71
27,Prototroph growth,9,0.0062037758704620236,0.010200746934740719,0.016404522805202743,71
27,Environment,0,0.010810757421202351,0.010200746934740719,0.02101150435594307,71
27,Environment,1,0.0131010997538746,0.010200746934740719,0.02330184668861532,71
27,Environment,2,0.014626186968087797,0.010200746934740719,0.024826933902828516,71
27,Environment,3,0.01690413609733549,0.010200746934740719,0.02710488303207621,71
27,Environment,4,0.01412499288002287,0.010200746934740719,0.02432573981476359,71
27,Environment,5,0.012481369083400237,0.010200746934740719,0.022682116018140956,71
27,Environment,6,0.014204025703543934,0.010200746934740719,0.024404772638284652,71
27,Environment,7,0.012232316347685623,0.010200746934740719,0.022433063282426342,71
27,Environment,8,0.012381048077868741,0.010200746934740719,0.02258179501260946,71
27,Environment,9,0.011868729050476562,0.010200746934740719,0.02206947598521728,71
27,Species,0,0.022406789032985944,0.010200746934740719,0.03260753596772666,71
27,Species,1,0.025167476635790123,0.010200746934740719,0.03536822357053084,71
27,Species,2,0.02444377851954159,0.010200746934740719,0.03464452545428231,71
27,Species,3,0.021752473111758652,0.010200746934740719,0.03195322004649937,71
27,Species,4,0.030259980447392358,0.010200746934740719,0.04046072738213308,71
27,Species,5,0.027022530694274745,0.010200746934740719,0.037223277629015464,71
27,Species,6,0.02623756792814573,0.010200746934740719,0.03643831486288645,71
27,Species,7,0.026190500578747722,0.010200746934740719,0.03639124751348844,71
27,Species,8,0.027629102682828595,0.010200746934740719,0.037829849617569314,71
27,Species,9,0.022547224997070986,0.010200746934740719,0.032747971931811705,71
27,AA requirements,0,0.0024208773744421198,0.010200746934740719,0.012621624309182839,71
27,AA requirements,1,0.002571582003931011,0.010200746934740719,0.01277232893867173,71
27,AA requirements,2,0.001981386784101308,0.010200746934740719,0.012182133718842027,71
27,AA requirements,3,0.001810335585385351,0.010200746934740719,0.01201108252012607,71
27,AA requirements,4,0.0029834638537665735,0.010200746934740719,0.013184210788507292,71
27,AA requirements,5,0.0036679845048284403,0.010200746934740719,0.01386873143956916,71
27,AA requirements,6,0.0014778808083423366,0.010200746934740719,0.011678627743083056,71
27,AA requirements,7,0.0013354571318655029,0.010200746934740719,0.011536204066606222,71
27,AA requirements,8,0.002529290471490201,0.010200746934740719,0.01273003740623092,71
27,AA requirements,9,0.0029973722869996427,0.010200746934740719,0.013198119221740362,71
28,Auxotroph type,0,0.004872057754799271,0.03065069709069685,0.03552275484549612,76
28,Auxotroph type,1,0.0036259220210051596,0.03065069709069685,0.03427661911170201,76
28,Auxotroph type,2,0.004125634860950932,0.03065069709069685,0.03477633195164778,76
28,Auxotroph type,3,0.0022938088747991234,0.03065069709069685,0.032944505965495974,76
28,Auxotroph type,4,0.007546084091736696,0.03065069709069685,0.03819678118243355,76
28,Auxotroph type,5,-0.0004618905636524784,0.03065069709069685,0.030188806527044372,76
28,Auxotroph type,6,0.0010249239876489388,0.03065069709069685,0.03167562107834579,76
28,Auxotroph type,7,0.004713703772468825,0.03065069709069685,0.035364400863165675,76
28,Auxotroph type,8,-0.0008401747337522941,0.03065069709069685,0.029810522356944556,76
28,Auxotroph type,9,0.0013009602913692728,0.03065069709069685,0.03195165738206612,76
28,Prototroph growth,0,0.000638835082931534,0.03065069709069685,0.031289532173628384,76
28,Prototroph growth,1,-0.00031864546800889487,0.03065069709069685,0.030332051622687956,76
28,Prototroph growth,2,0.0016969336681826458,0.03065069709069685,0.032347630758879496,76
28,Prototroph growth,3,-0.0008142308996047821,0.03065069709069685,0.029836466191092068,76
28,Prototroph growth,4,-0.0002730906593891892,0.03065069709069685,0.03037760643130766,76
28,Prototroph growth,5,-0.001805866682066646,0.03065069709069685,0.028844830408630204,76
28,Prototroph growth,6,0.0027770446543538344,0.03065069709069685,0.033427741745050685,76
28,Prototroph growth,7,-0.0004398197068583576,0.03065069709069685,0.030210877383838493,76
28,Prototroph growth,8,0.002287215713896812,0.03065069709069685,0.03293791280459366,76
28,Prototroph growth,9,0.004801117648407592,0.03065069709069685,0.03545181473910444,76
28,Environment,0,0.0020939821404840214,0.03065069709069685,0.03274467923118087,76
28,Environment,1,0.0035123944345205604,0.03065069709069685,0.03416309152521741,76
28,Environment,2,0.0028983395156704436,0.03065069709069685,0.033549036606367294,76
28,Environment,3,0.0005518225557938836,0.03065069709069685,0.031202519646490734,76
28,Environment,4,0.003501256204392511,0.03065069709069685,0.03415195329508936,76
28,Environment,5,7.543176287242923e-05,0.03065069709069685,0.03072612885356928,76
28,Environment,6,-0.0008982243228395949,0.03065069709069685,0.029752472767857256,76
28,Environment,7,0.004427369216320386,0.03065069709069685,0.035078066307017236,76
28,Environment,8,0.0005692160905758185,0.03065069709069685,0.03121991318127267,76
28,Environment,9,0.002876749696591019,0.03065069709069685,0.03352744678728787,76
28,Species,0,0.004445736471628076,0.03065069709069685,0.035096433562324926,76
28,Species,1,0.0025877700598465406,0.03065069709069685,0.03323846715054339,76
28,Species,2,0.003053013908026543,0.03065069709069685,0.033703710998723393,76
28,Species,3,0.0014610435565992688,0.03065069709069685,0.03211174064729612,76
28,Species,4,0.0019189905782042854,0.03065069709069685,0.032569687668901136,76
28,Species,5,0.0034120187921678966,0.03065069709069685,0.03406271588286475,76
28,Species,6,0.004952570532867587,0.03065069709069685,0.03560326762356444,76
28,Species,7,-0.0007120252568038644,0.03065069709069685,0.029938671833892986,76
28,Species,8,0.0024580029026917832,0.03065069709069685,0.033108699993388634,76
28,Species,9,0.005680014177028729,0.03065069709069685,0.03633071126772558,76
28,AA requirements,0,-0.000720903593439879,0.03065069709069685,0.02992979349725697,76
28,AA requirements,1,0.0010380882290610058,0.03065069709069685,0.031688785319757856,76
28,AA requirements,2,-9.290789654166354e-05,0.03065069709069685,0.030557789194155187,76
28,AA requirements,3,0.0006657224883287877,0.03065069709069685,0.03131641957902564,76
28,AA requirements,4,0.0001741275437394975,0.03065069709069685,0.030824824634436348,76
28,AA requirements,5,-0.0007926107479070653,0.03065069709069685,0.029858086342789785,76
28,AA requirements,6,-0.0007644239935093375,0.03065069709069685,0.029886273097187513,76
28,AA requirements,7,-0.00032250206839144063,0.03065069709069685,0.03032819502230541,76
28,AA requirements,8,0.0007856480144846772,0.03065069709069685,0.03143634510518153,76
28,AA requirements,9,-0.00061539329986951,0.03065069709069685,0.03003530379082734,76
29,Auxotroph type,0,0.006151774388804567,0.028077606234509635,0.0342293806233142,75
29,Auxotroph type,1,0.005014710067599699,0.028077606234509635,0.033092316302109334,75
29,Auxotroph type,2,0.010330300218227773,0.028077606234509635,0.03840790645273741,75
29,Auxotroph type,3,0.006827825100780626,0.028077606234509635,0.03490543133529026,75
29,Auxotroph type,4,0.011455476416628325,0.028077606234509635,0.03953308265113796,75
29,Auxotroph type,5,0.00976828546395193,0.028077606234509635,0.037845891698461566,75
29,Auxotroph type,6,0.007896791494853218,0.028077606234509635,0.03597439772936285,75
29,Auxotroph type,7,0.008594447256220984,0.028077606234509635,0.03667205349073062,75
29,Auxotroph type,8,0.009619687176719658,0.028077606234509635,0.03769729341122929,75
29,Auxotroph type,9,0.009205063720401776,0.028077606234509635,0.03728266995491141,75
29,Prototroph growth,0,0.00338587962203454,0.028077606234509635,0.031463485856544175,75
29,Prototroph growth,1,-0.0008246067153669726,0.028077606234509635,0.027252999519142663,75
29,Prototroph growth,2,0.005430836725910829,0.028077606234509635,0.033508442960420465,75
29,Prototroph growth,3,0.0037606424145090293,0.028077606234509635,0.031838248649018665,75
29,Prototroph growth,4,0.002884255462121673,0.028077606234509635,0.03096186169663131,75
29,Prototroph growth,5,0.0007778431004895649,0.028077606234509635,0.0288554493349992,75
29,Prototroph growth,6,0.0029576534224408264,0.028077606234509635,0.031035259656950462,75
29,Prototroph growth,7,0.0008700163171332549,0.028077606234509635,0.02894762255164289,75
29,Prototroph growth,8,0.0020212335917684753,0.028077606234509635,0.03009883982627811,75
29,Prototroph growth,9,0.0009546663569359008,0.028077606234509635,0.029032272591445536,75
29,Environment,0,0.00026137115928966115,0.028077606234509635,0.028338977393799297,75
29,Environment,1,-0.0009090659737967625,0.028077606234509635,0.027168540260712873,75
29,Environment,2,0.0016441639442583734,0.028077606234509635,0.02972177017876801,75
29,Environment,3,0.0011564123171572648,0.028077606234509635,0.0292340185516669,75
29,Environment,4,0.0005931271346517712,0.028077606234509635,0.028670733369161407,75
29,Environment,5,-0.0007667235440996234,0.028077606234509635,0.027310882690410012,75
29,Environment,6,0.0015849117101419674,0.028077606234509635,0.029662517944651603,75
29,Environment,7,0.000957201506238424,0.028077606234509635,0.02903480774074806,75
29,Environment,8,-0.0022631685546535725,0.028077606234509635,0.025814437679856063,75
29,Environment,9,-0.0009664344029465498,0.028077606234509635,0.027111171831563086,75
29,Species,0,0.016994814457034903,0.028077606234509635,0.04507242069154454,75
29,Species,1,0.011551448774884548,0.028077606234509635,0.03962905500939418,75
29,Species,2,0.008611103293236045,0.028077606234509635,0.03668870952774568,75
29,Species,3,0.016589184807213057,0.028077606234509635,0.04466679104172269,75
29,Species,4,0.01044072063423775,0.028077606234509635,0.038518326868747385,75
29,Species,5,0.01560969379895322,0.028077606234509635,0.043687300033462856,75
29,Species,6,0.0156663274253608,0.028077606234509635,0.043743933659870435,75
29,Species,7,0.01658235721907614,0.028077606234509635,0.04465996345358578,75
29,Species,8,0.018329653017332793,0.028077606234509635,0.04640725925184243,75
29,Species,9,0.011810931212590348,0.028077606234509635,0.039888537447099984,75
29,AA requirements,0,-0.0009805887902140722,0.028077606234509635,0.027097017444295563,75
29,AA requirements,1,-4.528580381298053e-05,0.028077606234509635,0.028032320430696655,75
29,AA requirements,2,0.0011182666670213476,0.028077606234509635,0.029195872901530983,75
29,AA requirements,3,-0.0009416844182470879,0.028077606234509635,0.027135921816262547,75
29,AA requirements,4,-0.0010137878678390527,0.028077606234509635,0.027063818366670583,75
29,AA requirements,5,-0.00017563270625061897,0.028077606234509635,0.027901973528259016,75
29,AA requirements,6,0.0007071341197756771,0.028077606234509635,0.028784740354285313,75
29,AA requirements,7,-0.0019173427225674944,0.028077606234509635,0.02616026351194214,75
29,AA requirements,8,-0.0003068955484474105,0.028077606234509635,0.027770710686062225,75
29,AA requirements,9,0.001753999995774306,0.028077606234509635,0.02983160623028394,75
30,Auxotroph type,0,0.005926334425108724,0.021221987396435875,0.0271483218215446,66
30,Auxotroph type,1,0.00960203242667888,0.021221987396435875,0.030824019823114755,66
30,Auxotroph type,2,0.01371630795763848,0.021221987396435875,0.034938295354074354,66
30,Auxotroph type,3,0.012829951692727014,0.021221987396435875,0.03405193908916289,66
30,Auxotroph type,4,0.01094767451902922,0.021221987396435875,0.032169661915465095,66
30,Auxotroph type,5,0.012371934680762371,0.021221987396435875,0.033593922077198246,66
30,Auxotroph type,6,0.016425012485957638,0.021221987396435875,0.03764699988239351,66
30,Auxotroph type,7,0.009562385681617425,0.021221987396435875,0.0307843730780533,66
30,Auxotroph type,8,0.016541685610035196,0.021221987396435875,0.03776367300647107,66
30,Auxotroph type,9,0.01169509223000282,0.021221987396435875,0.032917079626438694,66
30,Prototroph growth,0,0.001106180709906139,0.021221987396435875,0.022328168106342014,66
30,Prototroph growth,1,0.0004964179990608192,0.021221987396435875,0.021718405395496694,66
30,Prototroph growth,2,0.0013179599436081053,0.021221987396435875,0.02253994734004398,66
30,Prototroph growth,3,0.0007446584964025046,0.021221987396435875,0.02196664589283838,66
30,Prototroph growth,4,6.694070836912175e-05,0.021221987396435875,0.021288928104804997,66
30,Prototroph growth,5,0.0010557825035528781,0.021221987396435875,0.022277769899988753,66
30,Prototroph growth,6,0.000858531018523831,0.021221987396435875,0.022080518414959706,66
30,Prototroph growth,7,0.0011429191768537426,0.021221987396435875,0.022364906573289618,66
30,Prototroph growth,8,0.0009950157417128666,0.021221987396435875,0.02221700313814874,66
30,Prototroph growth,9,0.0009013664589526856,0.021221987396435875,0.02212335385538856,66
30,Environment,0,0.008904809958754627,0.021221987396435875,0.030126797355190502,66
30,Environment,1,0.014026388709742599,0.021221987396435875,0.035248376106178474,66
30,Environment,2,0.01602455737578893,0.021221987396435875,0.037246544772224804,66
30,Environment,3,0.011635688308082807,0.021221987396435875,0.03285767570451868,66
30,Environment,4,0.014362890954562377,0.021221987396435875,0.03558487835099825,66
30,Environment,5,0.011094559892953618,0.021221987396435875,0.03231654728938949,66
30,Environment,6,0.01390958690553852,0.021221987396435875,0.035131574301974396,66
30,Environment,7,0.007045853660415154,0.021221987396435875,0.02826784105685103,66
30,Environment,8,0.00837626769288291,0.021221987396435875,0.029598255089318785,66
30,Environment,9,0.01208316064822642,0.021221987396435875,0.033305148044662294,66
30,Species,0,0.008550440435069247,0.021221987396435875,0.029772427831505122,66
30,Species,1,0.013085654843967426,0.021221987396435875,0.0343076422404033,66
30,Species,2,0.004600160431860768,0.021221987396435875,0.025822147828296643,66
30,Species,3,0.011347561331240562,0.021221987396435875,0.03256954872767644,66
30,Species,4,0.0076711467745546776,0.021221987396435875,0.028893134170990552,66
30,Species,5,0.012619611260387957,0.021221987396435875,0.03384159865682383,66
30,Species,6,0.008075505693051079,0.021221987396435875,0.029297493089486953,66
30,Species,7,0.007316509438746888,0.021221987396435875,0.028538496835182763,66
30,Species,8,0.011849339052755786,0.021221987396435875,0.03307132644919166,66
30,Species,9,0.008249441389515392,0.021221987396435875,0.029471428785951267,66
30,AA requirements,0,0.0030833379371965064,0.021221987396435875,0.02430532533363238,66
30,AA requirements,1,0.004073326758370136,0.021221987396435875,0.02529531415480601,66
30,AA requirements,2,0.002775248853048775,0.021221987396435875,0.02399723624948465,66
30,AA requirements,3,0.0037368590833308825,0.021221987396435875,0.024958846479766757,66
30,AA requirements,4,0.003943664704779037,0.021221987396435875,0.02516565210121491,66
30,AA requirements,5,0.003541578171896015,0.021221987396435875,0.02476356556833189,66
30,AA requirements,6,0.003197672333854505,0.021221987396435875,0.02441965973029038,66
30,AA requirements,7,0.002654280883524509,0.021221987396435875,0.023876268279960384,66
30,AA requirements,8,0.003771452768712373,0.021221987396435875,0.024993440165148248,66
30,AA requirements,9,0.0033886763909320335,0.021221987396435875,0.02461066378736791,66
31,Auxotroph type,0,0.011260808363290773,0.029938120300374068,0.04119892866366484,85
31,Auxotroph type,1,0.008415647013078623,0.029938120300374068,0.03835376731345269,85
31,Auxotroph type,2,0.00973414516423116,0.029938120300374068,0.03967226546460523,85
31,Auxotroph type,3,0.008650104025302165,0.029938120300374068,0.03858822432567623,85
31,Auxotroph type,4,0.008787189743602621,0.029938120300374068,0.03872531004397669,85
31,Auxotroph type,5,0.009224245426534185,0.029938120300374068,0.03916236572690825,85
31,Auxotroph type,6,0.01070104691809574,0.029938120300374068,0.04063916721846981,85
31,Auxotroph type,7,0.010414004577666437,0.029938120300374068,0.040352124878040505,85
31,Auxotroph type,8,0.013438242099285364,0.029938120300374068,0.04337636239965943,85
31,Auxotroph type,9,0.009966770616148073,0.029938120300374068,0.03990489091652214,85
31,Prototroph growth,0,0.0006664712501924276,0.029938120300374068,0.030604591550566496,85
31,Prototroph growth,1,0.0006027796799972403,0.029938120300374068,0.030540899980371308,85
31,Prototroph growth,2,0.0008328095679206414,0.029938120300374068,0.03077092986829471,85
31,Prototroph growth,3,0.0009771873833791418,0.029938120300374068,0.03091530768375321,85
31,Prototroph growth,4,0.0009051216399534844,0.029938120300374068,0.030843241940327552,85
31,Prototroph growth,5,0.0003296383197304159,0.029938120300374068,0.030267758620104484,85
31,Prototroph growth,6,0.0003016194228068411,0.029938120300374068,0.03023973972318091,85
31,Prototroph growth,7,0.000749698129278397,0.029938120300374068,0.030687818429652465,85
31,Prototroph growth,8,0.000432574383437561,0.029938120300374068,0.03037069468381163,85
31,Prototroph growth,9,0.0012455243903100217,0.029938120300374068,0.03118364469068409,85
31,Environment,0,0.00877899332926536,0.029938120300374068,0.03871711362963943,85
31,Environment,1,0.009264435156025399,0.029938120300374068,0.03920255545639947,85
31,Environment,2,0.00818600333917174,0.029938120300374068,0.03812412363954581,85
31,Environment,3,0.009069773871561704,0.029938120300374068,0.03900789417193577,85
31,Environment,4,0.009774043046090312,0.029938120300374068,0.03971216334646438,85
31,Environment,5,0.008962149642166812,0.029938120300374068,0.03890026994254088,85
31,Environment,6,0.008940448686326676,0.029938120300374068,0.038878568986700744,85
31,Environment,7,0.00894466891014466,0.029938120300374068,0.03888278921051873,85
31,Environment,8,0.006312838155935075,0.029938120300374068,0.03625095845630914,85
31,Environment,9,0.007040942880464519,0.029938120300374068,0.03697906318083859,85
31,Species,0,0.0022596041179986683,0.029938120300374068,0.032197724418372736,85
31,Species,1,0.005092972509264954,0.029938120300374068,0.03503109280963902,85
31,Species,2,0.0015031943335729984,0.029938120300374068,0.031441314633947066,85
31,Species,3,0.0038491245108050916,0.029938120300374068,0.03378724481117916,85
31,Species,4,0.0030462113816253737,0.029938120300374068,0.03298433168199944,85
31,Species,5,0.0033675815971901217,0.029938120300374068,0.03330570189756419,85
31,Species,6,0.0035247504246689633,0.029938120300374068,0.03346287072504303,85
31,Species,7,0.004740222098845875,0.029938120300374068,0.03467834239921994,85
31,Species,8,0.00513913927219695,0.029938120300374068,0.03507725957257102,85
31,Species,9,0.005174197448356805,0.029938120300374068,0.03511231774873087,85
31,AA requirements,0,0.003291318539478085,0.029938120300374068,0.03322943883985215,85
31,AA requirements,1,0.0026556691054730984,0.029938120300374068,0.032593789405847166,85
31,AA requirements,2,0.0026719439268918545,0.029938120300374068,0.03261006422726592,85
31,AA requirements,3,0.0027803754221552186,0.029938120300374068,0.03271849572252929,85
31,AA requirements,4,0.0028496023518451534,0.029938120300374068,0.03278772265221922,85
31,AA requirements,5,0.0025903125607924134,0.029938120300374068,0.03252843286116648,85
31,AA requirements,6,0.0014905238695618224,0.029938120300374068,0.03142864416993589,85
31,AA requirements,7,0.0025885702064902434,0.029938120300374068,0.03252669050686431,85
31,AA requirements,8,0.0027882486305434544,0.029938120300374068,0.03272636893091752,85
31,AA requirements,9,0.0016898457793004563,0.029938120300374068,0.031627966079674524,85
32,Auxotroph type,0,0.002018826648078554,0.026429580787431947,0.0284484074355105,100
32,Auxotroph type,1,-6.915148425478551e-05,0.026429580787431947,0.02636042930317716,100
32,Auxotroph type,2,-0.0010978719397640585,0.026429580787431947,0.02533170884766789,100
32,Auxotroph type,3,0.0010714283298645794,0.026429580787431947,0.027501009117296527,100
32,Auxotroph type,4,0.0006268908117428862,0.026429580787431947,0.027056471599174833,100
32,Auxotroph type,5,1.7696267719229802e-05,0.026429580787431947,0.026447277055151177,100
32,Auxotroph type,6,-0.0016154890336348565,0.026429580787431947,0.02481409175379709,100
32,Auxotroph type,7,0.0026288332641083052,0.026429580787431947,0.029058414051540252,100
32,Auxotroph type,8,-0.0009844820081096571,0.026429580787431947,0.02544509877932229,100
32,Auxotroph type,9,0.0025798402672380684,0.026429580787431947,0.029009421054670016,100
32,Prototroph growth,0,0.0024371409736628977,0.026429580787431947,0.028866721761094845,100
32,Prototroph growth,1,-0.0010285692767637057,0.026429580787431947,0.02540101151066824,100
32,Prototroph growth,2,-0.0013196377493601454,0.026429580787431947,0.025109943038071802,100
32,Prototroph growth,3,-0.001914756932229214,0.026429580787431947,0.024514823855202733,100
32,Prototroph growth,4,0.001155570162983316,0.026429580787431947,0.027585150950415263,100
32,Prototroph growth,5,0.0014934544022311876,0.026429580787431947,0.027923035189663135,100
32,Prototroph growth,6,-0.002205680863106841,0.026429580787431947,0.024223899924325106,100
32,Prototroph growth,7,-0.002125537264490499,0.026429580787431947,0.024304043522941448,100
32,Prototroph growth,8,-0.0019583226348871656,0.026429580787431947,0.02447125815254478,100
32,Prototroph growth,9,-0.0013170824930961826,0.026429580787431947,0.025112498294335765,100
32,Environment,0,0.0007063152929751015,0.026429580787431947,0.02713589608040705,100
32,Environment,1,0.0024992343261283634,0.026429580787431947,0.02892881511356031,100
32,Environment,2,0.0034750051672078723,0.026429580787431947,0.02990458595463982,100
32,Environment,3,0.0026797764920047477,0.026429580787431947,0.029109357279436695,100
32,Environment,4,0.004165702147979261,0.026429580787431947,0.030595282935411208,100
32,Environment,5,0.003739799299496742,0.026429580787431947,0.03016938008692869,100
32,Environment,6,0.0005644692479124733,0.026429580787431947,0.02699405003534442,100
32,Environment,7,0.002709855473401048,0.026429580787431947,0.029139436260832995,100
32,Environment,8,0.0030788889831051686,0.026429580787431947,0.029508469770537116,100
32,Environment,9,0.0027329104547424918,0.026429580787431947,0.02916249124217444,100
32,Species,0,0.001108649538351096,0.026429580787431947,0.027538230325783043,100
32,Species,1,0.0018837006942156072,0.026429580787431947,0.028313281481647554,100
32,Species,2,0.005195907620976277,0.026429580787431947,0.031625488408408224,100
32,Species,3,-0.0010002277271907098,0.026429580787431947,0.025429353060241237,100
32,Species,4,0.000950152667646146,0.026429580787431947,0.027379733455078093,100
32,Species,5,0.0017994966978237444,0.026429580787431947,0.02822907748525569,100
32,Species,6,0.0007770958280847971,0.026429580787431947,0.027206676615516744,100
32,Species,7,0.0014322081926160385,0.026429580787431947,0.027861788980047986,100
32,Species,8,0.003219736373838652,0.026429580787431947,0.0296493171612706,100
32,Species,9,0.004143932326916806,0.026429580787431947,0.030573513114348753,100
32,AA requirements,0,-0.0019483120073273616,0.026429580787431947,0.024481268780104586,100
32,AA requirements,1,-0.0014899799776771916,0.026429580787431947,0.024939600809754756,100
32,AA requirements,2,-0.001415060824616586,0.026429580787431947,0.02501451996281536,100
32,AA requirements,3,-0.0014530611993951621,0.026429580787431947,0.024976519588036785,100
32,AA requirements,4,-0.0018854306782690872,0.026429580787431947,0.02454415010916286,100
32,AA requirements,5,-0.0018809156516913506,0.026429580787431947,0.024548665135740597,100
32,AA requirements,6,-0.0013768254303002762,0.026429580787431947,0.02505275535713167,100
32,AA requirements,7,-0.0018966677437936043,0.026429580787431947,0.024532913043638343,100
32,AA requirements,8,-0.001972816299425865,0.026429580787431947,0.024456764488006082,100
32,AA requirements,9,-0.0017420485206241058,0.026429580787431947,0.02468753226680784,100
33,Auxotroph type,0,0.003430320447026125,0.016348705853810274,0.0197790263008364,77
33,Auxotroph type,1,0.008919930886650829,0.016348705853810274,0.025268636740461103,77
33,Auxotroph type,2,0.006063155926913803,0.016348705853810274,0.022411861780724077,77
33,Auxotroph type,3,0.011949898149477407,0.016348705853810274,0.02829860400328768,77
33,Auxotroph type,4,0.005476946623078887,0.016348705853810274,0.02182565247688916,77
33,Auxotroph type,5,0.005570516814355792,0.016348705853810274,0.021919222668166066,77
33,Auxotroph type,6,0.010020501547762885,0.016348705853810274,0.02636920740157316,77
33,Auxotroph type,7,0.006263466148535221,0.016348705853810274,0.022612172002345495,77
33,Auxotroph type,8,0.00942208265828181,0.016348705853810274,0.025770788512092083,77
33,Auxotroph type,9,0.007215178933375081,0.016348705853810274,0.023563884787185355,77
33,Prototroph growth,0,0.008232983831688679,0.016348705853810274,0.024581689685498953,77
33,Prototroph growth,1,0.005558639620928445,0.016348705853810274,0.02190734547473872,77
33,Prototroph growth,2,0.0065374940612142815,0.016348705853810274,0.022886199915024556,77
33,Prototroph growth,3,0.009641911682632964,0.016348705853810274,0.025990617536443238,77
33,Prototroph growth,4,0.007497704566288465,0.016348705853810274,0.02384641042009874,77
33,Prototroph growth,5,0.0033861978153615635,0.016348705853810274,0.019734903669171838,77
33,Prototroph growth,6,0.002478220397634883,0.016348705853810274,0.018826926251445157,77
33,Prototroph growth,7,0.005048927549003483,0.016348705853810274,0.021397633402813757,77
33,Prototroph growth,8,0.01148783687087741,0.016348705853810274,0.027836542724687684,77
33,Prototroph growth,9,0.0055729611606788534,0.016348705853810274,0.021921667014489127,77
33,Environment,0,0.0096434283000245,0.016348705853810274,0.025992134153834775,77
33,Environment,1,0.009489688568744766,0.016348705853810274,0.02583839442255504,77
33,Environment,2,0.008354920992570389,0.016348705853810274,0.024703626846380663,77
33,Environment,3,0.011263278755219586,0.016348705853810274,0.02761198460902986,77
33,Environment,4,0.012045925197106146,0.016348705853810274,0.02839463105091642,77
33,Environment,5,0.004799242097317805,0.016348705853810274,0.02114794795112808,77
33,Environment,6,0.008658681822637671,0.016348705853810274,0.025007387676447945,77
33,Environment,7,0.007765514638797752,0.016348705853810274,0.024114220492608026,77
33,Environment,8,0.012033912051926398,0.016348705853810274,0.028382617905736672,77
33,Environment,9,0.016173390792569502,0.016348705853810274,0.032522096646379776,77
33,Species,0,0.011541420517060995,0.016348705853810274,0.02789012637087127,77
33,Species,1,0.01210013801487574,0.016348705853810274,0.028448843868686013,77
33,Species,2,0.019993726851139728,0.016348705853810274,0.03634243270495,77
33,Species,3,0.016279976425716613,0.016348705853810274,0.03262868227952689,77
33,Species,4,0.011954828708882356,0.016348705853810274,0.02830353456269263,77
33,Species,5,0.010593274585902819,0.016348705853810274,0.026941980439713093,77
33,Species,6,0.01327960813524736,0.016348705853810274,0.029628313989057634,77
33,Species,7,0.012976323414623774,0.016348705853810274,0.02932502926843405,77
33,Species,8,0.015980780762048365,0.016348705853810274,0.03232948661585864,77
33,Species,9,0.01660189206963979,0.016348705853810274,0.032950597923450065,77
33,AA requirements,0,9.724593941723078e-05,0.016348705853810274,0.016445951793227505,77
33,AA requirements,1,0.0005764348319127928,0.016348705853810274,0.016925140685723067,77
33,AA requirements,2,0.0005188572111230506,0.016348705853810274,0.016867563064933325,77
33,AA requirements,3,0.00037326106293958036,0.016348705853810274,0.016721966916749854,77
33,AA requirements,4,-0.0012146907202312852,0.016348705853810274,0.015134015133578989,77
33,AA requirements,5,-0.0004150942903652609,0.016348705853810274,0.015933611563445013,77
33,AA requirements,6,-0.0001309358202759639,0.016348705853810274,0.01621777003353431,77
33,AA requirements,7,0.000670335598123465,0.016348705853810274,0.01701904145193374,77
33,AA requirements,8,0.00040291441763897276,0.016348705853810274,0.016751620271449247,77
33,AA requirements,9,-0.0002121884534979357,0.016348705853810274,0.01613651740031234,77
34,Auxotroph type,0,0.008501607355302618,0.020540121344039576,0.029041728699342195,91
34,Auxotroph type,1,0.007577663139415009,0.020540121344039576,0.028117784483454585,91
34,Auxotroph type,2,0.006519227906288352,0.020540121344039576,0.02705934925032793,91
34,Auxotroph type,3,0.008477873742658314,0.020540121344039576,0.02901799508669789,91
34,Auxotroph type,4,0.006629993005713052,0.020540121344039576,0.02717011434975263,91
34,Auxotroph type,5,0.009520265760864115,0.020540121344039576,0.03006038710490369,91
34,Auxotroph type,6,0.008910482863039165,0.020540121344039576,0.02945060420707874,91
34,Auxotroph type,7,0.010985774435602995,0.020540121344039576,0.03152589577964257,91
34,Auxotroph type,8,0.006369330760961925,0.020540121344039576,0.0269094521050015,91
34,Auxotroph type,9,0.00725675297983798,0.020540121344039576,0.027796874323877556,91
34,Prototroph growth,0,0.002822061052386412,0.020540121344039576,0.023362182396425988,91
34,Prototroph growth,1,0.003481468691727184,0.020540121344039576,0.02402159003576676,91
34,Prototroph growth,2,0.0021645705270450927,0.020540121344039576,0.02270469187108467,91
34,Prototroph growth,3,0.0010630539158094678,0.020540121344039576,0.021603175259849044,91
34,Prototroph growth,4,0.001859611845401874,0.020540121344039576,0.02239973318944145,91
34,Prototroph growth,5,0.0032453873503317486,0.020540121344039576,0.023785508694371325,91
34,Prototroph growth,6,0.00010946218229367088,0.020540121344039576,0.020649583526333247,91
34,Prototroph growth,7,0.0010500101608457817,0.020540121344039576,0.021590131504885358,91
34,Prototroph growth,8,0.0022575502688607432,0.020540121344039576,0.02279767161290032,91
34,Prototroph growth,9,0.0021641047247882954,0.020540121344039576,0.02270422606882787,91
34,Environment,0,0.005692205172502119,0.020540121344039576,0.026232326516541695,91
34,Environment,1,0.003726911305440443,0.020540121344039576,0.02426703264948002,91
34,Environment,2,0.005673907501281852,0.020540121344039576,0.026214028845321428,91
34,Environment,3,0.006504112920305772,0.020540121344039576,0.027044234264345348,91
34,Environment,4,0.006378681347009748,0.020540121344039576,0.026918802691049324,91
34,Environment,5,0.0034864059048996913,0.020540121344039576,0.024026527248939267,91
34,Environment,6,0.0014351184356520101,0.020540121344039576,0.021975239779691586,91
34,Environment,7,0.004149191455273489,0.020540121344039576,0.024689312799313065,91
34,Environment,8,0.005924154668783595,0.020540121344039576,0.02646427601282317,91
34,Environment,9,0.004153028325550347,0.020540121344039576,0.024693149669589923,91
34,Species,0,0.005187290794008745,0.020540121344039576,0.02572741213804832,91
34,Species,1,0.005343497694845583,0.020540121344039576,0.02588361903888516,91
34,Species,2,0.0051869738348742506,0.020540121344039576,0.025727095178913827,91
34,Species,3,0.004382734562840534,0.020540121344039576,0.02492285590688011,91
34,Species,4,0.006131133658010844,0.020540121344039576,0.02667125500205042,91
34,Species,5,0.005547813239135273,0.020540121344039576,0.02608793458317485,91
34,Species,6,0.0034350886181583086,0.020540121344039576,0.023975209962197885,91
34,Species,7,0.005164014825491461,0.020540121344039576,0.025704136169531037,91
34,Species,8,0.004465143773569564,0.020540121344039576,0.02500526511760914,91
34,Species,9,0.005053941814201081,0.020540121344039576,0.025594063158240657,91
34,AA requirements,0,0.00014558214011618775,0.020540121344039576,0.020685703484155764,91
34,AA requirements,1,0.0006037213816711545,0.020540121344039576,0.02114384272571073,91
34,AA requirements,2,-2.7219687888345445e-06,0.020540121344039576,0.02053739937525074,91
34,AA requirements,3,0.0003831907758614708,0.020540121344039576,0.020923312119901047,91
34,AA requirements,4,0.0003563610204348547,0.020540121344039576,0.02089648236447443,91
34,AA requirements,5,0.00062264657977305,0.020540121344039576,0.021162767923812626,91
34,AA requirements,6,0.00047920635155564856,0.020540121344039576,0.021019327695595225,91
34,AA requirements,7,0.0008030532163164385,0.020540121344039576,0.021343174560356015,91
34,AA requirements,8,0.00040377828274279146,0.020540121344039576,0.020943899626782368,91
34,AA requirements,9,0.0006501695376003036,0.020540121344039576,0.02119029088163988,91
35,Auxotroph type,0,0.009471749674388553,0.033760417579494245,0.0432321672538828,80
35,Auxotroph type,1,0.014651601566804125,0.033760417579494245,0.04841201914629837,80
35,Auxotroph type,2,0.017468189318549633,0.033760417579494245,0.05122860689804388,80
35,Auxotroph type,3,0.008099953633374603,0.033760417579494245,0.04186037121286885,80
35,Auxotroph type,4,0.007230358665597875,0.033760417579494245,0.04099077624509212,80
35,Auxotroph type,5,0.019802295876065426,0.033760417579494245,0.05356271345555967,80
35,Auxotroph type,6,0.013766399523038625,0.033760417579494245,0.04752681710253287,80
35,Auxotroph type,7,0.015096819837999799,0.033760417579494245,0.048857237417494044,80
35,Auxotroph type,8,0.015235284804277924,0.033760417579494245,0.04899570238377217,80
35,Auxotroph type,9,0.007576802042709711,0.033760417579494245,0.041337219622203956,80
35,Prototroph growth,0,0.006316512521358744,0.033760417579494245,0.04007693010085299,80
35,Prototroph growth,1,0.0032388565835653332,0.033760417579494245,0.03699927416305958,80
35,Prototroph growth,2,0.0054155429506359265,0.033760417579494245,0.03917596053013017,80
35,Prototroph growth,3,0.011272852689925422,0.033760417579494245,0.04503327026941967,80
35,Prototroph growth,4,0.01233931182909253,0.033760417579494245,0.046099729408586775,80
35,Prototroph growth,5,0.0021807956560780314,0.033760417579494245,0.03594121323557228,80
35,Prototroph growth,6,0.0014331695115081047,0.033760417579494245,0.03519358709100235,80
35,Prototroph growth,7,0.011331727371849634,0.033760417579494245,0.04509214495134388,80
35,Prototroph growth,8,0.0060318339722770925,0.033760417579494245,0.03979225155177134,80
35,Prototroph growth,9,0.006370378362846485,0.033760417579494245,0.04013079594234073,80
35,Environment,0,0.009248641368701772,0.033760417579494245,0.04300905894819602,80
35,Environment,1,0.008039302354024634,0.033760417579494245,0.04179971993351888,80
35,Environment,2,0.010370316490968666,0.033760417579494245,0.04413073407046291,80
35,Environment,3,0.0139140952204106,0.033760417579494245,0.047674512799904846,80
35,Environment,4,0.004177429230530515,0.033760417579494245,0.03793784681002476,80
35,Environment,5,0.009063937907195604,0.033760417579494245,0.04282435548668985,80
35,Environment,6,0.013431990997121127,0.033760417579494245,0.04719240857661537,80
35,Environment,7,0.007077484613730645,0.033760417579494245,0.04083790219322489,80
35,Environment,8,0.009400767426880244,0.033760417579494245,0.04316118500637449,80
35,Environment,9,0.011057942509009322,0.033760417579494245,0.04481836008850357,80
35,Species,0,0.009950349883042553,0.033760417579494245,0.0437107674625368,80
35,Species,1,0.014013628800141793,0.033760417579494245,0.04777404637963604,80
35,Species,2,0.015122134036371387,0.033760417579494245,0.04888255161586563,80
35,Species,3,0.011118398191364044,0.033760417579494245,0.04487881577085829,80
35,Species,4,0.011532574266235981,0.033760417579494245,0.04529299184573023,80
35,Species,5,0.017287341269039934,0.033760417579494245,0.05104775884853418,80
35,Species,6,0.012776654293251949,0.033760417579494245,0.046537071872746194,80
35,Species,7,0.019737728678663982,0.033760417579494245,0.05349814625815823,80
35,Species,8,0.02019319025985409,0.033760417579494245,0.053953607839348335,80
35,Species,9,0.01829864025049545,0.033760417579494245,0.052059057829989694,80
35,AA requirements,0,0.0013564993218365268,0.033760417579494245,0.03511691690133077,80
35,AA requirements,1,0.0038242801838577686,0.033760417579494245,0.037584697763352014,80
35,AA requirements,2,0.0023853416272276995,0.033760417579494245,0.036145759206721945,80
35,AA requirements,3,0.0035255517321085283,0.033760417579494245,0.037285969311602774,80
35,AA requirements,4,0.0034117486937091587,0.033760417579494245,0.037172166273203404,80
35,AA requirements,5,0.00318472610032465,0.033760417579494245,0.036945143679818895,80
35,AA requirements,6,0.00319094500439792,0.033760417579494245,0.036951362583892165,80
35,AA requirements,7,0.0034499651168788947,0.033760417579494245,0.03721038269637314,80
35,AA requirements,8,0.00222902710237588,0.033760417579494245,0.035989444681870125,80
35,AA requirements,9,0.003291264320957235,0.033760417579494245,0.03705168190045148,80
36,Auxotroph type,0,0.012651117999520279,0.026420237433913137,0.039071355433433416,76
36,Auxotroph type,1,0.010508889884120364,0.026420237433913137,0.0369291273180335,76
36,Auxotroph type,2,0.00698975739886774,0.026420237433913137,0.03340999483278088,76
36,Auxotroph type,3,0.009464221259729445,0.026420237433913137,0.03588445869364258,76
36,Auxotroph type,4,0.014329502110560891,0.026420237433913137,0.04074973954447403,76
36,Auxotroph type,5,0.0161050625509063,0.026420237433913137,0.04252529998481944,76
36,Auxotroph type,6,0.009928231191031697,0.026420237433913137,0.036348468624944834,76
36,Auxotroph type,7,0.012473729447521991,0.026420237433913137,0.03889396688143513,76
36,Auxotroph type,8,0.012593728407364727,0.026420237433913137,0.039013965841277864,76
36,Auxotroph type,9,0.013485675142563564,0.026420237433913137,0.0399059125764767,76
36,Prototroph growth,0,0.002911558873882652,0.026420237433913137,0.02933179630779579,76
36,Prototroph growth,1,0.0038153380689856416,0.026420237433913137,0.03023557550289878,76
36,Prototroph growth,2,0.003085960407241538,0.026420237433913137,0.029506197841154675,76
36,Prototroph growth,3,-0.001692603306325622,0.026420237433913137,0.024727634127587515,76
36,Prototroph growth,4,0.0009545753889257623,0.026420237433913137,0.0273748128228389,76
36,Prototroph growth,5,-0.002897207569842797,0.026420237433913137,0.02352302986407034,76
36,Prototroph growth,6,0.0028515050769477995,0.026420237433913137,0.029271742510860937,76
36,Prototroph growth,7,0.0004418013093679188,0.026420237433913137,0.026862038743281056,76
36,Prototroph growth,8,0.0014199898281999392,0.026420237433913137,0.027840227262113076,76
36,Prototroph growth,9,-0.0025566919124594308,0.026420237433913137,0.023863545521453706,76
36,Environment,0,0.007036882203784286,0.026420237433913137,0.03345711963769742,76
36,Environment,1,0.005348888415316066,0.026420237433913137,0.0317691258492292,76
36,Environment,2,0.007694176589516478,0.026420237433913137,0.034114414023429615,76
36,Environment,3,0.009042145951251673,0.026420237433913137,0.03546238338516481,76
36,Environment,4,0.002314818965720066,0.026420237433913137,0.028735056399633203,76
36,Environment,5,0.0068366283845185775,0.026420237433913137,0.033256865818431715,76
36,Environment,6,0.004807883568023235,0.026420237433913137,0.031228121001936372,76
36,Environment,7,0.00476432802620411,0.026420237433913137,0.031184565460117247,76
36,Environment,8,0.0036312940799447663,0.026420237433913137,0.030051531513857904,76
36,Environment,9,0.0020610516414327276,0.026420237433913137,0.028481289075345865,76
36,Species,0,0.005978281786805598,0.026420237433913137,0.032398519220718736,76
36,Species,1,0.008756844085520788,0.026420237433913137,0.035177081519433925,76
36,Species,2,0.011959284861247668,0.026420237433913137,0.038379522295160805,76
36,Species,3,0.00895570077388744,0.026420237433913137,0.03537593820780058,76
36,Species,4,0.00968306810901939,0.026420237433913137,0.03610330554293253,76
36,Species,5,0.010850399008792488,0.026420237433913137,0.037270636442705625,76
36,Species,6,0.006831174800098299,0.026420237433913137,0.033251412234011436,76
36,Species,7,0.0075939143862692425,0.026420237433913137,0.03401415182018238,76
36,Species,8,0.006003914635582908,0.026420237433913137,0.032424152069496046,76
36,Species,9,0.014010581736064034,0.026420237433913137,0.04043081916997717,76
36,AA requirements,0,0.001030231338423379,0.026420237433913137,0.027450468772336516,76
36,AA requirements,1,0.0005780005059203008,0.026420237433913137,0.026998237939833438,76
36,AA requirements,2,0.0012853817360919985,0.026420237433913137,0.027705619170005136,76
36,AA requirements,3,0.000424202093670778,0.026420237433913137,0.026844439527583915,76
36,AA requirements,4,0.00027478770012836357,0.026420237433913137,0.0266950251340415,76
36,AA requirements,5,0.00130272676163189,0.026420237433913137,0.027722964195545027,76
36,AA requirements,6,0.0018042975992286388,0.026420237433913137,0.028224535033141776,76
36,AA requirements,7,0.00045261544129802586,0.026420237433913137,0.026872852875211163,76
36,AA requirements,8,-0.0009057768088590254,0.026420237433913137,0.025514460625054112,76
36,AA requirements,9,-0.001582450835265023,0.026420237433913137,0.024837786598648114,76
37,Auxotroph type,0,0.016444394213336273,0.05434269086013007,0.07078708507346634,76
37,Auxotroph type,1,0.017169530775997387,0.05434269086013007,0.07151222163612746,76
37,Auxotroph type,2,0.019766918657772088,0.05434269086013007,0.07410960951790216,76
37,Auxotroph type,3,0.015950522331899288,0.05434269086013007,0.07029321319202936,76
37,Auxotroph type,4,0.014537092795540447,0.05434269086013007,0.06887978365567052,76
37,Auxotroph type,5,0.015380962781156048,0.05434269086013007,0.06972365364128612,76
37,Auxotroph type,6,0.014412069498736628,0.05434269086013007,0.0687547603588667,76
37,Auxotroph type,7,0.008413065637234797,0.05434269086013007,0.06275575649736487,76
37,Auxotroph type,8,0.01448218972375167,0.05434269086013007,0.06882488058388174,76
37,Auxotroph type,9,0.016418235870328014,0.05434269086013007,0.07076092673045808,76
37,Prototroph growth,0,0.0030805795375385137,0.05434269086013007,0.057423270397668584,76
37,Prototroph growth,1,0.0026768068496990025,0.05434269086013007,0.05701949770982907,76
37,Prototroph growth,2,0.0023376500911552536,0.05434269086013007,0.056680340951285324,76
37,Prototroph growth,3,0.001949193995880033,0.05434269086013007,0.0562918848560101,76
37,Prototroph growth,4,0.002848400971946538,0.05434269086013007,0.05719109183207661,76
37,Prototroph growth,5,0.0026344469706756288,0.05434269086013007,0.0569771378308057,76
37,Prototroph growth,6,0.004512463676388009,0.05434269086013007,0.05885515453651808,76
37,Prototroph growth,7,0.0015480271426533687,0.05434269086013007,0.05589071800278344,76
37,Prototroph growth,8,0.002873250192829274,0.05434269086013007,0.057215941052959345,76
37,Prototroph growth,9,0.0020635067920159525,0.05434269086013007,0.05640619765214602,76
37,Environment,0,0.005995297544839698,0.05434269086013007,0.06033798840496977,76
37,Environment,1,0.008048730288462536,0.05434269086013007,0.062391421148592606,76
37,Environment,2,0.0058789032775204975,0.05434269086013007,0.06022159413765057,76
37,Environment,3,0.005925516644208505,0.05434269086013007,0.060268207504338575,76
37,Environment,4,0.005799779443029111,0.05434269086013007,0.06014247030315918,76
37,Environment,5,0.007218273036180868,0.05434269086013007,0.06156096389631094,76
37,Environment,6,0.005665347861602089,0.05434269086013007,0.06000803872173216,76
37,Environment,7,0.005071089058552164,0.05434269086013007,0.059413779918682234,76
37,Environment,8,0.006593761942059288,0.05434269086013007,0.06093645280218936,76
37,Environment,9,0.005234980247909166,0.05434269086013007,0.059577671108039236,76
37,Species,0,0.011653385303077364,0.05434269086013007,0.06599607616320743,76
37,Species,1,0.012542117803127105,0.05434269086013007,0.06688480866325718,76
37,Species,2,0.0076691497089303035,0.05434269086013007,0.062011840569060374,76
37,Species,3,0.01379155744095082,0.05434269086013007,0.06813424830108089,76
37,Species,4,0.011866586327178623,0.05434269086013007,0.0662092771873087,76
37,Species,5,0.013943172134393299,0.05434269086013007,0.06828586299452337,76
37,Species,6,0.016250005245427947,0.05434269086013007,0.07059269610555802,76
37,Species,7,0.014780431271448256,0.05434269086013007,0.06912312213157833,76
37,Species,8,0.015393668852626018,0.05434269086013007,0.06973635971275609,76
37,Species,9,0.010250581229034349,0.05434269086013007,0.06459327208916442,76
37,AA requirements,0,0.004939439124230213,0.05434269086013007,0.059282129984360284,76
37,AA requirements,1,0.004816231846666678,0.05434269086013007,0.05915892270679675,76
37,AA requirements,2,0.0044119454830330584,0.05434269086013007,0.05875463634316313,76
37,AA requirements,3,0.0036982254592572497,0.05434269086013007,0.05804091631938732,76
37,AA requirements,4,0.002569950367007287,0.05434269086013007,0.05691264122713736,76
37,AA requirements,5,0.004550431715586223,0.05434269086013007,0.05889312257571629,76
37,AA requirements,6,0.0037614176796511023,0.05434269086013007,0.05810410853978117,76
37,AA requirements,7,0.0036592438968194377,0.05434269086013007,0.05800193475694951,76
37,AA requirements,8,0.003099459973500092,0.05434269086013007,0.05744215083363016,76
37,AA requirements,9,0.004657586445480921,0.05434269086013007,0.05900027730561099,76
38,Auxotroph type,0,0.012368504731726205,0.014420459771190467,0.026788964502916672,60
38,Auxotroph type,1,0.016130626041661537,0.014420459771190467,0.030551085812852007,60
38,Auxotroph type,2,0.01150706234126954,0.014420459771190467,0.025927522112460008,60
38,Auxotroph type,3,0.007138845817540663,0.014420459771190467,0.02155930558873113,60
38,Auxotroph type,4,0.013089983135733093,0.014420459771190467,0.02751044290692356,60
38,Auxotroph type,5,0.01322952831387845,0.014420459771190467,0.027649988085068918,60
38,Auxotroph type,6,0.012007800123389279,0.014420459771190467,0.026428259894579746,60
38,Auxotroph type,7,0.018721546248054104,0.014420459771190467,0.03314200601924457,60
38,Auxotroph type,8,0.013346872576168034,0.014420459771190467,0.027767332347358502,60
38,Auxotroph type,9,0.013630132752178383,0.014420459771190467,0.02805059252336885,60
38,Prototroph growth,0,0.0012790387197892505,0.014420459771190467,0.015699498490979718,60
38,Prototroph growth,1,0.0034033307688074495,0.014420459771190467,0.017823790539997917,60
38,Prototroph growth,2,0.0015618989761745482,0.014420459771190467,0.015982358747365016,60
38,Prototroph growth,3,0.002056960105628806,0.014420459771190467,0.016477419876819274,60
38,Prototroph growth,4,0.0019311241770694505,0.014420459771190467,0.016351583948259918,60
38,Prototroph growth,5,0.004633261324891948,0.014420459771190467,0.019053721096082415,60
38,Prototroph growth,6,0.0021462351600441115,0.014420459771190467,0.01656669493123458,60
38,Prototroph growth,7,0.002564720990345366,0.014420459771190467,0.016985180761535833,60
38,Prototroph growth,8,0.00048384990370582866,0.014420459771190467,0.014904309674896296,60
38,Prototroph growth,9,0.005356491884426709,0.014420459771190467,0.019776951655617176,60
38,Environment,0,0.00808893368699177,0.014420459771190467,0.022509393458182238,60
38,Environment,1,0.00803481379536755,0.014420459771190467,0.022455273566558017,60
38,Environment,2,0.0026439665531983268,0.014420459771190467,0.017064426324388794,60
38,Environment,3,0.007862866670907414,0.014420459771190467,0.022283326442097882,60
38,Environment,4,0.009540744383827007,0.014420459771190467,0.023961204155017474,60
38,Environment,5,0.0003440014681006104,0.014420459771190467,0.014764461239291078,60
38,Environment,6,0.010830169005312853,0.014420459771190467,0.02525062877650332,60
38,Environment,7,0.008542229014515042,0.014420459771190467,0.02296268878570551,60
38,Environment,8,0.005617223391049456,0.014420459771190467,0.020037683162239923,60
38,Environment,9,0.00622086742108603,0.014420459771190467,0.020641327192276498,60
38,Species,0,0.023131785431021255,0.014420459771190467,0.037552245202211725,60
38,Species,1,0.022692604844637858,0.014420459771190467,0.03711306461582833,60
38,Species,2,0.018283909101978697,0.014420459771190467,0.032704368873169166,60
38,Species,3,0.020236985137569684,0.014420459771190467,0.03465744490876015,60
38,Species,4,0.019037889261477287,0.014420459771190467,0.033458349032667756,60
38,Species,5,0.008087712186937141,0.014420459771190467,0.02250817195812761,60
38,Species,6,0.01712930430264817,0.014420459771190467,0.03154976407383864,60
38,Species,7,0.010991905271379535,0.014420459771190467,0.025412365042570002,60
38,Species,8,0.01219922131244801,0.014420459771190467,0.026619681083638477,60
38,Species,9,0.019898052405458666,0.014420459771190467,0.034318512176649135,60
38,AA requirements,0,0.004118017191544582,0.014420459771190467,0.01853847696273505,60
38,AA requirements,1,0.0017900507818875543,0.014420459771190467,0.016210510553078022,60
38,AA requirements,2,0.002391962987276815,0.014420459771190467,0.016812422758467283,60
38,AA requirements,3,0.0031441894598963436,0.014420459771190467,0.01756464923108681,60
38,AA requirements,4,0.003045852565850672,0.014420459771190467,0.01746631233704114,60
38,AA requirements,5,0.003591099262339451,0.014420459771190467,0.01801155903352992,60
38,AA requirements,6,0.004323085164341949,0.014420459771190467,0.018743544935532416,60
38,AA requirements,7,0.0027014357857657687,0.014420459771190467,0.017121895556956236,60
38,AA requirements,8,0.004359437544100028,0.014420459771190467,0.018779897315290495,60
38,AA requirements,9,0.00286404300269316,0.014420459771190467,0.017284502773883628,60
39,Auxotroph type,0,0.018154054481061492,0.03619078623643426,0.05434484071749575,70
39,Auxotroph type,1,0.013680734631596428,0.03619078623643426,0.049871520868030685,70
39,Auxotroph type,2,0.021139378785043905,0.03619078623643426,0.05733016502147816,70
39,Auxotroph type,3,0.019603751436709914,0.03619078623643426,0.05579453767314417,70
39,Auxotroph type,4,0.018008266536419314,0.03619078623643426,0.05419905277285357,70
39,Auxotroph type,5,0.026053009226564637,0.03619078623643426,0.062243795462998894,70
39,Auxotroph type,6,0.02096518609296387,0.03619078623643426,0.057155972329398126,70
39,Auxotroph type,7,0.02531627435961744,0.03619078623643426,0.061507060596051696,70
39,Auxotroph type,8,0.026931270902411618,0.03619078623643426,0.06312205713884587,70
39,Auxotroph type,9,0.013123776575993618,0.03619078623643426,0.049314562812427874,70
39,Prototroph growth,0,0.02167107434814912,0.03619078623643426,0.057861860584583376,70
39,Prototroph growth,1,0.017363622698980785,0.03619078623643426,0.05355440893541504,70
39,Prototroph growth,2,0.017291589391617276,0.03619078623643426,0.05348237562805153,70
39,Prototroph growth,3,0.012197079970423616,0.03619078623643426,0.04838786620685787,70
39,Prototroph growth,4,0.01530613474003066,0.03619078623643426,0.05149692097646492,70
39,Prototroph growth,5,0.014439192545838024,0.03619078623643426,0.05062997878227228,70
39,Prototroph growth,6,0.010297662381758332,0.03619078623643426,0.04648844861819259,70
39,Prototroph growth,7,0.01150607923535718,0.03619078623643426,0.04769686547179144,70
39,Prototroph growth,8,0.021516269020317218,0.03619078623643426,0.057707055256751474,70
39,Prototroph growth,9,0.017154997636167464,0.03619078623643426,0.05334578387260172,70
39,Environment,0,0.008092049752189232,0.03619078623643426,0.04428283598862349,70
39,Environment,1,0.008906638257799818,0.03619078623643426,0.045097424494234074,70
39,Environment,2,0.013655234688079734,0.03619078623643426,0.04984602092451399,70
39,Environment,3,0.009958212621529274,0.03619078623643426,0.04614899885796353,70
39,Environment,4,0.008962179200132599,0.03619078623643426,0.045152965436566855,70
39,Environment,5,0.010007691291730368,0.03619078623643426,0.046198477528164625,70
39,Environment,6,0.007490025807170009,0.03619078623643426,0.043680812043604265,70
39,Environment,7,0.016272341443763036,0.03619078623643426,0.05246312768019729,70
39,Environment,8,0.014421016325803768,0.03619078623643426,0.050611802562238024,70
39,Environment,9,0.014068000048430465,0.03619078623643426,0.05025878628486472,70
39,Species,0,0.012288687217451535,0.03619078623643426,0.04847947345388579,70
39,Species,1,0.01977218564524679,0.03619078623643426,0.05596297188168105,70
39,Species,2,0.013113016172106001,0.03619078623643426,0.04930380240854026,70
39,Species,3,0.010970272303010134,0.03619078623643426,0.04716105853944439,70
39,Species,4,0.017155310027579078,0.03619078623643426,0.053346096264013335,70
39,Species,5,0.015195332736155018,0.03619078623643426,0.051386118972589274,70
39,Species,6,0.007367975375814066,0.03619078623643426,0.04355876161224832,70
39,Species,7,0.013568387486696358,0.03619078623643426,0.049759173723130615,70
39,Species,8,0.013978295206349335,0.03619078623643426,0.05016908144278359,70
39,Species,9,0.00872992834422831,0.03619078623643426,0.04492071458066257,70
39,AA requirements,0,0.0030596217096700157,0.03619078623643426,0.03925040794610427,70
39,AA requirements,1,0.002950016642552268,0.03619078623643426,0.039140802878986525,70
39,AA requirements,2,0.0019926742251479834,0.03619078623643426,0.03818346046158224,70
39,AA requirements,3,0.004364111862707104,0.03619078623643426,0.04055489809914136,70
39,AA requirements,4,0.0038535095334229497,0.03619078623643426,0.040044295769857206,70
39,AA requirements,5,0.003810047621653871,0.03619078623643426,0.04000083385808813,70
39,AA requirements,6,0.0026156268976691988,0.03619078623643426,0.038806413134103455,70
39,AA requirements,7,0.0033113753394424447,0.03619078623643426,0.0395021615758767,70
39,AA requirements,8,0.004416216264185362,0.03619078623643426,0.04060700250061962,70
39,AA requirements,9,0.0034209276415551326,0.03619078623643426,0.03961171387798939,70
40,Auxotroph type,0,0.011938133085989136,0.0361169645510522,0.048055097637041334,76
40,Auxotroph type,1,0.01152603192457087,0.0361169645510522,0.04764299647562307,76
40,Auxotroph type,2,0.01548290599494493,0.0361169645510522,0.05159987054599713,76
40,Auxotroph type,3,0.017053330228727778,0.0361169645510522,0.05317029477977998,76
40,Auxotroph type,4,0.01659791248009823,0.0361169645510522,0.05271487703115043,76
40,Auxotroph type,5,0.01514677686474105,0.0361169645510522,0.05126374141579325,76
40,Auxotroph type,6,0.012815212153368255,0.0361169645510522,0.04893217670442045,76
40,Auxotroph type,7,0.015418108513142535,0.0361169645510522,0.051535073064194734,76
40,Auxotroph type,8,0.01814336138034616,0.0361169645510522,0.05426032593139836,76
40,Auxotroph type,9,0.010771816933418901,0.0361169645510522,0.0468887814844711,76
40,Prototroph growth,0,-0.0007134507374095128,0.0361169645510522,0.035403513813642686,76
40,Prototroph growth,1,-0.0013315752852920484,0.0361169645510522,0.03478538926576015,76
40,Prototroph growth,2,-0.0027856335084759307,0.0361169645510522,0.03333133104257627,76
40,Prototroph growth,3,-0.0023962939603498004,0.0361169645510522,0.0337206705907024,76
40,Prototroph growth,4,-0.0008705985415162834,0.0361169645510522,0.035246366009535915,76
40,Prototroph growth,5,-0.0021858320373619317,0.0361169645510522,0.03393113251369027,76
40,Prototroph growth,6,-0.0007494206250968846,0.0361169645510522,0.035367543925955314,76
40,Prototroph growth,7,-0.0007871438699579986,0.0361169645510522,0.0353298206810942,76
40,Prototroph growth,8,-0.007165908374851242,0.0361169645510522,0.028951056176200956,76
40,Prototroph growth,9,-0.0032015281140999607,0.0361169645510522,0.03291543643695224,76
40,Environment,0,0.009547006594450923,0.0361169645510522,0.04566397114550312,76
40,Environment,1,0.0026769383527228824,0.0361169645510522,0.03879390290377508,76
40,Environment,2,0.003999232417696626,0.0361169645510522,0.040116196968748824,76
40,Environment,3,0.0012634693286276005,0.0361169645510522,0.0373804338796798,76
40,Environment,4,0.005069586295757912,0.0361169645510522,0.04118655084681011,76
40,Environment,5,0.004218005838605057,0.0361169645510522,0.040334970389657256,76
40,Environment,6,0.004352783094235264,0.0361169645510522,0.04046974764528746,76
40,Environment,7,0.004317211775388498,0.0361169645510522,0.040434176326440696,76
40,Environment,8,0.0034282093219331553,0.0361169645510522,0.039545173872985354,76
40,Environment,9,0.0048103006747455684,0.0361169645510522,0.04092726522579777,76
40,Species,0,0.01066011803937423,0.0361169645510522,0.04677708259042643,76
40,Species,1,0.015757802904005344,0.0361169645510522,0.05187476745505754,76
40,Species,2,0.009283252784177791,0.0361169645510522,0.04540021733522999,76
40,Species,3,0.014930524989536793,0.0361169645510522,0.05104748954058899,76
40,Species,4,0.01353381113754104,0.0361169645510522,0.04965077568859324,76
40,Species,5,0.012170098857507972,0.0361169645510522,0.04828706340856017,76
40,Species,6,0.011739699917052746,0.0361169645510522,0.047856664468104944,76
40,Species,7,0.011265234241248506,0.0361169645510522,0.047382198792300705,76
40,Species,8,0.00989823388286138,0.0361169645510522,0.04601519843391358,76
40,Species,9,0.010703013976820344,0.0361169645510522,0.04681997852787254,76
40,AA requirements,0,0.002022705408965368,0.0361169645510522,0.038139669960017566,76
40,AA requirements,1,0.00433882715128326,0.0361169645510522,0.04045579170233546,76
40,AA requirements,2,0.0031812598540267717,0.0361169645510522,0.03929822440507897,76
40,AA requirements,3,0.002603827377125778,0.0361169645510522,0.038720791928177976,76
40,AA requirements,4,0.0037562660244055968,0.0361169645510522,0.039873230575457795,76
40,AA requirements,5,0.002180940697358018,0.0361169645510522,0.038297905248410216,76
40,AA requirements,6,0.003303539623647579,0.0361169645510522,0.03942050417469978,76
40,AA requirements,7,0.003367250619682849,0.0361169645510522,0.03948421517073505,76
40,AA requirements,8,0.0032365196684164196,0.0361169645510522,0.03935348421946862,76
40,AA requirements,9,0.003195947282356143,0.0361169645510522,0.03931291183340834,76
41,Auxotroph type,0,0.009714169196101158,0.03336736256660071,0.043081531762701866,90
41,Auxotroph type,1,0.012582032139135134,0.03336736256660071,0.04594939470573584,90
41,Auxotroph type,2,0.01279316231960452,0.03336736256660071,0.04616052488620523,90
41,Auxotroph type,3,0.011682255951929843,0.03336736256660071,0.04504961851853055,90
41,Auxotroph type,4,0.009284634140647612,0.03336736256660071,0.04265199670724832,90
41,Auxotroph type,5,0.012173060412534097,0.03336736256660071,0.045540422979134805,90
41,Auxotroph type,6,0.008369993340789438,0.03336736256660071,0.041737355907390146,90
41,Auxotroph type,7,0.012809424738969816,0.03336736256660071,0.046176787305570524,90
41,Auxotroph type,8,0.013440052724119377,0.03336736256660071,0.046807415290720085,90
41,Auxotroph type,9,0.00781400808144208,0.03336736256660071,0.04118137064804279,90
41,Prototroph growth,0,0.0055778814847152886,0.03336736256660071,0.038945244051316,90
41,Prototroph growth,1,0.0012869266280589528,0.03336736256660071,0.03465428919465966,90
41,Prototroph growth,2,0.0018805537461729707,0.03336736256660071,0.03524791631277368,90
41,Prototroph growth,3,0.002076018001134307,0.03336736256660071,0.035443380567735015,90
41,Prototroph growth,4,0.0050092252099895665,0.03336736256660071,0.038376587776590275,90
41,Prototroph growth,5,0.001965005505728784,0.03336736256660071,0.03533236807232949,90
41,Prototroph growth,6,0.0007522560876742357,0.03336736256660071,0.034119618654274944,90
41,Prototroph growth,7,0.00036838870789866057,0.03336736256660071,0.03373575127449937,90
41,Prototroph growth,8,0.0057326592178546035,0.03336736256660071,0.03910002178445531,90
41,Prototroph growth,9,-4.3798059258762234e-05,0.03336736256660071,0.033323564507341946,90
41,Environment,0,0.005230751491212299,0.03336736256660071,0.03859811405781301,90
41,Environment,1,0.004844890405456256,0.03336736256660071,0.038212252972056965,90
41,Environment,2,0.0057525890272084185,0.03336736256660071,0.03911995159380913,90
41,Environment,3,0.0018103191224209461,0.03336736256660071,0.035177681689021655,90
41,Environment,4,0.00472490663264747,0.03336736256660071,0.03809226919924818,90
41,Environment,5,0.006623209577128954,0.03336736256660071,0.03999057214372966,90
41,Environment,6,0.004767814333037981,0.03336736256660071,0.03813517689963869,90
41,Environment,7,0.006453508054762712,0.03336736256660071,0.03982087062136342,90
41,Environment,8,0.0033979588092962892,0.03336736256660071,0.036765321375897,90
41,Environment,9,0.0024078000618188156,0.03336736256660071,0.035775162628419524,90
41,Species,0,0.011212093639361133,0.03336736256660071,0.04457945620596184,90
41,Species,1,0.0055138501885292485,0.03336736256660071,0.03888121275512996,90
41,Species,2,0.00020773679087633667,0.03336736256660071,0.033575099357477045,90
41,Species,3,0.009304019088756568,0.03336736256660071,0.04267138165535728,90
41,Species,4,0.009888299549943663,0.03336736256660071,0.04325566211654437,90
41,Species,5,0.0071721770617074534,0.03336736256660071,0.04053953962830816,90
41,Species,6,0.00991131592454108,0.03336736256660071,0.04327867849114179,90
41,Species,7,0.007975913104258117,0.03336736256660071,0.041343275670858826,90
41,Species,8,0.012143021335153062,0.03336736256660071,0.04551038390175377,90
41,Species,9,0.008618086540612808,0.03336736256660071,0.04198544910721352,90
41,AA requirements,0,0.0019106476551507684,0.03336736256660071,0.03527801022175148,90
41,AA requirements,1,0.0012311915645163013,0.03336736256660071,0.03459855413111701,90
41,AA requirements,2,0.001989030151174055,0.03336736256660071,0.035356392717774764,90
41,AA requirements,3,0.000849256507506474,0.03336736256660071,0.03421661907410718,90
41,AA requirements,4,0.001677421003835347,0.03336736256660071,0.035044783570436056,90
41,AA requirements,5,0.0014795781132523472,0.03336736256660071,0.034846940679853056,90
41,AA requirements,6,0.002559391071547429,0.03336736256660071,0.03592675363814814,90
41,AA requirements,7,0.002287179720382976,0.03336736256660071,0.035654542286983684,90
41,AA requirements,8,0.0019571903906666147,0.03336736256660071,0.03532455295726732,90
41,AA requirements,9,0.0028683585133062323,0.03336736256660071,0.03623572107990694,90
42,Auxotroph type,0,-0.0007947792464446449,0.02904270855548901,0.028247929309044364,95
42,Auxotroph type,1,0.003733223919771732,0.02904270855548901,0.03277593247526074,95
42,Auxotroph type,2,0.0066832589264545425,0.02904270855548901,0.03572596748194355,95
42,Auxotroph type,3,-0.0015710225758051137,0.02904270855548901,0.027471685979683896,95
42,Auxotroph type,4,0.0026029786778398734,0.02904270855548901,0.03164568723332888,95
42,Auxotroph type,5,0.007940596006196253,0.02904270855548901,0.03698330456168526,95
42,Auxotroph type,6,0.009644662322198808,0.02904270855548901,0.03868737087768782,95
42,Auxotroph type,7,0.0049474849083889424,0.02904270855548901,0.03399019346387795,95
42,Auxotroph type,8,0.0024281149084890777,0.02904270855548901,0.03147082346397809,95
42,Auxotroph type,9,0.004340824695045459,0.02904270855548901,0.03338353325053447,95
42,Prototroph growth,0,0.012010909324249822,0.02904270855548901,0.04105361787973883,95
42,Prototroph growth,1,0.010379982784057065,0.02904270855548901,0.039422691339546075,95
42,Prototroph growth,2,0.0030445982691127693,0.02904270855548901,0.03208730682460178,95
42,Prototroph growth,3,0.006500388546372596,0.02904270855548901,0.035543097101861605,95
42,Prototroph growth,4,0.009444887033395244,0.02904270855548901,0.03848759558888425,95
42,Prototroph growth,5,0.005542227422072256,0.02904270855548901,0.034584935977561265,95
42,Prototroph growth,6,0.010379892872089388,0.02904270855548901,0.0394226014275784,95
42,Prototroph growth,7,0.011790495553574046,0.02904270855548901,0.040833204109063055,95
42,Prototroph growth,8,0.0063970683176004794,0.02904270855548901,0.03543977687308949,95
42,Prototroph growth,9,0.0077489419076893565,0.02904270855548901,0.036791650463178366,95
42,Environment,0,0.01119535380138953,0.02904270855548901,0.04023806235687854,95
42,Environment,1,0.015890290344437633,0.02904270855548901,0.04493299889992664,95
42,Environment,2,0.009974596320751677,0.02904270855548901,0.03901730487624069,95
42,Environment,3,0.01175281061607443,0.02904270855548901,0.04079551917156344,95
42,Environment,4,0.0111203348782603,0.02904270855548901,0.04016304343374931,95
42,Environment,5,0.00810936936592243,0.02904270855548901,0.03715207792141144,95
42,Environment,6,0.009429316330980583,0.02904270855548901,0.03847202488646959,95
42,Environment,7,0.013163358336374435,0.02904270855548901,0.042206066891863445,95
42,Environment,8,0.009090168865121179,0.02904270855548901,0.03813287742061019,95
42,Environment,9,0.013519173159697556,0.02904270855548901,0.042561881715186566,95
42,Species,0,0.007251254826482673,0.02904270855548901,0.03629396338197168,95
42,Species,1,0.009758630919241687,0.02904270855548901,0.038801339474730696,95
42,Species,2,0.012194243790101915,0.02904270855548901,0.041236952345590924,95
42,Species,3,0.010042859387553095,0.02904270855548901,0.039085567943042104,95
42,Species,4,0.01156076858366556,0.02904270855548901,0.04060347713915457,95
42,Species,5,0.008937856999973438,0.02904270855548901,0.03798056555546245,95
42,Species,6,0.008017673858338563,0.02904270855548901,0.03706038241382757,95
42,Species,7,0.008563361864853153,0.02904270855548901,0.03760607042034216,95
42,Species,8,0.011587146663369123,0.02904270855548901,0.04062985521885813,95
42,Species,9,0.008896240035661432,0.02904270855548901,0.03793894859115044,95
42,AA requirements,0,1.9272823173283743e-05,0.02904270855548901,0.029061981378662293,95
42,AA requirements,1,-0.001580669218546351,0.02904270855548901,0.02746203933694266,95
42,AA requirements,2,-0.00046941079868154795,0.02904270855548901,0.02857329775680746,95
42,AA requirements,3,6.707076461486342e-05,0.02904270855548901,0.029109779320103873,95
42,AA requirements,4,-0.0012176124851228619,0.02904270855548901,0.027825096070366147,95
42,AA requirements,5,0.00017580836921066156,0.02904270855548901,0.02921851692469967,95
42,AA requirements,6,-0.0011231217931200917,0.02904270855548901,0.027919586762368918,95
42,AA requirements,7,0.0007829099564846953,0.02904270855548901,0.029825618511973705,95
42,AA requirements,8,0.00011301173819468907,0.02904270855548901,0.0291557202936837,95
42,AA requirements,9,-0.0003996891218588927,0.02904270855548901,0.028643019433630117,95
43,Auxotroph type,0,0.027552443344797412,0.027992448617851818,0.05554489196264923,68
43,Auxotroph type,1,0.023011491996650587,0.027992448617851818,0.051003940614502405,68
43,Auxotroph type,2,0.016580493525099663,0.027992448617851818,0.04457294214295148,68
43,Auxotroph type,3,0.022319649613388465,0.027992448617851818,0.05031209823124028,68
43,Auxotroph type,4,0.021421569774270118,0.027992448617851818,0.049414018392121936,68
43,Auxotroph type,5,0.02113455985731758,0.027992448617851818,0.0491270084751694,68
43,Auxotroph type,6,0.02444444009355234,0.027992448617851818,0.05243688871140416,68
43,Auxotroph type,7,0.025862213662690554,0.027992448617851818,0.05385466228054237,68
43,Auxotroph type,8,0.018139005371594952,0.027992448617851818,0.04613145398944677,68
43,Auxotroph type,9,0.02207721064761675,0.027992448617851818,0.050069659265468566,68
43,Prototroph growth,0,0.007593306656379351,0.027992448617851818,0.03558575527423117,68
43,Prototroph growth,1,0.012125124238985045,0.027992448617851818,0.04011757285683686,68
43,Prototroph growth,2,0.0063310185289182745,0.027992448617851818,0.03432346714677009,68
43,Prototroph growth,3,0.006667885748102811,0.027992448617851818,0.03466033436595463,68
43,Prototroph growth,4,0.007366963079121266,0.027992448617851818,0.035359411696973084,68
43,Prototroph growth,5,0.009698967965781017,0.027992448617851818,0.037691416583632835,68
43,Prototroph growth,6,0.008550097256326088,0.027992448617851818,0.036542545874177906,68
43,Prototroph growth,7,0.008529300417044073,0.027992448617851818,0.03652174903489589,68
43,Prototroph growth,8,0.013382215558632175,0.027992448617851818,0.04137466417648399,68
43,Prototroph growth,9,0.009172420785403656,0.027992448617851818,0.037164869403255474,68
43,Environment,0,0.005176228355785139,0.027992448617851818,0.03316867697363696,68
43,Environment,1,0.0063608187496783895,0.027992448617851818,0.03435326736753021,68
43,Environment,2,0.004868218832813128,0.027992448617851818,0.032860667450664946,68
43,Environment,3,0.007017592140486837,0.027992448617851818,0.035010040758338655,68
43,Environment,4,0.004991798401673766,0.027992448617851818,0.032984247019525584,68
43,Environment,5,0.007459170661645368,0.027992448617851818,0.035451619279497186,68
43,Environment,6,0.006709451778264788,0.027992448617851818,0.034701900396116606,68
43,Environment,7,0.008178267625026079,0.027992448617851818,0.0361707162428779,68
43,Environment,8,0.0059344575438793935,0.027992448617851818,0.03392690616173121,68
43,Environment,9,0.0101549431815799,0.027992448617851818,0.03814739179943172,68
43,Species,0,0.018868695094225407,0.027992448617851818,0.046861143712077225,68
43,Species,1,0.020898361509999106,0.027992448617851818,0.048890810127850924,68
43,Species,2,0.01817178497049288,0.027992448617851818,0.0461642335883447,68
43,Species,3,0.01728154176796803,0.027992448617851818,0.04527399038581985,68
43,Species,4,0.015253739137277938,0.027992448617851818,0.043246187755129756,68
43,Species,5,0.01644600139068265,0.027992448617851818,0.04443845000853447,68
43,Species,6,0.01872811782763847,0.027992448617851818,0.04672056644549029,68
43,Species,7,0.02590036744273534,0.027992448617851818,0.053892816060587156,68
43,Species,8,0.019200834869925524,0.027992448617851818,0.04719328348777734,68
43,Species,9,0.022184949160808157,0.027992448617851818,0.050177397778659975,68
43,AA requirements,0,0.003555342390372914,0.027992448617851818,0.03154779100822473,68
43,AA requirements,1,0.005360442220117775,0.027992448617851818,0.03335289083796959,68
43,AA requirements,2,0.003852629116121036,0.027992448617851818,0.031845077733972854,68
43,AA requirements,3,0.004453024627654446,0.027992448617851818,0.032445473245506264,68
43,AA requirements,4,0.00563442761802049,0.027992448617851818,0.03362687623587231,68
43,AA requirements,5,0.00498675370736985,0.027992448617851818,0.03297920232522167,68
43,AA requirements,6,0.00464105887928647,0.027992448617851818,0.03263350749713829,68
43,AA requirements,7,0.004599302999107605,0.027992448617851818,0.03259175161695942,68
43,AA requirements,8,0.005128387696447603,0.027992448617851818,0.03312083631429942,68
43,AA requirements,9,0.007480146948829269,0.027992448617851818,0.03547259556668109,68
44,Auxotroph type,0,0.012122946133787345,0.036102198976846175,0.04822514511063352,95
44,Auxotroph type,1,0.008526056540605384,0.036102198976846175,0.04462825551745156,95
44,Auxotroph type,2,0.014076669468324303,0.036102198976846175,0.05017886844517048,95
44,Auxotroph type,3,0.011608122650913918,0.036102198976846175,0.047710321627760094,95
44,Auxotroph type,4,0.009171901281653579,0.036102198976846175,0.045274100258499754,95
44,Auxotroph type,5,0.019542345386930518,0.036102198976846175,0.05564454436377669,95
44,Auxotroph type,6,0.010025846732943086,0.036102198976846175,0.04612804570978926,95
44,Auxotroph type,7,0.017439976564122134,0.036102198976846175,0.05354217554096831,95
44,Auxotroph type,8,0.018272042065349325,0.036102198976846175,0.0543742410421955,95
44,Auxotroph type,9,0.009199429716245835,0.036102198976846175,0.04530162869309201,95
44,Prototroph growth,0,0.01334437652692156,0.036102198976846175,0.049446575503767735,95
44,Prototroph growth,1,0.008933515376852094,0.036102198976846175,0.04503571435369827,95
44,Prototroph growth,2,0.009075398888280677,0.036102198976846175,0.04517759786512685,95
44,Prototroph growth,3,0.009647136995153537,0.036102198976846175,0.04574933597199971,95
44,Prototroph growth,4,0.007336406892974941,0.036102198976846175,0.043438605869821116,95
44,Prototroph growth,5,0.005450295617874308,0.036102198976846175,0.041552494594720484,95
44,Prototroph growth,6,0.010841339391532812,0.036102198976846175,0.04694353836837899,95
44,Prototroph growth,7,0.00983901451104048,0.036102198976846175,0.045941213487886656,95
44,Prototroph growth,8,0.0109422898437855,0.036102198976846175,0.047044488820631676,95
44,Prototroph growth,9,0.006719242674036195,0.036102198976846175,0.04282144165088237,95
44,Environment,0,0.010360979835724024,0.036102198976846175,0.0464631788125702,95
44,Environment,1,0.009085758660433534,0.036102198976846175,0.04518795763727971,95
44,Environment,2,0.0066393514412422805,0.036102198976846175,0.042741550418088456,95
44,Environment,3,0.0057132478435187595,0.036102198976846175,0.041815446820364935,95
44,Environment,4,0.011256593741338423,0.036102198976846175,0.0473587927181846,95
44,Environment,5,0.011719710512054449,0.036102198976846175,0.047821909488900624,95
44,Environment,6,0.010865347514290802,0.036102198976846175,0.04696754649113698,95
44,Environment,7,0.013953947123101024,0.036102198976846175,0.0500561460999472,95
44,Environment,8,0.00977825272933485,0.036102198976846175,0.045880451706181026,95
44,Environment,9,0.00818155983795521,0.036102198976846175,0.044283758814801386,95
44,Species,0,0.010042372413125264,0.036102198976846175,0.04614457138997144,95
44,Species,1,0.0180097610621772,0.036102198976846175,0.054111960039023375,95
44,Species,2,0.014894605056211763,0.036102198976846175,0.05099680403305794,95
44,Species,3,0.01777213615674443,0.036102198976846175,0.053874335133590606,95
44,Species,4,0.015308699858174658,0.036102198976846175,0.051410898835020834,95
44,Species,5,0.016093215106443827,0.036102198976846175,0.05219541408329,95
44,Species,6,0.01013240831962043,0.036102198976846175,0.046234607296466605,95
44,Species,7,0.01447835204403615,0.036102198976846175,0.050580551020882325,95
44,Species,8,0.019200651830698398,0.036102198976846175,0.055302850807544573,95
44,Species,9,0.015749404092635762,0.036102198976846175,0.05185160306948194,95
44,AA requirements,0,0.0032304757514003135,0.036102198976846175,0.03933267472824649,95
44,AA requirements,1,0.004309925469215929,0.036102198976846175,0.040412124446062105,95
44,AA requirements,2,0.0043557675515299155,0.036102198976846175,0.04045796652837609,95
44,AA requirements,3,0.002287876525729253,0.036102198976846175,0.03839007550257543,95
44,AA requirements,4,0.004341130854924075,0.036102198976846175,0.04044332983177025,95
44,AA requirements,5,0.005152794519886747,0.036102198976846175,0.04125499349673292,95
44,AA requirements,6,0.004919412603197171,0.036102198976846175,0.041021611580043346,95
44,AA requirements,7,0.0059891889307457785,0.036102198976846175,0.042091387907591954,95
44,AA requirements,8,0.004959974181328083,0.036102198976846175,0.04106217315817426,95
44,AA requirements,9,0.003135562720670844,0.036102198976846175,0.03923776169751702,95
45,Auxotroph type,0,0.01751038641892653,0.019156119129428845,0.03666650554835538,80
45,Auxotroph type,1,0.00722929549563164,0.019156119129428845,0.026385414625060485,80
45,Auxotroph type,2,0.01655064586526866,0.019156119129428845,0.03570676499469751,80
45,Auxotroph type,3,0.019053003536952,0.019156119129428845,0.038209122666380844,80
45,Auxotroph type,4,0.013424004324165423,0.019156119129428845,0.03258012345359427,80
45,Auxotroph type,5,0.01679794220440964,0.019156119129428845,0.03595406133383849,80
45,Auxotroph type,6,0.024217573477126542,0.019156119129428845,0.04337369260655539,80
45,Auxotroph type,7,0.019224686568126276,0.019156119129428845,0.03838080569755512,80
45,Auxotroph type,8,0.012005744923676523,0.019156119129428845,0.031161864053105368,80
45,Auxotroph type,9,0.012573627090706255,0.019156119129428845,0.0317297462201351,80
45,Prototroph growth,0,0.009983557125038876,0.019156119129428845,0.02913967625446772,80
45,Prototroph growth,1,0.010988665052229302,0.019156119129428845,0.030144784181658148,80
45,Prototroph growth,2,0.01166138397053669,0.019156119129428845,0.030817503099965535,80
45,Prototroph growth,3,0.00984206609609187,0.019156119129428845,0.028998185225520716,80
45,Prototroph growth,4,0.012558943016694881,0.019156119129428845,0.031715062146123726,80
45,Prototroph growth,5,0.012368531731704765,0.019156119129428845,0.03152465086113361,80
45,Prototroph growth,6,0.006544787131342829,0.019156119129428845,0.025700906260771674,80
45,Prototroph growth,7,0.010843452065156824,0.019156119129428845,0.02999957119458567,80
45,Prototroph growth,8,0.010334372077481616,0.019156119129428845,0.02949049120691046,80
45,Prototroph growth,9,0.0029852037484919616,0.019156119129428845,0.022141322877920807,80
45,Environment,0,0.01117108307997244,0.019156119129428845,0.030327202209401286,80
45,Environment,1,0.005248845665401566,0.019156119129428845,0.02440496479483041,80
45,Environment,2,0.009541128324983893,0.019156119129428845,0.02869724745441274,80
45,Environment,3,0.01438953776032056,0.019156119129428845,0.033545656889749406,80
45,Environment,4,0.008873405798872438,0.019156119129428845,0.028029524928301283,80
45,Environment,5,0.011354411853525679,0.019156119129428845,0.030510530982954524,80
45,Environment,6,0.013659056707322075,0.019156119129428845,0.03281517583675092,80
45,Environment,7,0.014478264652297974,0.019156119129428845,0.03363438378172682,80
45,Environment,8,0.014394466893131005,0.019156119129428845,0.03355058602255985,80
45,Environment,9,0.013972272803945324,0.019156119129428845,0.03312839193337417,80
45,Species,0,0.019865325686824867,0.019156119129428845,0.03902144481625371,80
45,Species,1,0.0180631174148233,0.019156119129428845,0.037219236544252146,80
45,Species,2,0.021460443487197254,0.019156119129428845,0.0406165626166261,80
45,Species,3,0.023349308434994633,0.019156119129428845,0.04250542756442348,80
45,Species,4,0.018442123376874568,0.019156119129428845,0.03759824250630341,80
45,Species,5,0.010305938563607155,0.019156119129428845,0.029462057693036,80
45,Species,6,0.0224532753279584,0.019156119129428845,0.04160939445738725,80
45,Species,7,0.012506880897465805,0.019156119129428845,0.03166300002689465,80
45,Species,8,0.019590256014112312,0.019156119129428845,0.03874637514354116,80
45,Species,9,0.01993627612158141,0.019156119129428845,0.039092395251010256,80
45,AA requirements,0,0.0020098608247238192,0.019156119129428845,0.021165979954152665,80
45,AA requirements,1,0.0023153359803876616,0.019156119129428845,0.021471455109816507,80
45,AA requirements,2,0.004079166769948017,0.019156119129428845,0.023235285899376863,80
45,AA requirements,3,0.0027135383885828618,0.019156119129428845,0.021869657518011707,80
45,AA requirements,4,0.0017776504702778986,0.019156119129428845,0.020933769599706744,80
45,AA requirements,5,0.003198742442849862,0.019156119129428845,0.022354861572278707,80
45,AA requirements,6,0.003486985384951048,0.019156119129428845,0.022643104514379894,80
45,AA requirements,7,0.0020155592231222708,0.019156119129428845,0.021171678352551116,80
45,AA requirements,8,0.002958052160468211,0.019156119129428845,0.022114171289897056,80
45,AA requirements,9,0.0033345171407624316,0.019156119129428845,0.022490636270191277,80
46,Auxotroph type,0,0.014205982581555691,0.02621560702036068,0.04042158960191637,66
46,Auxotroph type,1,0.009544001182822531,0.02621560702036068,0.03575960820318321,66
46,Auxotroph type,2,0.013758107776715475,0.02621560702036068,0.039973714797076156,66
46,Auxotroph type,3,0.011646164693667041,0.02621560702036068,0.03786177171402772,66
46,Auxotroph type,4,0.007899105878297279,0.02621560702036068,0.03411471289865796,66
46,Auxotroph type,5,0.0059453780854995045,0.02621560702036068,0.032160985105860185,66
46,Auxotroph type,6,0.011217269183464142,0.02621560702036068,0.03743287620382482,66
46,Auxotroph type,7,0.010780474392480428,0.02621560702036068,0.03699608141284111,66
46,Auxotroph type,8,0.009574887003299441,0.02621560702036068,0.03579049402366012,66
46,Auxotroph type,9,0.008259266613131928,0.02621560702036068,0.03447487363349261,66
46,Prototroph growth,0,0.0022080661812324126,0.02621560702036068,0.028423673201593093,66
46,Prototroph growth,1,-0.0016439683361424151,0.02621560702036068,0.024571638684218265,66
46,Prototroph growth,2,0.0011892399607163588,0.02621560702036068,0.02740484698107704,66
46,Prototroph growth,3,0.006232501011268848,0.02621560702036068,0.03244810803162953,66
46,Prototroph growth,4,-5.6328470755998006e-05,0.02621560702036068,0.026159278549604682,66
46,Prototroph growth,5,-0.0007080356839917271,0.02621560702036068,0.025507571336368953,66
46,Prototroph growth,6,-0.0012324690703370209,0.02621560702036068,0.02498313795002366,66
46,Prototroph growth,7,0.000619776459050158,0.02621560702036068,0.026835383479410838,66
46,Prototroph growth,8,0.00043391512531741616,0.02621560702036068,0.026649522145678096,66
46,Prototroph growth,9,0.0035381873302722973,0.02621560702036068,0.029753794350632978,66
46,Environment,0,0.0032015095963071095,0.02621560702036068,0.02941711661666779,66
46,Environment,1,0.0032886984433000664,0.02621560702036068,0.029504305463660747,66
46,Environment,2,0.005832861283560822,0.02621560702036068,0.0320484683039215,66
46,Environment,3,0.0019000523869564696,0.02621560702036068,0.02811565940731715,66
46,Environment,4,0.004346675903666691,0.02621560702036068,0.03056228292402737,66
46,Environment,5,0.005486918844581433,0.02621560702036068,0.03170252586494211,66
46,Environment,6,0.004973891260653895,0.02621560702036068,0.031189498281014576,66
46,Environment,7,0.0067392732263003505,0.02621560702036068,0.03295488024666103,66
46,Environment,8,0.0036481489548624638,0.02621560702036068,0.029863755975223144,66
46,Environment,9,0.005684512534125961,0.02621560702036068,0.03190011955448664,66
46,Species,0,0.007413748799538981,0.02621560702036068,0.03362935581989966,66
46,Species,1,0.008484868439749133,0.02621560702036068,0.03470047546010981,66
46,Species,2,0.0095426436798818,0.02621560702036068,0.03575825070024248,66
46,Species,3,0.007304349915278466,0.02621560702036068,0.033519956935639146,66
46,Species,4,0.008709054888277341,0.02621560702036068,0.03492466190863802,66
46,Species,5,0.00718418787697573,0.02621560702036068,0.03339979489733641,66
46,Species,6,0.008829900636953172,0.02621560702036068,0.03504550765731385,66
46,Species,7,0.008573017137731467,0.02621560702036068,0.03478862415809215,66
46,Species,8,0.008803752906569123,0.02621560702036068,0.035019359926929804,66
46,Species,9,0.008542865642294138,0.02621560702036068,0.03475847266265482,66
46,AA requirements,0,0.0008747135068691153,0.02621560702036068,0.027090320527229796,66
46,AA requirements,1,0.0005120910011193296,0.02621560702036068,0.02672769802148001,66
46,AA requirements,2,0.00026771200396166067,0.02621560702036068,0.02648331902432234,66
46,AA requirements,3,0.00016916624977890427,0.02621560702036068,0.026384773270139585,66
46,AA requirements,4,0.0011071487341893851,0.02621560702036068,0.027322755754550065,66
46,AA requirements,5,0.0008526128302036376,0.02621560702036068,0.027068219850564318,66
46,AA requirements,6,0.00018052336993864757,0.02621560702036068,0.026396130390299328,66
46,AA requirements,7,0.0004856603622530667,0.02621560702036068,0.026701267382613747,66
46,AA requirements,8,0.0006809945593034793,0.02621560702036068,0.02689660157966416,66
46,AA requirements,9,0.00048492629478580004,0.02621560702036068,0.02670053331514648,66
47,Auxotroph type,0,0.005494811607989321,0.025617167078513546,0.031111978686502867,80
47,Auxotroph type,1,0.007057338622507764,0.025617167078513546,0.03267450570102131,80
47,Auxotroph type,2,0.006103750682103365,0.025617167078513546,0.03172091776061691,80
47,Auxotroph type,3,0.00808735178735813,0.025617167078513546,0.033704518865871676,80
47,Auxotroph type,4,0.0032872391114372734,0.025617167078513546,0.02890440618995082,80
47,Auxotroph type,5,0.007231535190622168,0.025617167078513546,0.032848702269135714,80
47,Auxotroph type,6,0.005173819188220161,0.025617167078513546,0.030790986266733707,80
47,Auxotroph type,7,0.005274195485784568,0.025617167078513546,0.030891362564298114,80
47,Auxotroph type,8,0.009197564527604472,0.025617167078513546,0.03481473160611802,80
47,Auxotroph type,9,0.0059651034234431966,0.025617167078513546,0.03158227050195674,80
47,Prototroph growth,0,0.0014236419542637511,0.025617167078513546,0.027040809032777297,80
47,Prototroph growth,1,-7.611923866941012e-05,0.025617167078513546,0.025541047839844136,80
47,Prototroph growth,2,-0.00010130901078779161,0.025617167078513546,0.025515858067725754,80
47,Prototroph growth,3,-3.9636854617716016e-05,0.025617167078513546,0.02557753022389583,80
47,Prototroph growth,4,-0.0008123672015771348,0.025617167078513546,0.02480479987693641,80
47,Prototroph growth,5,0.000652151038518671,0.025617167078513546,0.026269318117032217,80
47,Prototroph growth,6,-0.00025454743655735357,0.025617167078513546,0.025362619641956193,80
47,Prototroph growth,7,0.00041457679836724715,0.025617167078513546,0.026031743876880793,80
47,Prototroph growth,8,-0.0007331061840566179,0.025617167078513546,0.024884060894456928,80
47,Prototroph growth,9,-0.0010209099818107997,0.025617167078513546,0.024596257096702746,80
47,Environment,0,0.0013128487851089832,0.025617167078513546,0.02693001586362253,80
47,Environment,1,0.002193577280319433,0.025617167078513546,0.02781074435883298,80
47,Environment,2,0.0009992951757124766,0.025617167078513546,0.026616462254226023,80
47,Environment,3,0.0016995611618340171,0.025617167078513546,0.027316728240347563,80
47,Environment,4,0.0011366059724490889,0.025617167078513546,0.026753773050962635,80
47,Environment,5,-0.0019111674387858706,0.025617167078513546,0.023705999639727676,80
47,Environment,6,-0.0004088256469145027,0.025617167078513546,0.025208341431599043,80
47,Environment,7,-0.0004091063899637065,0.025617167078513546,0.02520806068854984,80
47,Environment,8,0.001003319171337353,0.025617167078513546,0.0266204862498509,80
47,Environment,9,-0.0003551030183993886,0.025617167078513546,0.025262064060114157,80
47,Species,0,0.0016548537138244418,0.025617167078513546,0.027272020792337988,80
47,Species,1,0.0013310794928998344,0.025617167078513546,0.02694824657141338,80
47,Species,2,0.0025444035954717698,0.025617167078513546,0.028161570673985316,80
47,Species,3,0.0007890442319836051,0.025617167078513546,0.02640621131049715,80
47,Species,4,0.001135484194112791,0.025617167078513546,0.026752651272626337,80
47,Species,5,0.0022381129062720197,0.025617167078513546,0.027855279984785566,80
47,Species,6,0.003207802832702892,0.025617167078513546,0.028824969911216438,80
47,Species,7,0.000968353135439283,0.025617167078513546,0.02658552021395283,80
47,Species,8,0.001670139852088668,0.025617167078513546,0.027287306930602214,80
47,Species,9,0.0011251037574161668,0.025617167078513546,0.026742270835929713,80
47,AA requirements,0,0.0011429678142352573,0.025617167078513546,0.026760134892748803,80
47,AA requirements,1,0.0013070657633091863,0.025617167078513546,0.026924232841822732,80
47,AA requirements,2,0.00041193369714167746,0.025617167078513546,0.026029100775655224,80
47,AA requirements,3,-0.00025465082113528686,0.025617167078513546,0.02536251625737826,80
47,AA requirements,4,0.0009819012310989667,0.025617167078513546,0.026599068309612513,80
47,AA requirements,5,0.0003131212146943521,0.025617167078513546,0.025930288293207898,80
47,AA requirements,6,0.0004487941420926629,0.025617167078513546,0.02606596122060621,80
47,AA requirements,7,0.0004897052025576096,0.025617167078513546,0.026106872281071156,80
47,AA requirements,8,0.0007679162414474493,0.025617167078513546,0.026385083319960995,80
47,AA requirements,9,0.0001310080026861414,0.025617167078513546,0.025748175081199687,80
48,Auxotroph type,0,0.013547659129330779,0.017124081371121244,0.030671740500452023,71
48,Auxotroph type,1,0.009046262316979307,0.017124081371121244,0.02617034368810055,71
48,Auxotroph type,2,0.01183450234251656,0.017124081371121244,0.028958583713637805,71
48,Auxotroph type,3,0.014075810389270714,0.017124081371121244,0.031199891760391958,71
48,Auxotroph type,4,0.01225472036640636,0.017124081371121244,0.029378801737527604,71
48,Auxotroph type,5,0.00687361991126819,0.017124081371121244,0.023997701282389435,71
48,Auxotroph type,6,0.012182519427624324,0.017124081371121244,0.02930660079874557,71
48,Auxotroph type,7,0.009740806208066086,0.017124081371121244,0.02686488757918733,71
48,Auxotroph type,8,0.012500537049452688,0.017124081371121244,0.02962461842057393,71
48,Auxotroph type,9,0.0073841224082332145,0.017124081371121244,0.02450820377935446,71
48,Prototroph growth,0,0.005164098385306754,0.017124081371121244,0.022288179756428,71
48,Prototroph growth,1,0.0030415984682933897,0.017124081371121244,0.020165679839414634,71
48,Prototroph growth,2,0.0016778704833436409,0.017124081371121244,0.018801951854464885,71
48,Prototroph growth,3,0.004618339398748207,0.017124081371121244,0.02174242076986945,71
48,Prototroph growth,4,0.006149476087751793,0.017124081371121244,0.023273557458873037,71
48,Prototroph growth,5,0.0055237551344072405,0.017124081371121244,0.022647836505528485,71
48,Prototroph growth,6,0.004862826187478426,0.017124081371121244,0.02198690755859967,71
48,Prototroph growth,7,0.004112770083066878,0.017124081371121244,0.021236851454188122,71
48,Prototroph growth,8,0.0061146392157709305,0.017124081371121244,0.023238720586892175,71
48,Prototroph growth,9,0.00689036494225348,0.017124081371121244,0.024014446313374724,71
48,Environment,0,0.01306075685609916,0.017124081371121244,0.030184838227220404,71
48,Environment,1,0.014184464811666068,0.017124081371121244,0.03130854618278731,71
48,Environment,2,0.011452069905803747,0.017124081371121244,0.02857615127692499,71
48,Environment,3,0.013046290537901021,0.017124081371121244,0.030170371909022265,71
48,Environment,4,0.013810711715475214,0.017124081371121244,0.030934793086596458,71
48,Environment,5,0.016038078983683417,0.017124081371121244,0.03316216035480466,71
48,Environment,6,0.018314063462230773,0.017124081371121244,0.03543814483335202,71
48,Environment,7,0.007110247729034309,0.017124081371121244,0.024234329100155553,71
48,Environment,8,0.014440976793242542,0.017124081371121244,0.031565058164363786,71
48,Environment,9,0.014636068120225255,0.017124081371121244,0.0317601494913465,71
48,Species,0,0.015231862712829523,0.017124081371121244,0.03235594408395077,71
48,Species,1,0.02299963258531839,0.017124081371121244,0.040123713956439634,71
48,Species,2,0.01341991951045787,0.017124081371121244,0.030544000881579113,71
48,Species,3,0.015061982812200801,0.017124081371121244,0.032186064183322045,71
48,Species,4,0.0126496802400613,0.017124081371121244,0.029773761611182545,71
48,Species,5,0.014848024961251392,0.017124081371121244,0.031972106332372636,71
48,Species,6,0.009295582438648996,0.017124081371121244,0.02641966380977024,71
48,Species,7,0.015273961224855352,0.017124081371121244,0.032398042595976596,71
48,Species,8,0.017268953837582736,0.017124081371121244,0.03439303520870398,71
48,Species,9,0.01244285497516458,0.017124081371121244,0.029566936346285825,71
48,AA requirements,0,0.0011395969179318899,0.017124081371121244,0.018263678289053134,71
48,AA requirements,1,0.0015223407253037897,0.017124081371121244,0.018646422096425034,71
48,AA requirements,2,0.0015064775706874235,0.017124081371121244,0.018630558941808668,71
48,AA requirements,3,0.0022760954273519443,0.017124081371121244,0.01940017679847319,71
48,AA requirements,4,0.0019740736544304957,0.017124081371121244,0.01909815502555174,71
48,AA requirements,5,0.0012030872402406766,0.017124081371121244,0.01832716861136192,71
48,AA requirements,6,0.001226305038561682,0.017124081371121244,0.018350386409682926,71
48,AA requirements,7,0.000628253331433886,0.017124081371121244,0.01775233470255513,71
48,AA requirements,8,0.0013375197220621,0.017124081371121244,0.018461601093183344,71
48,AA requirements,9,0.002418992980912426,0.017124081371121244,0.01954307435203367,71
49,Auxotroph type,0,0.012034906363470328,0.05735916450147018,0.06939407086494051,75
49,Auxotroph type,1,0.010224748757761061,0.05735916450147018,0.06758391325923124,75
49,Auxotroph type,2,0.011158705401727358,0.05735916450147018,0.06851786990319754,75
49,Auxotroph type,3,0.019508134345887947,0.05735916450147018,0.07686729884735813,75
49,Auxotroph type,4,0.015769351739297728,0.05735916450147018,0.07312851624076791,75
49,Auxotroph type,5,0.019740241707539775,0.05735916450147018,0.07709940620900996,75
49,Auxotroph type,6,0.016600355022602327,0.05735916450147018,0.07395951952407251,75
49,Auxotroph type,7,0.010837642278112201,0.05735916450147018,0.06819680677958238,75
49,Auxotroph type,8,0.01051657623511703,0.05735916450147018,0.06787574073658721,75
49,Auxotroph type,9,0.013101614639745594,0.05735916450147018,0.07046077914121578,75
49,Prototroph growth,0,0.008183334889248321,0.05735916450147018,0.0655424993907185,75
49,Prototroph growth,1,0.008565063485121184,0.05735916450147018,0.06592422798659137,75
49,Prototroph growth,2,0.006891066191384111,0.05735916450147018,0.0642502306928543,75
49,Prototroph growth,3,0.0054400672266325875,0.05735916450147018,0.06279923172810277,75
49,Prototroph growth,4,0.006713707334509801,0.05735916450147018,0.06407287183597998,75
49,Prototroph growth,5,0.005520114321700777,0.05735916450147018,0.06287927882317096,75
49,Prototroph growth,6,0.0076320135805880915,0.05735916450147018,0.06499117808205827,75
49,Prototroph growth,7,0.006645957842139276,0.05735916450147018,0.06400512234360946,75
49,Prototroph growth,8,0.009334701946403089,0.05735916450147018,0.06669386644787327,75
49,Prototroph growth,9,0.00815838469384745,0.05735916450147018,0.06551754919531763,75
49,Environment,0,0.00800227174269317,0.05735916450147018,0.06536143624416335,75
49,Environment,1,0.0018100209874205506,0.05735916450147018,0.05916918548889073,75
49,Environment,2,0.008778002650934931,0.05735916450147018,0.06613716715240511,75
49,Environment,3,0.006300846581138213,0.05735916450147018,0.0636600110826084,75
49,Environment,4,0.006695702456452561,0.05735916450147018,0.06405486695792274,75
49,Environment,5,0.009074183696854442,0.05735916450147018,0.06643334819832462,75
49,Environment,6,0.008665353777732386,0.05735916450147018,0.06602451827920257,75
49,Environment,7,0.004936966031287689,0.05735916450147018,0.06229613053275787,75
49,Environment,8,0.006355035365973698,0.05735916450147018,0.06371419986744388,75
49,Environment,9,0.010166661342396001,0.05735916450147018,0.06752582584386618,75
49,Species,0,0.008062256015325585,0.05735916450147018,0.06542142051679577,75
49,Species,1,0.007613729138029844,0.05735916450147018,0.06497289363950003,75
49,Species,2,0.0044951343197255356,0.05735916450147018,0.06185429882119572,75
49,Species,3,0.011876028584592115,0.05735916450147018,0.0692351930860623,75
49,Species,4,0.007904650641445028,0.05735916450147018,0.06526381514291521,75
49,Species,5,0.006526221948013507,0.05735916450147018,0.06388538644948369,75
49,Species,6,0.012298870176780365,0.05735916450147018,0.06965803467825055,75
49,Species,7,0.005302653389415844,0.05735916450147018,0.06266181789088603,75
49,Species,8,0.002630371294301208,0.05735916450147018,0.05998953579577139,75
49,Species,9,0.0050149292588369115,0.05735916450147018,0.062374093760307094,75
49,AA requirements,0,0.0033288113710895767,0.05735916450147018,0.06068797587255976,75
49,AA requirements,1,0.0025986318797115784,0.05735916450147018,0.05995779638118176,75
49,AA requirements,2,0.0036213129685475215,0.05735916450147018,0.060980477470017704,75
49,AA requirements,3,0.002855137978927884,0.05735916450147018,0.060214302480398066,75
49,AA requirements,4,0.0026542146964706956,0.05735916450147018,0.06001337919794088,75
49,AA requirements,5,0.0028084815602398908,0.05735916450147018,0.06016764606171007,75
49,AA requirements,6,0.0027329756169454864,0.05735916450147018,0.06009214011841567,75
49,AA requirements,7,0.003673099958627378,0.05735916450147018,0.06103226446009756,75
49,AA requirements,8,0.0036353710948967416,0.05735916450147018,0.060994535596366924,75
49,AA requirements,9,0.0033251364393141886,0.05735916450147018,0.06068430094078437,75
50,Auxotroph type,0,0.009492369283829787,0.02071502103271382,0.030207390316543608,71
50,Auxotroph type,1,0.012597645569080874,0.02071502103271382,0.033312666601794695,71
50,Auxotroph type,2,0.010917092835563112,0.02071502103271382,0.03163211386827693,71
50,Auxotroph type,3,0.007233940719669155,0.02071502103271382,0.027948961752382977,71
50,Auxotroph type,4,0.007945205180179778,0.02071502103271382,0.0286602262128936,71
50,Auxotroph type,5,0.006952905362736631,0.02071502103271382,0.027667926395450453,71
50,Auxotroph type,6,0.011838281374060292,0.02071502103271382,0.032553302406774114,71
50,Auxotroph type,7,0.008651106767603452,0.02071502103271382,0.029366127800317273,71
50,Auxotroph type,8,0.0034999807163704592,0.02071502103271382,0.02421500174908428,71
50,Auxotroph type,9,0.007471387280419146,0.02071502103271382,0.028186408313132967,71
50,Prototroph growth,0,-0.0001462867984047371,0.02071502103271382,0.020568734234309084,71
50,Prototroph growth,1,-0.0003168972112563215,0.02071502103271382,0.0203981238214575,71
50,Prototroph growth,2,0.0002744726393556704,0.02071502103271382,0.020989493672069492,71
50,Prototroph growth,3,-0.0004978110234015488,0.02071502103271382,0.020217210009312273,71
50,Prototroph growth,4,0.0004311778563165919,0.02071502103271382,0.021146198889030413,71
50,Prototroph growth,5,-0.0005005755703794482,0.02071502103271382,0.020214445462334373,71
50,Prototroph growth,6,-0.00017630469511246277,0.02071502103271382,0.02053871633760136,71
50,Prototroph growth,7,-0.00018911196379582315,0.02071502103271382,0.020525909068917998,71
50,Prototroph growth,8,-0.0008751580679253607,0.02071502103271382,0.01983986296478846,71
50,Prototroph growth,9,0.0007396005849646566,0.02071502103271382,0.021454621617678478,71
50,Environment,0,0.0024809170432273722,0.02071502103271382,0.023195938075941194,71
50,Environment,1,0.007254236458758993,0.02071502103271382,0.027969257491472815,71
50,Environment,2,0.004328921860953263,0.02071502103271382,0.025043942893667084,71
50,Environment,3,0.0055721171624972185,0.02071502103271382,0.02628713819521104,71
50,Environment,4,0.005715220235232247,0.02071502103271382,0.026430241267946068,71
50,Environment,5,0.005085034168532055,0.02071502103271382,0.025800055201245876,71
50,Environment,6,0.003854917057404733,0.02071502103271382,0.024569938090118554,71
50,Environment,7,0.007284569744020666,0.02071502103271382,0.027999590776734487,71
50,Environment,8,0.006705698061879196,0.02071502103271382,0.027420719094593017,71
50,Environment,9,0.006305912340447448,0.02071502103271382,0.02702093337316127,71
50,Species,0,0.009464247909095568,0.02071502103271382,0.03017926894180939,71
50,Species,1,0.011579815949153156,0.02071502103271382,0.03229483698186698,71
50,Species,2,0.006651583053819167,0.02071502103271382,0.02736660408653299,71
50,Species,3,0.00734965107356551,0.02071502103271382,0.02806467210627933,71
50,Species,4,0.004175396444866853,0.02071502103271382,0.024890417477580674,71
50,Species,5,0.005434476909075954,0.02071502103271382,0.026149497941789775,71
50,Species,6,0.00318186601911611,0.02071502103271382,0.02389688705182993,71
50,Species,7,0.006680823701631963,0.02071502103271382,0.027395844734345785,71
50,Species,8,0.00873971962840384,0.02071502103271382,0.02945474066111766,71
50,Species,9,0.002742968061747633,0.02071502103271382,0.023457989094461455,71
50,AA requirements,0,0.0009627201395467286,0.02071502103271382,0.02167774117226055,71
50,AA requirements,1,0.0012563913046088684,0.02071502103271382,0.02197141233732269,71
50,AA requirements,2,0.0011473252660988836,0.02071502103271382,0.021862346298812705,71
50,AA requirements,3,0.0016937303016234528,0.02071502103271382,0.022408751334337274,71
50,AA requirements,4,0.0009103177227475501,0.02071502103271382,0.02162533875546137,71
50,AA requirements,5,0.0012052573729385598,0.02071502103271382,0.02192027840565238,71
50,AA requirements,6,0.000988118329571578,0.02071502103271382,0.0217031393622854,71
50,AA requirements,7,0.0006246430153871788,0.02071502103271382,0.021339664048101,71
50,AA requirements,8,0.0010859885933295864,0.02071502103271382,0.021801009626043408,71
50,AA requirements,9,0.0016352678888413574,0.02071502103271382,0.02235028892155518,71
