Environment,Species,Pair,N,C,Aux1,Aux2,Mean,SEM,mono_aux1,Aux_OD_for_norm_mean1,Aux_OD_for_norm_sem1,mono_aux2,Aux_OD_for_norm_mean2,Aux_OD_for_norm_sem2,Auxs_growth_wo_AA,Norm_mean,Norm_sem,NS,CS,WT_mean,WT_sem,M_mean,M_sem,F_mean,F_sem,R_mean,R_sem,C_mean,C_sem,S_mean,S_sem,L_mean,L_sem,max_aux_mean,max_aux_sem,min_aux_mean,min_aux_sem
Ala + Fum,Bs,C+C,Ala,Fum,C,C,0.005,0.0,C,0.005,0.0,C,0.005,0.0,0.01,0.005,0.0,Ala,Fum,0.04466666666666667,0.013669105473455257,0.1045,0.00404763305319706,0.04566666666666667,0.014905629063470543,0.0295,0.0042485291572496005,0.052,0.00995657236870869,0.06466666666666666,0.0040715817292273256,0.15666666666666665,0.0222076063045475,0.052,0.00995657236870869,0.052,0.00995657236870869
Ala + Fum,Bs,F+C,Ala,Fum,F,C,0.0205,0.005352569476429053,F,0.010166666666666666,0.003936298317511574,C,0.005,0.0,0.015166666666666665,0.005333333333333336,0.006644128569228958,Ala,Fum,0.04466666666666667,0.013669105473455257,0.1045,0.00404763305319706,0.04566666666666667,0.014905629063470543,0.0295,0.0042485291572496005,0.052,0.00995657236870869,0.06466666666666666,0.0040715817292273256,0.15666666666666665,0.0222076063045475,0.052,0.00995657236870869,0.04566666666666667,0.014905629063470543
Ala + Fum,Bs,M+C,Ala,Fum,M,C,0.010833333333333334,0.003390345770632318,M,0.006833333333333334,0.0012224747213928164,C,0.005,0.0,0.011833333333333335,0.005,0.0036040101122068024,Ala,Fum,0.04466666666666667,0.013669105473455257,0.1045,0.00404763305319706,0.04566666666666667,0.014905629063470543,0.0295,0.0042485291572496005,0.052,0.00995657236870869,0.06466666666666666,0.0040715817292273256,0.15666666666666665,0.0222076063045475,0.1045,0.00404763305319706,0.052,0.00995657236870869
Ala + Fum,Bs,R+C,Ala,Fum,R,C,0.029166666666666664,0.0013763881881375057,R,0.005333333333333333,0.0003333333333333334,C,0.005,0.0,0.010333333333333333,0.01883333333333333,0.0014161763857498673,Ala,Fum,0.04466666666666667,0.013669105473455257,0.1045,0.00404763305319706,0.04566666666666667,0.014905629063470543,0.0295,0.0042485291572496005,0.052,0.00995657236870869,0.06466666666666666,0.0040715817292273256,0.15666666666666665,0.0222076063045475,0.052,0.00995657236870869,0.0295,0.0042485291572496005
Ala + Fum,Bs,F+F,Ala,Fum,F,F,0.010166666666666666,0.003936298317511574,F,0.010166666666666666,0.003936298317511574,F,0.010166666666666666,0.003936298317511574,0.02033333333333333,0.005,0.006817868679677935,Ala,Fum,0.04466666666666667,0.013669105473455257,0.1045,0.00404763305319706,0.04566666666666667,0.014905629063470543,0.0295,0.0042485291572496005,0.052,0.00995657236870869,0.06466666666666666,0.0040715817292273256,0.15666666666666665,0.0222076063045475,0.04566666666666667,0.014905629063470543,0.04566666666666667,0.014905629063470543
Ala + Fum,Bs,M+F,Ala,Fum,M,F,0.03,0.005853773711604051,M,0.006833333333333334,0.0012224747213928164,F,0.010166666666666666,0.003936298317511574,0.017,0.012999999999999998,0.007159298537954369,Ala,Fum,0.04466666666666667,0.013669105473455257,0.1045,0.00404763305319706,0.04566666666666667,0.014905629063470543,0.0295,0.0042485291572496005,0.052,0.00995657236870869,0.06466666666666666,0.0040715817292273256,0.15666666666666665,0.0222076063045475,0.1045,0.00404763305319706,0.04566666666666667,0.014905629063470543
Ala + Fum,Bs,C+L,Ala,Fum,C,L,0.007333333333333333,0.0008027729719194862,C,0.005,0.0,L,0.005,0.0,0.01,0.005,0.0008027729719194862,Ala,Fum,0.04466666666666667,0.013669105473455257,0.1045,0.00404763305319706,0.04566666666666667,0.014905629063470543,0.0295,0.0042485291572496005,0.052,0.00995657236870869,0.06466666666666666,0.0040715817292273256,0.15666666666666665,0.0222076063045475,0.15666666666666665,0.0222076063045475,0.052,0.00995657236870869
Ala + Fum,Bs,F+L,Ala,Fum,F,L,0.02383333333333333,0.006024487068991387,F,0.010166666666666666,0.003936298317511574,L,0.005,0.0,0.015166666666666665,0.008666666666666666,0.007196449741983118,Ala,Fum,0.04466666666666667,0.013669105473455257,0.1045,0.00404763305319706,0.04566666666666667,0.014905629063470543,0.0295,0.0042485291572496005,0.052,0.00995657236870869,0.06466666666666666,0.0040715817292273256,0.15666666666666665,0.0222076063045475,0.15666666666666665,0.0222076063045475,0.04566666666666667,0.014905629063470543
Ala + Fum,Bs,L+L,Ala,Fum,L,L,0.005,0.0,L,0.005,0.0,L,0.005,0.0,0.01,0.005,0.0,Ala,Fum,0.04466666666666667,0.013669105473455257,0.1045,0.00404763305319706,0.04566666666666667,0.014905629063470543,0.0295,0.0042485291572496005,0.052,0.00995657236870869,0.06466666666666666,0.0040715817292273256,0.15666666666666665,0.0222076063045475,0.15666666666666665,0.0222076063045475,0.15666666666666665,0.0222076063045475
Ala + Fum,Bs,M+L,Ala,Fum,M,L,0.09400000000000001,0.011108555261599054,M,0.006833333333333334,0.0012224747213928164,L,0.005,0.0,0.011833333333333335,0.08216666666666668,0.011175618302556886,Ala,Fum,0.04466666666666667,0.013669105473455257,0.1045,0.00404763305319706,0.04566666666666667,0.014905629063470543,0.0295,0.0042485291572496005,0.052,0.00995657236870869,0.06466666666666666,0.0040715817292273256,0.15666666666666665,0.0222076063045475,0.15666666666666665,0.0222076063045475,0.1045,0.00404763305319706
Ala + Fum,Bs,R+L,Ala,Fum,R,L,0.11183333333333334,0.021311056076860926,R,0.005333333333333333,0.0003333333333333334,L,0.005,0.0,0.010333333333333333,0.1015,0.02131366280633674,Ala,Fum,0.04466666666666667,0.013669105473455257,0.1045,0.00404763305319706,0.04566666666666667,0.014905629063470543,0.0295,0.0042485291572496005,0.052,0.00995657236870869,0.06466666666666666,0.0040715817292273256,0.15666666666666665,0.0222076063045475,0.15666666666666665,0.0222076063045475,0.0295,0.0042485291572496005
Ala + Fum,Bs,S+L,Ala,Fum,S,L,0.016833333333333336,0.010678378986427565,S,0.005,0.0,L,0.005,0.0,0.01,0.006833333333333335,0.010678378986427565,Ala,Fum,0.04466666666666667,0.013669105473455257,0.1045,0.00404763305319706,0.04566666666666667,0.014905629063470543,0.0295,0.0042485291572496005,0.052,0.00995657236870869,0.06466666666666666,0.0040715817292273256,0.15666666666666665,0.0222076063045475,0.15666666666666665,0.0222076063045475,0.06466666666666666,0.0040715817292273256
Ala + Fum,Bs,M+M,Ala,Fum,M,M,0.006833333333333334,0.0012224747213928164,M,0.006833333333333334,0.0012224747213928164,M,0.006833333333333334,0.0012224747213928164,0.013666666666666667,0.005,0.0021173883284209658,Ala,Fum,0.04466666666666667,0.013669105473455257,0.1045,0.00404763305319706,0.04566666666666667,0.014905629063470543,0.0295,0.0042485291572496005,0.052,0.00995657236870869,0.06466666666666666,0.0040715817292273256,0.15666666666666665,0.0222076063045475,0.1045,0.00404763305319706,0.1045,0.00404763305319706
Ala + Fum,Bs,F+R,Ala,Fum,F,R,0.0375,0.0010878112581387148,F,0.010166666666666666,0.003936298317511574,R,0.005333333333333333,0.0003333333333333334,0.0155,0.022,0.0040974246654318,Ala,Fum,0.04466666666666667,0.013669105473455257,0.1045,0.00404763305319706,0.04566666666666667,0.014905629063470543,0.0295,0.0042485291572496005,0.052,0.00995657236870869,0.06466666666666666,0.0040715817292273256,0.15666666666666665,0.0222076063045475,0.04566666666666667,0.014905629063470543,0.0295,0.0042485291572496005
Ala + Fum,Bs,M+R,Ala,Fum,M,R,0.04133333333333333,0.010108302418199494,M,0.006833333333333334,0.0012224747213928164,R,0.005333333333333333,0.0003333333333333334,0.012166666666666666,0.029166666666666667,0.010187410531304474,Ala,Fum,0.04466666666666667,0.013669105473455257,0.1045,0.00404763305319706,0.04566666666666667,0.014905629063470543,0.0295,0.0042485291572496005,0.052,0.00995657236870869,0.06466666666666666,0.0040715817292273256,0.15666666666666665,0.0222076063045475,0.1045,0.00404763305319706,0.0295,0.0042485291572496005
Ala + Fum,Bs,R+R,Ala,Fum,R,R,0.005333333333333333,0.0003333333333333334,R,0.005333333333333333,0.0003333333333333334,R,0.005333333333333333,0.0003333333333333334,0.010666666666666666,0.005,0.0005773502691896258,Ala,Fum,0.04466666666666667,0.013669105473455257,0.1045,0.00404763305319706,0.04566666666666667,0.014905629063470543,0.0295,0.0042485291572496005,0.052,0.00995657236870869,0.06466666666666666,0.0040715817292273256,0.15666666666666665,0.0222076063045475,0.0295,0.0042485291572496005,0.0295,0.0042485291572496005
Ala + Fum,Bs,C+S,Ala,Fum,C,S,0.005,0.0,C,0.005,0.0,S,0.005,0.0,0.01,0.005,0.0,Ala,Fum,0.04466666666666667,0.013669105473455257,0.1045,0.00404763305319706,0.04566666666666667,0.014905629063470543,0.0295,0.0042485291572496005,0.052,0.00995657236870869,0.06466666666666666,0.0040715817292273256,0.15666666666666665,0.0222076063045475,0.06466666666666666,0.0040715817292273256,0.052,0.00995657236870869
Ala + Fum,Bs,F+S,Ala,Fum,F,S,0.019,0.0017888543819998316,F,0.010166666666666666,0.003936298317511574,S,0.005,0.0,0.015166666666666665,0.005,0.0043237072570242825,Ala,Fum,0.04466666666666667,0.013669105473455257,0.1045,0.00404763305319706,0.04566666666666667,0.014905629063470543,0.0295,0.0042485291572496005,0.052,0.00995657236870869,0.06466666666666666,0.0040715817292273256,0.15666666666666665,0.0222076063045475,0.06466666666666666,0.0040715817292273256,0.04566666666666667,0.014905629063470543
Ala + Fum,Bs,M+S,Ala,Fum,M,S,0.011833333333333333,0.0019734346820820914,M,0.006833333333333334,0.0012224747213928164,S,0.005,0.0,0.011833333333333335,0.005,0.0023213980461973534,Ala,Fum,0.04466666666666667,0.013669105473455257,0.1045,0.00404763305319706,0.04566666666666667,0.014905629063470543,0.0295,0.0042485291572496005,0.052,0.00995657236870869,0.06466666666666666,0.0040715817292273256,0.15666666666666665,0.0222076063045475,0.1045,0.00404763305319706,0.06466666666666666,0.0040715817292273256
Ala + Fum,Bs,R+S,Ala,Fum,R,S,0.026,0.0013165611772087667,R,0.005333333333333333,0.0003333333333333334,S,0.005,0.0,0.010333333333333333,0.015666666666666666,0.0013581032524975576,Ala,Fum,0.04466666666666667,0.013669105473455257,0.1045,0.00404763305319706,0.04566666666666667,0.014905629063470543,0.0295,0.0042485291572496005,0.052,0.00995657236870869,0.06466666666666666,0.0040715817292273256,0.15666666666666665,0.0222076063045475,0.06466666666666666,0.0040715817292273256,0.0295,0.0042485291572496005
Ala + Fum,Bs,S+S,Ala,Fum,S,S,0.005,0.0,S,0.005,0.0,S,0.005,0.0,0.01,0.005,0.0,Ala,Fum,0.04466666666666667,0.013669105473455257,0.1045,0.00404763305319706,0.04566666666666667,0.014905629063470543,0.0295,0.0042485291572496005,0.052,0.00995657236870869,0.06466666666666666,0.0040715817292273256,0.15666666666666665,0.0222076063045475,0.06466666666666666,0.0040715817292273256,0.06466666666666666,0.0040715817292273256
Ala + Fum,Bs,WT+WT,Ala,Fum,WT,WT,0.04466666666666667,0.013669105473455257,,,,,,,,0.04466666666666667,0.0,Ala,Fum,0.04466666666666667,0.013669105473455257,0.1045,0.00404763305319706,0.04566666666666667,0.014905629063470543,0.0295,0.0042485291572496005,0.052,0.00995657236870869,0.06466666666666666,0.0040715817292273256,0.15666666666666665,0.0222076063045475,0.04466666666666667,0.013669105473455257,0.04466666666666667,0.013669105473455257
Ala + Fum,Ec,C+C,Ala,Fum,C,C,0.005,0.0,C,0.005,0.0,C,0.005,0.0,0.01,0.005,0.0,Ala,Fum,0.5588333333333333,0.012644937502591477,0.6955,0.059849672792199375,0.5815,0.03025089530355535,0.359,0.020466232351526416,0.03266666666666667,0.0011450376024878448,0.10116666666666667,0.020528706188597902,0.28583333333333333,0.02284063143707819,0.03266666666666667,0.0011450376024878448,0.03266666666666667,0.0011450376024878448
Ala + Fum,Ec,F+C,Ala,Fum,F,C,0.04066666666666666,0.0008432740427115679,F,0.06266666666666666,0.005846176338238332,C,0.005,0.0,0.06766666666666667,0.005,0.005906681715556448,Ala,Fum,0.5588333333333333,0.012644937502591477,0.6955,0.059849672792199375,0.5815,0.03025089530355535,0.359,0.020466232351526416,0.03266666666666667,0.0011450376024878448,0.10116666666666667,0.020528706188597902,0.28583333333333333,0.02284063143707819,0.5815,0.03025089530355535,0.03266666666666667,0.0011450376024878448
Ala + Fum,Ec,M+C,Ala,Fum,M,C,0.007833333333333333,0.0003073181485764295,M,0.005,0.0,C,0.005,0.0,0.01,0.005,0.0003073181485764295,Ala,Fum,0.5588333333333333,0.012644937502591477,0.6955,0.059849672792199375,0.5815,0.03025089530355535,0.359,0.020466232351526416,0.03266666666666667,0.0011450376024878448,0.10116666666666667,0.020528706188597902,0.28583333333333333,0.02284063143707819,0.6955,0.059849672792199375,0.03266666666666667,0.0011450376024878448
Ala + Fum,Ec,R+C,Ala,Fum,R,C,0.009333333333333334,0.0004944132324730439,R,0.005,0.0,C,0.005,0.0,0.01,0.005,0.0004944132324730439,Ala,Fum,0.5588333333333333,0.012644937502591477,0.6955,0.059849672792199375,0.5815,0.03025089530355535,0.359,0.020466232351526416,0.03266666666666667,0.0011450376024878448,0.10116666666666667,0.020528706188597902,0.28583333333333333,0.02284063143707819,0.359,0.020466232351526416,0.03266666666666667,0.0011450376024878448
Ala + Fum,Ec,F+F,Ala,Fum,F,F,0.06266666666666666,0.005846176338238332,F,0.06266666666666666,0.005846176338238332,F,0.06266666666666666,0.005846176338238332,0.12533333333333332,0.005,0.010125874447835765,Ala,Fum,0.5588333333333333,0.012644937502591477,0.6955,0.059849672792199375,0.5815,0.03025089530355535,0.359,0.020466232351526416,0.03266666666666667,0.0011450376024878448,0.10116666666666667,0.020528706188597902,0.28583333333333333,0.02284063143707819,0.5815,0.03025089530355535,0.5815,0.03025089530355535
Ala + Fum,Ec,M+F,Ala,Fum,M,F,0.6925,0.07216035384244363,M,0.005,0.0,F,0.06266666666666666,0.005846176338238332,0.06766666666666667,0.6248333333333334,0.07239678476593035,Ala,Fum,0.5588333333333333,0.012644937502591477,0.6955,0.059849672792199375,0.5815,0.03025089530355535,0.359,0.020466232351526416,0.03266666666666667,0.0011450376024878448,0.10116666666666667,0.020528706188597902,0.28583333333333333,0.02284063143707819,0.6955,0.059849672792199375,0.5815,0.03025089530355535
Ala + Fum,Ec,C+L,Ala,Fum,C,L,0.0075,0.0015864005379054393,C,0.005,0.0,L,0.005,0.0,0.01,0.005,0.0015864005379054393,Ala,Fum,0.5588333333333333,0.012644937502591477,0.6955,0.059849672792199375,0.5815,0.03025089530355535,0.359,0.020466232351526416,0.03266666666666667,0.0011450376024878448,0.10116666666666667,0.020528706188597902,0.28583333333333333,0.02284063143707819,0.28583333333333333,0.02284063143707819,0.03266666666666667,0.0011450376024878448
Ala + Fum,Ec,F+L,Ala,Fum,F,L,0.07916666666666666,0.006128712027099259,F,0.06266666666666666,0.005846176338238332,L,0.005,0.0,0.06766666666666667,0.011499999999999996,0.008469881279503795,Ala,Fum,0.5588333333333333,0.012644937502591477,0.6955,0.059849672792199375,0.5815,0.03025089530355535,0.359,0.020466232351526416,0.03266666666666667,0.0011450376024878448,0.10116666666666667,0.020528706188597902,0.28583333333333333,0.02284063143707819,0.5815,0.03025089530355535,0.28583333333333333,0.02284063143707819
Ala + Fum,Ec,L+L,Ala,Fum,L,L,0.005,0.0,L,0.005,0.0,L,0.005,0.0,0.01,0.005,0.0,Ala,Fum,0.5588333333333333,0.012644937502591477,0.6955,0.059849672792199375,0.5815,0.03025089530355535,0.359,0.020466232351526416,0.03266666666666667,0.0011450376024878448,0.10116666666666667,0.020528706188597902,0.28583333333333333,0.02284063143707819,0.28583333333333333,0.02284063143707819,0.28583333333333333,0.02284063143707819
Ala + Fum,Ec,M+L,Ala,Fum,M,L,0.03183333333333333,0.0050557997499021965,M,0.005,0.0,L,0.005,0.0,0.01,0.02183333333333333,0.0050557997499021965,Ala,Fum,0.5588333333333333,0.012644937502591477,0.6955,0.059849672792199375,0.5815,0.03025089530355535,0.359,0.020466232351526416,0.03266666666666667,0.0011450376024878448,0.10116666666666667,0.020528706188597902,0.28583333333333333,0.02284063143707819,0.6955,0.059849672792199375,0.28583333333333333,0.02284063143707819
Ala + Fum,Ec,R+L,Ala,Fum,R,L,0.011999999999999999,0.002294921930407801,R,0.005,0.0,L,0.005,0.0,0.01,0.005,0.002294921930407801,Ala,Fum,0.5588333333333333,0.012644937502591477,0.6955,0.059849672792199375,0.5815,0.03025089530355535,0.359,0.020466232351526416,0.03266666666666667,0.0011450376024878448,0.10116666666666667,0.020528706188597902,0.28583333333333333,0.02284063143707819,0.359,0.020466232351526416,0.28583333333333333,0.02284063143707819
Ala + Fum,Ec,S+L,Ala,Fum,S,L,0.005,0.0,S,0.005,0.0,L,0.005,0.0,0.01,0.005,0.0,Ala,Fum,0.5588333333333333,0.012644937502591477,0.6955,0.059849672792199375,0.5815,0.03025089530355535,0.359,0.020466232351526416,0.03266666666666667,0.0011450376024878448,0.10116666666666667,0.020528706188597902,0.28583333333333333,0.02284063143707819,0.28583333333333333,0.02284063143707819,0.10116666666666667,0.020528706188597902
Ala + Fum,Ec,M+M,Ala,Fum,M,M,0.005,0.0,M,0.005,0.0,M,0.005,0.0,0.01,0.005,0.0,Ala,Fum,0.5588333333333333,0.012644937502591477,0.6955,0.059849672792199375,0.5815,0.03025089530355535,0.359,0.020466232351526416,0.03266666666666667,0.0011450376024878448,0.10116666666666667,0.020528706188597902,0.28583333333333333,0.02284063143707819,0.6955,0.059849672792199375,0.6955,0.059849672792199375
Ala + Fum,Ec,F+R,Ala,Fum,F,R,0.15166666666666667,0.02590581230363393,F,0.06266666666666666,0.005846176338238332,R,0.005,0.0,0.06766666666666667,0.084,0.026557275630020655,Ala,Fum,0.5588333333333333,0.012644937502591477,0.6955,0.059849672792199375,0.5815,0.03025089530355535,0.359,0.020466232351526416,0.03266666666666667,0.0011450376024878448,0.10116666666666667,0.020528706188597902,0.28583333333333333,0.02284063143707819,0.5815,0.03025089530355535,0.359,0.020466232351526416
Ala + Fum,Ec,M+R,Ala,Fum,M,R,0.34450000000000003,0.08596617551882445,M,0.005,0.0,R,0.005,0.0,0.01,0.3345,0.08596617551882445,Ala,Fum,0.5588333333333333,0.012644937502591477,0.6955,0.059849672792199375,0.5815,0.03025089530355535,0.359,0.020466232351526416,0.03266666666666667,0.0011450376024878448,0.10116666666666667,0.020528706188597902,0.28583333333333333,0.02284063143707819,0.6955,0.059849672792199375,0.359,0.020466232351526416
Ala + Fum,Ec,R+R,Ala,Fum,R,R,0.005,0.0,R,0.005,0.0,R,0.005,0.0,0.01,0.005,0.0,Ala,Fum,0.5588333333333333,0.012644937502591477,0.6955,0.059849672792199375,0.5815,0.03025089530355535,0.359,0.020466232351526416,0.03266666666666667,0.0011450376024878448,0.10116666666666667,0.020528706188597902,0.28583333333333333,0.02284063143707819,0.359,0.020466232351526416,0.359,0.020466232351526416
Ala + Fum,Ec,C+S,Ala,Fum,C,S,0.005,0.0,C,0.005,0.0,S,0.005,0.0,0.01,0.005,0.0,Ala,Fum,0.5588333333333333,0.012644937502591477,0.6955,0.059849672792199375,0.5815,0.03025089530355535,0.359,0.020466232351526416,0.03266666666666667,0.0011450376024878448,0.10116666666666667,0.020528706188597902,0.28583333333333333,0.02284063143707819,0.10116666666666667,0.020528706188597902,0.03266666666666667,0.0011450376024878448
Ala + Fum,Ec,F+S,Ala,Fum,F,S,0.03975,0.004308421984903521,F,0.06266666666666666,0.005846176338238332,S,0.005,0.0,0.06766666666666667,0.005,0.00726225018694466,Ala,Fum,0.5588333333333333,0.012644937502591477,0.6955,0.059849672792199375,0.5815,0.03025089530355535,0.359,0.020466232351526416,0.03266666666666667,0.0011450376024878448,0.10116666666666667,0.020528706188597902,0.28583333333333333,0.02284063143707819,0.5815,0.03025089530355535,0.10116666666666667,0.020528706188597902
Ala + Fum,Ec,M+S,Ala,Fum,M,S,0.007666666666666666,0.0008432740427115674,M,0.005,0.0,S,0.005,0.0,0.01,0.005,0.0008432740427115674,Ala,Fum,0.5588333333333333,0.012644937502591477,0.6955,0.059849672792199375,0.5815,0.03025089530355535,0.359,0.020466232351526416,0.03266666666666667,0.0011450376024878448,0.10116666666666667,0.020528706188597902,0.28583333333333333,0.02284063143707819,0.6955,0.059849672792199375,0.10116666666666667,0.020528706188597902
Ala + Fum,Ec,R+S,Ala,Fum,R,S,0.011666666666666667,0.0005577733510227171,R,0.005,0.0,S,0.005,0.0,0.01,0.005,0.0005577733510227171,Ala,Fum,0.5588333333333333,0.012644937502591477,0.6955,0.059849672792199375,0.5815,0.03025089530355535,0.359,0.020466232351526416,0.03266666666666667,0.0011450376024878448,0.10116666666666667,0.020528706188597902,0.28583333333333333,0.02284063143707819,0.359,0.020466232351526416,0.10116666666666667,0.020528706188597902
Ala + Fum,Ec,S+S,Ala,Fum,S,S,0.005,0.0,S,0.005,0.0,S,0.005,0.0,0.01,0.005,0.0,Ala,Fum,0.5588333333333333,0.012644937502591477,0.6955,0.059849672792199375,0.5815,0.03025089530355535,0.359,0.020466232351526416,0.03266666666666667,0.0011450376024878448,0.10116666666666667,0.020528706188597902,0.28583333333333333,0.02284063143707819,0.10116666666666667,0.020528706188597902,0.10116666666666667,0.020528706188597902
Ala + Fum,Ec,WT+WT,Ala,Fum,WT,WT,0.5588333333333333,0.012644937502591477,,,,,,,,0.5588333333333333,0.0,Ala,Fum,0.5588333333333333,0.012644937502591477,0.6955,0.059849672792199375,0.5815,0.03025089530355535,0.359,0.020466232351526416,0.03266666666666667,0.0011450376024878448,0.10116666666666667,0.020528706188597902,0.28583333333333333,0.02284063143707819,0.5588333333333333,0.012644937502591477,0.5588333333333333,0.012644937502591477
Ala + Gluc,Bs,C+C,Ala,Gluc,C,C,0.005,0.0,C,0.005,0.0,C,0.005,0.0,0.01,0.005,0.0,Ala,Gluc,0.030666666666666665,0.012740137797964004,0.2061666666666667,0.01144382414715951,0.15233333333333335,0.03264523106230236,0.05933333333333333,0.0063595946761129726,0.11466666666666665,0.019863981921502488,0.1275,0.012208603523745042,0.19883333333333333,0.0235844817152673,0.11466666666666665,0.019863981921502488,0.11466666666666665,0.019863981921502488
Ala + Gluc,Bs,F+C,Ala,Gluc,F,C,0.035666666666666666,0.006146362971528591,F,0.01933333333333333,0.0043179213105896735,C,0.005,0.0,0.024333333333333332,0.011333333333333334,0.0075114727066150095,Ala,Gluc,0.030666666666666665,0.012740137797964004,0.2061666666666667,0.01144382414715951,0.15233333333333335,0.03264523106230236,0.05933333333333333,0.0063595946761129726,0.11466666666666665,0.019863981921502488,0.1275,0.012208603523745042,0.19883333333333333,0.0235844817152673,0.15233333333333335,0.03264523106230236,0.11466666666666665,0.019863981921502488
Ala + Gluc,Bs,M+C,Ala,Gluc,M,C,0.014499999999999999,0.005239274758971894,M,0.006000000000000001,0.000632455532033676,C,0.005,0.0,0.011000000000000001,0.005,0.005277309920783505,Ala,Gluc,0.030666666666666665,0.012740137797964004,0.2061666666666667,0.01144382414715951,0.15233333333333335,0.03264523106230236,0.05933333333333333,0.0063595946761129726,0.11466666666666665,0.019863981921502488,0.1275,0.012208603523745042,0.19883333333333333,0.0235844817152673,0.2061666666666667,0.01144382414715951,0.11466666666666665,0.019863981921502488
Ala + Gluc,Bs,R+C,Ala,Gluc,R,C,0.043500000000000004,0.008724486613358215,R,0.005333333333333333,0.0003333333333333334,C,0.005,0.0,0.010333333333333333,0.03316666666666667,0.008730852064820353,Ala,Gluc,0.030666666666666665,0.012740137797964004,0.2061666666666667,0.01144382414715951,0.15233333333333335,0.03264523106230236,0.05933333333333333,0.0063595946761129726,0.11466666666666665,0.019863981921502488,0.1275,0.012208603523745042,0.19883333333333333,0.0235844817152673,0.11466666666666665,0.019863981921502488,0.05933333333333333,0.0063595946761129726
Ala + Gluc,Bs,F+F,Ala,Gluc,F,F,0.01933333333333333,0.0043179213105896735,F,0.01933333333333333,0.0043179213105896735,F,0.01933333333333333,0.0043179213105896735,0.03866666666666666,0.005,0.007478859093025709,Ala,Gluc,0.030666666666666665,0.012740137797964004,0.2061666666666667,0.01144382414715951,0.15233333333333335,0.03264523106230236,0.05933333333333333,0.0063595946761129726,0.11466666666666665,0.019863981921502488,0.1275,0.012208603523745042,0.19883333333333333,0.0235844817152673,0.15233333333333335,0.03264523106230236,0.15233333333333335,0.03264523106230236
Ala + Gluc,Bs,M+F,Ala,Gluc,M,F,0.05416666666666667,0.010706436278135584,M,0.006000000000000001,0.000632455532033676,F,0.01933333333333333,0.0043179213105896735,0.025333333333333333,0.028833333333333336,0.011561670390658184,Ala,Gluc,0.030666666666666665,0.012740137797964004,0.2061666666666667,0.01144382414715951,0.15233333333333335,0.03264523106230236,0.05933333333333333,0.0063595946761129726,0.11466666666666665,0.019863981921502488,0.1275,0.012208603523745042,0.19883333333333333,0.0235844817152673,0.2061666666666667,0.01144382414715951,0.15233333333333335,0.03264523106230236
Ala + Gluc,Bs,C+L,Ala,Gluc,C,L,0.006333333333333333,0.0011450376024878448,C,0.005,0.0,L,0.005,0.0,0.01,0.005,0.0011450376024878448,Ala,Gluc,0.030666666666666665,0.012740137797964004,0.2061666666666667,0.01144382414715951,0.15233333333333335,0.03264523106230236,0.05933333333333333,0.0063595946761129726,0.11466666666666665,0.019863981921502488,0.1275,0.012208603523745042,0.19883333333333333,0.0235844817152673,0.19883333333333333,0.0235844817152673,0.11466666666666665,0.019863981921502488
Ala + Gluc,Bs,F+L,Ala,Gluc,F,L,0.05483333333333334,0.009934507760550819,F,0.01933333333333333,0.0043179213105896735,L,0.005,0.0,0.024333333333333332,0.030500000000000006,0.01083230764375204,Ala,Gluc,0.030666666666666665,0.012740137797964004,0.2061666666666667,0.01144382414715951,0.15233333333333335,0.03264523106230236,0.05933333333333333,0.0063595946761129726,0.11466666666666665,0.019863981921502488,0.1275,0.012208603523745042,0.19883333333333333,0.0235844817152673,0.19883333333333333,0.0235844817152673,0.15233333333333335,0.03264523106230236
Ala + Gluc,Bs,L+L,Ala,Gluc,L,L,0.005,0.0,L,0.005,0.0,L,0.005,0.0,0.01,0.005,0.0,Ala,Gluc,0.030666666666666665,0.012740137797964004,0.2061666666666667,0.01144382414715951,0.15233333333333335,0.03264523106230236,0.05933333333333333,0.0063595946761129726,0.11466666666666665,0.019863981921502488,0.1275,0.012208603523745042,0.19883333333333333,0.0235844817152673,0.19883333333333333,0.0235844817152673,0.19883333333333333,0.0235844817152673
Ala + Gluc,Bs,M+L,Ala,Gluc,M,L,0.0535,0.009608156257402701,M,0.006000000000000001,0.000632455532033676,L,0.005,0.0,0.011000000000000001,0.042499999999999996,0.009628949406174418,Ala,Gluc,0.030666666666666665,0.012740137797964004,0.2061666666666667,0.01144382414715951,0.15233333333333335,0.03264523106230236,0.05933333333333333,0.0063595946761129726,0.11466666666666665,0.019863981921502488,0.1275,0.012208603523745042,0.19883333333333333,0.0235844817152673,0.2061666666666667,0.01144382414715951,0.19883333333333333,0.0235844817152673
Ala + Gluc,Bs,R+L,Ala,Gluc,R,L,0.05316666666666667,0.011136775914858742,R,0.005333333333333333,0.0003333333333333334,L,0.005,0.0,0.010333333333333333,0.042833333333333334,0.011141763275572179,Ala,Gluc,0.030666666666666665,0.012740137797964004,0.2061666666666667,0.01144382414715951,0.15233333333333335,0.03264523106230236,0.05933333333333333,0.0063595946761129726,0.11466666666666665,0.019863981921502488,0.1275,0.012208603523745042,0.19883333333333333,0.0235844817152673,0.19883333333333333,0.0235844817152673,0.05933333333333333,0.0063595946761129726
Ala + Gluc,Bs,S+L,Ala,Gluc,S,L,0.033999999999999996,0.02303909720453473,S,0.005,0.0,L,0.005,0.0,0.01,0.023999999999999994,0.02303909720453473,Ala,Gluc,0.030666666666666665,0.012740137797964004,0.2061666666666667,0.01144382414715951,0.15233333333333335,0.03264523106230236,0.05933333333333333,0.0063595946761129726,0.11466666666666665,0.019863981921502488,0.1275,0.012208603523745042,0.19883333333333333,0.0235844817152673,0.19883333333333333,0.0235844817152673,0.1275,0.012208603523745042
Ala + Gluc,Bs,M+M,Ala,Gluc,M,M,0.006000000000000001,0.000632455532033676,M,0.006000000000000001,0.000632455532033676,M,0.006000000000000001,0.000632455532033676,0.012000000000000002,0.005,0.0010954451150103324,Ala,Gluc,0.030666666666666665,0.012740137797964004,0.2061666666666667,0.01144382414715951,0.15233333333333335,0.03264523106230236,0.05933333333333333,0.0063595946761129726,0.11466666666666665,0.019863981921502488,0.1275,0.012208603523745042,0.19883333333333333,0.0235844817152673,0.2061666666666667,0.01144382414715951,0.2061666666666667,0.01144382414715951
Ala + Gluc,Bs,F+R,Ala,Gluc,F,R,0.07033333333333333,0.010995958853647602,F,0.01933333333333333,0.0043179213105896735,R,0.005333333333333333,0.0003333333333333334,0.024666666666666663,0.04566666666666667,0.011818065267490557,Ala,Gluc,0.030666666666666665,0.012740137797964004,0.2061666666666667,0.01144382414715951,0.15233333333333335,0.03264523106230236,0.05933333333333333,0.0063595946761129726,0.11466666666666665,0.019863981921502488,0.1275,0.012208603523745042,0.19883333333333333,0.0235844817152673,0.15233333333333335,0.03264523106230236,0.05933333333333333,0.0063595946761129726
Ala + Gluc,Bs,M+R,Ala,Gluc,M,R,0.036,0.0035118845842842463,M,0.006000000000000001,0.000632455532033676,R,0.005333333333333333,0.0003333333333333334,0.011333333333333334,0.024666666666666663,0.003583914681524163,Ala,Gluc,0.030666666666666665,0.012740137797964004,0.2061666666666667,0.01144382414715951,0.15233333333333335,0.03264523106230236,0.05933333333333333,0.0063595946761129726,0.11466666666666665,0.019863981921502488,0.1275,0.012208603523745042,0.19883333333333333,0.0235844817152673,0.2061666666666667,0.01144382414715951,0.05933333333333333,0.0063595946761129726
Ala + Gluc,Bs,R+R,Ala,Gluc,R,R,0.005333333333333333,0.0003333333333333334,R,0.005333333333333333,0.0003333333333333334,R,0.005333333333333333,0.0003333333333333334,0.010666666666666666,0.005,0.0005773502691896258,Ala,Gluc,0.030666666666666665,0.012740137797964004,0.2061666666666667,0.01144382414715951,0.15233333333333335,0.03264523106230236,0.05933333333333333,0.0063595946761129726,0.11466666666666665,0.019863981921502488,0.1275,0.012208603523745042,0.19883333333333333,0.0235844817152673,0.05933333333333333,0.0063595946761129726,0.05933333333333333,0.0063595946761129726
Ala + Gluc,Bs,C+S,Ala,Gluc,C,S,0.008666666666666666,0.002170509412813294,C,0.005,0.0,S,0.005,0.0,0.01,0.005,0.002170509412813294,Ala,Gluc,0.030666666666666665,0.012740137797964004,0.2061666666666667,0.01144382414715951,0.15233333333333335,0.03264523106230236,0.05933333333333333,0.0063595946761129726,0.11466666666666665,0.019863981921502488,0.1275,0.012208603523745042,0.19883333333333333,0.0235844817152673,0.1275,0.012208603523745042,0.11466666666666665,0.019863981921502488
Ala + Gluc,Bs,F+S,Ala,Gluc,F,S,0.043000000000000003,0.003502380143083652,F,0.01933333333333333,0.0043179213105896735,S,0.005,0.0,0.024333333333333332,0.01866666666666667,0.0055597761745515535,Ala,Gluc,0.030666666666666665,0.012740137797964004,0.2061666666666667,0.01144382414715951,0.15233333333333335,0.03264523106230236,0.05933333333333333,0.0063595946761129726,0.11466666666666665,0.019863981921502488,0.1275,0.012208603523745042,0.19883333333333333,0.0235844817152673,0.15233333333333335,0.03264523106230236,0.1275,0.012208603523745042
Ala + Gluc,Bs,M+S,Ala,Gluc,M,S,0.016166666666666666,0.004826431854325143,M,0.006000000000000001,0.000632455532033676,S,0.005,0.0,0.011000000000000001,0.005166666666666665,0.00486769395550341,Ala,Gluc,0.030666666666666665,0.012740137797964004,0.2061666666666667,0.01144382414715951,0.15233333333333335,0.03264523106230236,0.05933333333333333,0.0063595946761129726,0.11466666666666665,0.019863981921502488,0.1275,0.012208603523745042,0.19883333333333333,0.0235844817152673,0.2061666666666667,0.01144382414715951,0.1275,0.012208603523745042
Ala + Gluc,Bs,R+S,Ala,Gluc,R,S,0.05833333333333333,0.007342418614537795,R,0.005333333333333333,0.0003333333333333334,S,0.005,0.0,0.010333333333333333,0.047999999999999994,0.007349981103528241,Ala,Gluc,0.030666666666666665,0.012740137797964004,0.2061666666666667,0.01144382414715951,0.15233333333333335,0.03264523106230236,0.05933333333333333,0.0063595946761129726,0.11466666666666665,0.019863981921502488,0.1275,0.012208603523745042,0.19883333333333333,0.0235844817152673,0.1275,0.012208603523745042,0.05933333333333333,0.0063595946761129726
Ala + Gluc,Bs,S+S,Ala,Gluc,S,S,0.005,0.0,S,0.005,0.0,S,0.005,0.0,0.01,0.005,0.0,Ala,Gluc,0.030666666666666665,0.012740137797964004,0.2061666666666667,0.01144382414715951,0.15233333333333335,0.03264523106230236,0.05933333333333333,0.0063595946761129726,0.11466666666666665,0.019863981921502488,0.1275,0.012208603523745042,0.19883333333333333,0.0235844817152673,0.1275,0.012208603523745042,0.1275,0.012208603523745042
Ala + Gluc,Bs,WT+WT,Ala,Gluc,WT,WT,0.030666666666666665,0.012740137797964004,,,,,,,,0.030666666666666665,0.0,Ala,Gluc,0.030666666666666665,0.012740137797964004,0.2061666666666667,0.01144382414715951,0.15233333333333335,0.03264523106230236,0.05933333333333333,0.0063595946761129726,0.11466666666666665,0.019863981921502488,0.1275,0.012208603523745042,0.19883333333333333,0.0235844817152673,0.030666666666666665,0.012740137797964004,0.030666666666666665,0.012740137797964004
Ala + Gluc,Ec,C+C,Ala,Gluc,C,C,0.006166666666666667,0.0011666666666666668,C,0.006166666666666667,0.0011666666666666668,C,0.006166666666666667,0.0011666666666666668,0.012333333333333333,0.005,0.00202072594216369,Ala,Gluc,0.05533333333333334,0.002666666666666666,0.0725,0.003106444913401813,0.0675,0.0023487585373270425,0.0655,0.00915696456256111,0.09166666666666667,0.00387011340632,0.04683333333333334,0.0017779513804126114,0.04533333333333334,0.004417138339593985,0.09166666666666667,0.00387011340632,0.09166666666666667,0.00387011340632
Ala + Gluc,Ec,F+C,Ala,Gluc,F,C,0.08066666666666666,0.004310194633398564,F,0.09916666666666667,0.007152699568072961,C,0.006166666666666667,0.0011666666666666668,0.10533333333333333,0.005,0.00843208159353312,Ala,Gluc,0.05533333333333334,0.002666666666666666,0.0725,0.003106444913401813,0.0675,0.0023487585373270425,0.0655,0.00915696456256111,0.09166666666666667,0.00387011340632,0.04683333333333334,0.0017779513804126114,0.04533333333333334,0.004417138339593985,0.09166666666666667,0.00387011340632,0.0675,0.0023487585373270425
Ala + Gluc,Ec,M+C,Ala,Gluc,M,C,0.010666666666666666,0.001201850425154663,M,0.006333333333333333,0.0008819171036881968,C,0.006166666666666667,0.0011666666666666668,0.0125,0.005,0.001892969448600091,Ala,Gluc,0.05533333333333334,0.002666666666666666,0.0725,0.003106444913401813,0.0675,0.0023487585373270425,0.0655,0.00915696456256111,0.09166666666666667,0.00387011340632,0.04683333333333334,0.0017779513804126114,0.04533333333333334,0.004417138339593985,0.09166666666666667,0.00387011340632,0.0725,0.003106444913401813
Ala + Gluc,Ec,R+C,Ala,Gluc,R,C,0.016333333333333335,0.0013333333333333337,R,0.005,0.0,C,0.006166666666666667,0.0011666666666666668,0.011166666666666667,0.005166666666666668,0.0017716909687891086,Ala,Gluc,0.05533333333333334,0.002666666666666666,0.0725,0.003106444913401813,0.0675,0.0023487585373270425,0.0655,0.00915696456256111,0.09166666666666667,0.00387011340632,0.04683333333333334,0.0017779513804126114,0.04533333333333334,0.004417138339593985,0.09166666666666667,0.00387011340632,0.0655,0.00915696456256111
Ala + Gluc,Ec,F+F,Ala,Gluc,F,F,0.09916666666666667,0.007152699568072961,F,0.09916666666666667,0.007152699568072961,F,0.09916666666666667,0.007152699568072961,0.19833333333333333,0.005,0.012388839063178333,Ala,Gluc,0.05533333333333334,0.002666666666666666,0.0725,0.003106444913401813,0.0675,0.0023487585373270425,0.0655,0.00915696456256111,0.09166666666666667,0.00387011340632,0.04683333333333334,0.0017779513804126114,0.04533333333333334,0.004417138339593985,0.0675,0.0023487585373270425,0.0675,0.0023487585373270425
Ala + Gluc,Ec,M+F,Ala,Gluc,M,F,0.125,0.0484850492420086,M,0.006333333333333333,0.0008819171036881968,F,0.09916666666666667,0.007152699568072961,0.1055,0.019500000000000003,0.04901774055267019,Ala,Gluc,0.05533333333333334,0.002666666666666666,0.0725,0.003106444913401813,0.0675,0.0023487585373270425,0.0655,0.00915696456256111,0.09166666666666667,0.00387011340632,0.04683333333333334,0.0017779513804126114,0.04533333333333334,0.004417138339593985,0.0725,0.003106444913401813,0.0675,0.0023487585373270425
Ala + Gluc,Ec,C+L,Ala,Gluc,C,L,0.016833333333333336,0.0008333333333333334,C,0.006166666666666667,0.0011666666666666668,L,0.005166666666666667,0.0001666666666666667,0.011333333333333334,0.005500000000000001,0.0014433756729740645,Ala,Gluc,0.05533333333333334,0.002666666666666666,0.0725,0.003106444913401813,0.0675,0.0023487585373270425,0.0655,0.00915696456256111,0.09166666666666667,0.00387011340632,0.04683333333333334,0.0017779513804126114,0.04533333333333334,0.004417138339593985,0.09166666666666667,0.00387011340632,0.04533333333333334,0.004417138339593985
Ala + Gluc,Ec,F+L,Ala,Gluc,F,L,0.07633333333333334,0.005456901847914966,F,0.09916666666666667,0.007152699568072961,L,0.005166666666666667,0.0001666666666666667,0.10433333333333333,0.005,0.008998147957589199,Ala,Gluc,0.05533333333333334,0.002666666666666666,0.0725,0.003106444913401813,0.0675,0.0023487585373270425,0.0655,0.00915696456256111,0.09166666666666667,0.00387011340632,0.04683333333333334,0.0017779513804126114,0.04533333333333334,0.004417138339593985,0.0675,0.0023487585373270425,0.04533333333333334,0.004417138339593985
Ala + Gluc,Ec,L+L,Ala,Gluc,L,L,0.005166666666666667,0.0001666666666666667,L,0.005166666666666667,0.0001666666666666667,L,0.005166666666666667,0.0001666666666666667,0.010333333333333333,0.005,0.0002886751345948129,Ala,Gluc,0.05533333333333334,0.002666666666666666,0.0725,0.003106444913401813,0.0675,0.0023487585373270425,0.0655,0.00915696456256111,0.09166666666666667,0.00387011340632,0.04683333333333334,0.0017779513804126114,0.04533333333333334,0.004417138339593985,0.04533333333333334,0.004417138339593985,0.04533333333333334,0.004417138339593985
Ala + Gluc,Ec,M+L,Ala,Gluc,M,L,0.034999999999999996,0.005465040408511786,M,0.006333333333333333,0.0008819171036881968,L,0.005166666666666667,0.0001666666666666667,0.0115,0.023499999999999997,0.00553825082695089,Ala,Gluc,0.05533333333333334,0.002666666666666666,0.0725,0.003106444913401813,0.0675,0.0023487585373270425,0.0655,0.00915696456256111,0.09166666666666667,0.00387011340632,0.04683333333333334,0.0017779513804126114,0.04533333333333334,0.004417138339593985,0.0725,0.003106444913401813,0.04533333333333334,0.004417138339593985
Ala + Gluc,Ec,R+L,Ala,Gluc,R,L,0.0335,0.0062596592026509966,R,0.005,0.0,L,0.005166666666666667,0.0001666666666666667,0.010166666666666668,0.023333333333333334,0.006261877602693228,Ala,Gluc,0.05533333333333334,0.002666666666666666,0.0725,0.003106444913401813,0.0675,0.0023487585373270425,0.0655,0.00915696456256111,0.09166666666666667,0.00387011340632,0.04683333333333334,0.0017779513804126114,0.04533333333333334,0.004417138339593985,0.0655,0.00915696456256111,0.04533333333333334,0.004417138339593985
Ala + Gluc,Ec,S+L,Ala,Gluc,S,L,0.005166666666666667,0.00016666666666666663,S,0.005,0.0,L,0.005166666666666667,0.0001666666666666667,0.010166666666666668,0.005,0.00023570226039551585,Ala,Gluc,0.05533333333333334,0.002666666666666666,0.0725,0.003106444913401813,0.0675,0.0023487585373270425,0.0655,0.00915696456256111,0.09166666666666667,0.00387011340632,0.04683333333333334,0.0017779513804126114,0.04533333333333334,0.004417138339593985,0.04683333333333334,0.0017779513804126114,0.04533333333333334,0.004417138339593985
Ala + Gluc,Ec,M+M,Ala,Gluc,M,M,0.006333333333333333,0.0008819171036881968,M,0.006333333333333333,0.0008819171036881968,M,0.006333333333333333,0.0008819171036881968,0.012666666666666666,0.005,0.0015275252316519464,Ala,Gluc,0.05533333333333334,0.002666666666666666,0.0725,0.003106444913401813,0.0675,0.0023487585373270425,0.0655,0.00915696456256111,0.09166666666666667,0.00387011340632,0.04683333333333334,0.0017779513804126114,0.04533333333333334,0.004417138339593985,0.0725,0.003106444913401813,0.0725,0.003106444913401813
Ala + Gluc,Ec,F+R,Ala,Gluc,F,R,0.06716666666666667,0.003627824570057256,F,0.09916666666666667,0.007152699568072961,R,0.005,0.0,0.10416666666666667,0.005,0.008020113604072092,Ala,Gluc,0.05533333333333334,0.002666666666666666,0.0725,0.003106444913401813,0.0675,0.0023487585373270425,0.0655,0.00915696456256111,0.09166666666666667,0.00387011340632,0.04683333333333334,0.0017779513804126114,0.04533333333333334,0.004417138339593985,0.0675,0.0023487585373270425,0.0655,0.00915696456256111
Ala + Gluc,Ec,M+R,Ala,Gluc,M,R,0.0515,0.004462809279665294,M,0.006333333333333333,0.0008819171036881968,R,0.005,0.0,0.011333333333333334,0.04016666666666666,0.0045491146879853925,Ala,Gluc,0.05533333333333334,0.002666666666666666,0.0725,0.003106444913401813,0.0675,0.0023487585373270425,0.0655,0.00915696456256111,0.09166666666666667,0.00387011340632,0.04683333333333334,0.0017779513804126114,0.04533333333333334,0.004417138339593985,0.0725,0.003106444913401813,0.0655,0.00915696456256111
Ala + Gluc,Ec,R+R,Ala,Gluc,R,R,0.005,0.0,R,0.005,0.0,R,0.005,0.0,0.01,0.005,0.0,Ala,Gluc,0.05533333333333334,0.002666666666666666,0.0725,0.003106444913401813,0.0675,0.0023487585373270425,0.0655,0.00915696456256111,0.09166666666666667,0.00387011340632,0.04683333333333334,0.0017779513804126114,0.04533333333333334,0.004417138339593985,0.0655,0.00915696456256111,0.0655,0.00915696456256111
Ala + Gluc,Ec,C+S,Ala,Gluc,C,S,0.006333333333333333,0.0007149203529842404,C,0.006166666666666667,0.0011666666666666668,S,0.005,0.0,0.011166666666666667,0.005,0.0013682917167849196,Ala,Gluc,0.05533333333333334,0.002666666666666666,0.0725,0.003106444913401813,0.0675,0.0023487585373270425,0.0655,0.00915696456256111,0.09166666666666667,0.00387011340632,0.04683333333333334,0.0017779513804126114,0.04533333333333334,0.004417138339593985,0.09166666666666667,0.00387011340632,0.04683333333333334,0.0017779513804126114
Ala + Gluc,Ec,F+S,Ala,Gluc,F,S,0.08574999999999999,0.004190763653560053,F,0.09916666666666667,0.007152699568072961,S,0.005,0.0,0.10416666666666667,0.005,0.008289970513283574,Ala,Gluc,0.05533333333333334,0.002666666666666666,0.0725,0.003106444913401813,0.0675,0.0023487585373270425,0.0655,0.00915696456256111,0.09166666666666667,0.00387011340632,0.04683333333333334,0.0017779513804126114,0.04533333333333334,0.004417138339593985,0.0675,0.0023487585373270425,0.04683333333333334,0.0017779513804126114
Ala + Gluc,Ec,M+S,Ala,Gluc,M,S,0.011333333333333334,0.0020923139768633625,M,0.006333333333333333,0.0008819171036881968,S,0.005,0.0,0.011333333333333334,0.005,0.002270584848790187,Ala,Gluc,0.05533333333333334,0.002666666666666666,0.0725,0.003106444913401813,0.0675,0.0023487585373270425,0.0655,0.00915696456256111,0.09166666666666667,0.00387011340632,0.04683333333333334,0.0017779513804126114,0.04533333333333334,0.004417138339593985,0.0725,0.003106444913401813,0.04683333333333334,0.0017779513804126114
Ala + Gluc,Ec,R+S,Ala,Gluc,R,S,0.017666666666666667,0.001382429423555181,R,0.005,0.0,S,0.005,0.0,0.01,0.007666666666666667,0.001382429423555181,Ala,Gluc,0.05533333333333334,0.002666666666666666,0.0725,0.003106444913401813,0.0675,0.0023487585373270425,0.0655,0.00915696456256111,0.09166666666666667,0.00387011340632,0.04683333333333334,0.0017779513804126114,0.04533333333333334,0.004417138339593985,0.0655,0.00915696456256111,0.04683333333333334,0.0017779513804126114
Ala + Gluc,Ec,S+S,Ala,Gluc,S,S,0.005,0.0,S,0.005,0.0,S,0.005,0.0,0.01,0.005,0.0,Ala,Gluc,0.05533333333333334,0.002666666666666666,0.0725,0.003106444913401813,0.0675,0.0023487585373270425,0.0655,0.00915696456256111,0.09166666666666667,0.00387011340632,0.04683333333333334,0.0017779513804126114,0.04533333333333334,0.004417138339593985,0.04683333333333334,0.0017779513804126114,0.04683333333333334,0.0017779513804126114
Ala + Gluc,Ec,WT+WT,Ala,Gluc,WT,WT,0.05533333333333334,0.002666666666666666,,,,,,,,0.05533333333333334,0.0,Ala,Gluc,0.05533333333333334,0.002666666666666666,0.0725,0.003106444913401813,0.0675,0.0023487585373270425,0.0655,0.00915696456256111,0.09166666666666667,0.00387011340632,0.04683333333333334,0.0017779513804126114,0.04533333333333334,0.004417138339593985,0.05533333333333334,0.002666666666666666,0.05533333333333334,0.002666666666666666
Ala + Gly,Bs,C+C,Ala,Gly,C,C,0.005,0.0,C,0.005,0.0,C,0.005,0.0,0.01,0.005,0.0,Ala,Gly,0.005,0.0,0.0855,0.005333854141237836,0.018833333333333334,0.007648166083738272,0.031166666666666665,0.004585605497399201,0.16333333333333333,0.044241508915396535,0.04533333333333334,0.008487899884214261,0.08633333333333333,0.00659123997776173,0.16333333333333333,0.044241508915396535,0.16333333333333333,0.044241508915396535
Ala + Gly,Bs,F+C,Ala,Gly,F,C,0.015333333333333332,0.0053954713520795484,F,0.009833333333333333,0.00305959329178097,C,0.005,0.0,0.014833333333333334,0.005,0.006202598021976132,Ala,Gly,0.005,0.0,0.0855,0.005333854141237836,0.018833333333333334,0.007648166083738272,0.031166666666666665,0.004585605497399201,0.16333333333333333,0.044241508915396535,0.04533333333333334,0.008487899884214261,0.08633333333333333,0.00659123997776173,0.16333333333333333,0.044241508915396535,0.018833333333333334,0.007648166083738272
Ala + Gly,Bs,M+C,Ala,Gly,M,C,0.010166666666666666,0.003270236145058097,M,0.005833333333333334,0.0005426273532033233,C,0.005,0.0,0.010833333333333334,0.005,0.003314949304120485,Ala,Gly,0.005,0.0,0.0855,0.005333854141237836,0.018833333333333334,0.007648166083738272,0.031166666666666665,0.004585605497399201,0.16333333333333333,0.044241508915396535,0.04533333333333334,0.008487899884214261,0.08633333333333333,0.00659123997776173,0.16333333333333333,0.044241508915396535,0.0855,0.005333854141237836
Ala + Gly,Bs,R+C,Ala,Gly,R,C,0.012333333333333333,0.002917380864938808,R,0.005,0.0,C,0.005,0.0,0.01,0.005,0.002917380864938808,Ala,Gly,0.005,0.0,0.0855,0.005333854141237836,0.018833333333333334,0.007648166083738272,0.031166666666666665,0.004585605497399201,0.16333333333333333,0.044241508915396535,0.04533333333333334,0.008487899884214261,0.08633333333333333,0.00659123997776173,0.16333333333333333,0.044241508915396535,0.031166666666666665,0.004585605497399201
Ala + Gly,Bs,F+F,Ala,Gly,F,F,0.009833333333333333,0.00305959329178097,F,0.009833333333333333,0.00305959329178097,F,0.009833333333333333,0.00305959329178097,0.019666666666666666,0.005,0.005299371031861549,Ala,Gly,0.005,0.0,0.0855,0.005333854141237836,0.018833333333333334,0.007648166083738272,0.031166666666666665,0.004585605497399201,0.16333333333333333,0.044241508915396535,0.04533333333333334,0.008487899884214261,0.08633333333333333,0.00659123997776173,0.018833333333333334,0.007648166083738272,0.018833333333333334,0.007648166083738272
Ala + Gly,Bs,M+F,Ala,Gly,M,F,0.025333333333333333,0.00636483394214736,M,0.005833333333333334,0.0005426273532033233,F,0.009833333333333333,0.00305959329178097,0.015666666666666666,0.009666666666666667,0.007082843120291926,Ala,Gly,0.005,0.0,0.0855,0.005333854141237836,0.018833333333333334,0.007648166083738272,0.031166666666666665,0.004585605497399201,0.16333333333333333,0.044241508915396535,0.04533333333333334,0.008487899884214261,0.08633333333333333,0.00659123997776173,0.0855,0.005333854141237836,0.018833333333333334,0.007648166083738272
Ala + Gly,Bs,C+L,Ala,Gly,C,L,0.005,0.0,C,0.005,0.0,L,0.005,0.0,0.01,0.005,0.0,Ala,Gly,0.005,0.0,0.0855,0.005333854141237836,0.018833333333333334,0.007648166083738272,0.031166666666666665,0.004585605497399201,0.16333333333333333,0.044241508915396535,0.04533333333333334,0.008487899884214261,0.08633333333333333,0.00659123997776173,0.16333333333333333,0.044241508915396535,0.08633333333333333,0.00659123997776173
Ala + Gly,Bs,F+L,Ala,Gly,F,L,0.018833333333333334,0.004339098728742846,F,0.009833333333333333,0.00305959329178097,L,0.005,0.0,0.014833333333333334,0.005,0.005309320944234667,Ala,Gly,0.005,0.0,0.0855,0.005333854141237836,0.018833333333333334,0.007648166083738272,0.031166666666666665,0.004585605497399201,0.16333333333333333,0.044241508915396535,0.04533333333333334,0.008487899884214261,0.08633333333333333,0.00659123997776173,0.08633333333333333,0.00659123997776173,0.018833333333333334,0.007648166083738272
Ala + Gly,Bs,L+L,Ala,Gly,L,L,0.005,0.0,L,0.005,0.0,L,0.005,0.0,0.01,0.005,0.0,Ala,Gly,0.005,0.0,0.0855,0.005333854141237836,0.018833333333333334,0.007648166083738272,0.031166666666666665,0.004585605497399201,0.16333333333333333,0.044241508915396535,0.04533333333333334,0.008487899884214261,0.08633333333333333,0.00659123997776173,0.08633333333333333,0.00659123997776173,0.08633333333333333,0.00659123997776173
Ala + Gly,Bs,M+L,Ala,Gly,M,L,0.03183333333333333,0.0031455435848902883,M,0.005833333333333334,0.0005426273532033233,L,0.005,0.0,0.010833333333333334,0.020999999999999998,0.003192003898633097,Ala,Gly,0.005,0.0,0.0855,0.005333854141237836,0.018833333333333334,0.007648166083738272,0.031166666666666665,0.004585605497399201,0.16333333333333333,0.044241508915396535,0.04533333333333334,0.008487899884214261,0.08633333333333333,0.00659123997776173,0.08633333333333333,0.00659123997776173,0.0855,0.005333854141237836
Ala + Gly,Bs,R+L,Ala,Gly,R,L,0.024000000000000004,0.005458937625582473,R,0.005,0.0,L,0.005,0.0,0.01,0.014000000000000004,0.005458937625582473,Ala,Gly,0.005,0.0,0.0855,0.005333854141237836,0.018833333333333334,0.007648166083738272,0.031166666666666665,0.004585605497399201,0.16333333333333333,0.044241508915396535,0.04533333333333334,0.008487899884214261,0.08633333333333333,0.00659123997776173,0.08633333333333333,0.00659123997776173,0.031166666666666665,0.004585605497399201
Ala + Gly,Bs,S+L,Ala,Gly,S,L,0.007333333333333333,0.0014981470036162822,S,0.005,0.0,L,0.005,0.0,0.01,0.005,0.0014981470036162822,Ala,Gly,0.005,0.0,0.0855,0.005333854141237836,0.018833333333333334,0.007648166083738272,0.031166666666666665,0.004585605497399201,0.16333333333333333,0.044241508915396535,0.04533333333333334,0.008487899884214261,0.08633333333333333,0.00659123997776173,0.08633333333333333,0.00659123997776173,0.04533333333333334,0.008487899884214261
Ala + Gly,Bs,M+M,Ala,Gly,M,M,0.005833333333333334,0.0005426273532033233,M,0.005833333333333334,0.0005426273532033233,M,0.005833333333333334,0.0005426273532033233,0.011666666666666667,0.005,0.0009398581453247786,Ala,Gly,0.005,0.0,0.0855,0.005333854141237836,0.018833333333333334,0.007648166083738272,0.031166666666666665,0.004585605497399201,0.16333333333333333,0.044241508915396535,0.04533333333333334,0.008487899884214261,0.08633333333333333,0.00659123997776173,0.0855,0.005333854141237836,0.0855,0.005333854141237836
Ala + Gly,Bs,F+R,Ala,Gly,F,R,0.022333333333333334,0.005806127031947468,F,0.009833333333333333,0.00305959329178097,R,0.005,0.0,0.014833333333333334,0.0075,0.0065629431067336114,Ala,Gly,0.005,0.0,0.0855,0.005333854141237836,0.018833333333333334,0.007648166083738272,0.031166666666666665,0.004585605497399201,0.16333333333333333,0.044241508915396535,0.04533333333333334,0.008487899884214261,0.08633333333333333,0.00659123997776173,0.031166666666666665,0.004585605497399201,0.018833333333333334,0.007648166083738272
Ala + Gly,Bs,M+R,Ala,Gly,M,R,0.021333333333333333,0.005264134412333249,M,0.005833333333333334,0.0005426273532033233,R,0.005,0.0,0.010833333333333334,0.010499999999999999,0.005292027546749504,Ala,Gly,0.005,0.0,0.0855,0.005333854141237836,0.018833333333333334,0.007648166083738272,0.031166666666666665,0.004585605497399201,0.16333333333333333,0.044241508915396535,0.04533333333333334,0.008487899884214261,0.08633333333333333,0.00659123997776173,0.0855,0.005333854141237836,0.031166666666666665,0.004585605497399201
Ala + Gly,Bs,R+R,Ala,Gly,R,R,0.005,0.0,R,0.005,0.0,R,0.005,0.0,0.01,0.005,0.0,Ala,Gly,0.005,0.0,0.0855,0.005333854141237836,0.018833333333333334,0.007648166083738272,0.031166666666666665,0.004585605497399201,0.16333333333333333,0.044241508915396535,0.04533333333333334,0.008487899884214261,0.08633333333333333,0.00659123997776173,0.031166666666666665,0.004585605497399201,0.031166666666666665,0.004585605497399201
Ala + Gly,Bs,C+S,Ala,Gly,C,S,0.005,0.0,C,0.005,0.0,S,0.005,0.0,0.01,0.005,0.0,Ala,Gly,0.005,0.0,0.0855,0.005333854141237836,0.018833333333333334,0.007648166083738272,0.031166666666666665,0.004585605497399201,0.16333333333333333,0.044241508915396535,0.04533333333333334,0.008487899884214261,0.08633333333333333,0.00659123997776173,0.16333333333333333,0.044241508915396535,0.04533333333333334,0.008487899884214261
Ala + Gly,Bs,F+S,Ala,Gly,F,S,0.015333333333333332,0.0023475755815545347,F,0.009833333333333333,0.00305959329178097,S,0.005,0.0,0.014833333333333334,0.005,0.0038564520251420506,Ala,Gly,0.005,0.0,0.0855,0.005333854141237836,0.018833333333333334,0.007648166083738272,0.031166666666666665,0.004585605497399201,0.16333333333333333,0.044241508915396535,0.04533333333333334,0.008487899884214261,0.08633333333333333,0.00659123997776173,0.04533333333333334,0.008487899884214261,0.018833333333333334,0.007648166083738272
Ala + Gly,Bs,M+S,Ala,Gly,M,S,0.011500000000000002,0.0027049337638224463,M,0.005833333333333334,0.0005426273532033233,S,0.005,0.0,0.010833333333333334,0.005,0.0027588242262078077,Ala,Gly,0.005,0.0,0.0855,0.005333854141237836,0.018833333333333334,0.007648166083738272,0.031166666666666665,0.004585605497399201,0.16333333333333333,0.044241508915396535,0.04533333333333334,0.008487899884214261,0.08633333333333333,0.00659123997776173,0.0855,0.005333854141237836,0.04533333333333334,0.008487899884214261
Ala + Gly,Bs,R+S,Ala,Gly,R,S,0.022166666666666668,0.006013410938154077,R,0.005,0.0,S,0.005,0.0,0.01,0.012166666666666668,0.006013410938154077,Ala,Gly,0.005,0.0,0.0855,0.005333854141237836,0.018833333333333334,0.007648166083738272,0.031166666666666665,0.004585605497399201,0.16333333333333333,0.044241508915396535,0.04533333333333334,0.008487899884214261,0.08633333333333333,0.00659123997776173,0.04533333333333334,0.008487899884214261,0.031166666666666665,0.004585605497399201
Ala + Gly,Bs,S+S,Ala,Gly,S,S,0.005,0.0,S,0.005,0.0,S,0.005,0.0,0.01,0.005,0.0,Ala,Gly,0.005,0.0,0.0855,0.005333854141237836,0.018833333333333334,0.007648166083738272,0.031166666666666665,0.004585605497399201,0.16333333333333333,0.044241508915396535,0.04533333333333334,0.008487899884214261,0.08633333333333333,0.00659123997776173,0.04533333333333334,0.008487899884214261,0.04533333333333334,0.008487899884214261
Ala + Gly,Bs,WT+WT,Ala,Gly,WT,WT,0.005,0.0,,,,,,,,0.005,0.0,Ala,Gly,0.005,0.0,0.0855,0.005333854141237836,0.018833333333333334,0.007648166083738272,0.031166666666666665,0.004585605497399201,0.16333333333333333,0.044241508915396535,0.04533333333333334,0.008487899884214261,0.08633333333333333,0.00659123997776173,0.005,0.0,0.005,0.0
Ala + Gly,Ec,C+C,Ala,Gly,C,C,0.005,0.0,C,0.005,0.0,C,0.005,0.0,0.01,0.005,0.0,Ala,Gly,0.15533333333333332,0.017547396134786238,0.17600000000000002,0.019590814173994914,0.11616666666666665,0.004011788185391205,0.14483333333333334,0.012226792074965714,0.10233333333333333,0.0023190036174568092,0.07583333333333334,0.013469512900538674,0.12483333333333334,0.01603416491259973,0.10233333333333333,0.0023190036174568092,0.10233333333333333,0.0023190036174568092
Ala + Gly,Ec,F+C,Ala,Gly,F,C,0.02266666666666667,0.002216102685145955,F,0.023500000000000004,0.004055859958134649,C,0.005,0.0,0.028500000000000004,0.005,0.004621808207954016,Ala,Gly,0.15533333333333332,0.017547396134786238,0.17600000000000002,0.019590814173994914,0.11616666666666665,0.004011788185391205,0.14483333333333334,0.012226792074965714,0.10233333333333333,0.0023190036174568092,0.07583333333333334,0.013469512900538674,0.12483333333333334,0.01603416491259973,0.11616666666666665,0.004011788185391205,0.10233333333333333,0.0023190036174568092
Ala + Gly,Ec,M+C,Ala,Gly,M,C,0.005,0.0,M,0.005,0.0,C,0.005,0.0,0.01,0.005,0.0,Ala,Gly,0.15533333333333332,0.017547396134786238,0.17600000000000002,0.019590814173994914,0.11616666666666665,0.004011788185391205,0.14483333333333334,0.012226792074965714,0.10233333333333333,0.0023190036174568092,0.07583333333333334,0.013469512900538674,0.12483333333333334,0.01603416491259973,0.17600000000000002,0.019590814173994914,0.10233333333333333,0.0023190036174568092
Ala + Gly,Ec,R+C,Ala,Gly,R,C,0.005,0.0,R,0.005,0.0,C,0.005,0.0,0.01,0.005,0.0,Ala,Gly,0.15533333333333332,0.017547396134786238,0.17600000000000002,0.019590814173994914,0.11616666666666665,0.004011788185391205,0.14483333333333334,0.012226792074965714,0.10233333333333333,0.0023190036174568092,0.07583333333333334,0.013469512900538674,0.12483333333333334,0.01603416491259973,0.14483333333333334,0.012226792074965714,0.10233333333333333,0.0023190036174568092
Ala + Gly,Ec,F+F,Ala,Gly,F,F,0.023500000000000004,0.004055859958134649,F,0.023500000000000004,0.004055859958134649,F,0.023500000000000004,0.004055859958134649,0.04700000000000001,0.005,0.007024955515873392,Ala,Gly,0.15533333333333332,0.017547396134786238,0.17600000000000002,0.019590814173994914,0.11616666666666665,0.004011788185391205,0.14483333333333334,0.012226792074965714,0.10233333333333333,0.0023190036174568092,0.07583333333333334,0.013469512900538674,0.12483333333333334,0.01603416491259973,0.11616666666666665,0.004011788185391205,0.11616666666666665,0.004011788185391205
Ala + Gly,Ec,M+F,Ala,Gly,M,F,0.13683333333333333,0.06109850880158842,M,0.005,0.0,F,0.023500000000000004,0.004055859958134649,0.028500000000000004,0.10833333333333334,0.06123297949453201,Ala,Gly,0.15533333333333332,0.017547396134786238,0.17600000000000002,0.019590814173994914,0.11616666666666665,0.004011788185391205,0.14483333333333334,0.012226792074965714,0.10233333333333333,0.0023190036174568092,0.07583333333333334,0.013469512900538674,0.12483333333333334,0.01603416491259973,0.17600000000000002,0.019590814173994914,0.11616666666666665,0.004011788185391205
Ala + Gly,Ec,C+L,Ala,Gly,C,L,0.005,0.0,C,0.005,0.0,L,0.005,0.0,0.01,0.005,0.0,Ala,Gly,0.15533333333333332,0.017547396134786238,0.17600000000000002,0.019590814173994914,0.11616666666666665,0.004011788185391205,0.14483333333333334,0.012226792074965714,0.10233333333333333,0.0023190036174568092,0.07583333333333334,0.013469512900538674,0.12483333333333334,0.01603416491259973,0.12483333333333334,0.01603416491259973,0.10233333333333333,0.0023190036174568092
Ala + Gly,Ec,F+L,Ala,Gly,F,L,0.036833333333333336,0.003590883518640565,F,0.023500000000000004,0.004055859958134649,L,0.005,0.0,0.028500000000000004,0.008333333333333331,0.005417051268397267,Ala,Gly,0.15533333333333332,0.017547396134786238,0.17600000000000002,0.019590814173994914,0.11616666666666665,0.004011788185391205,0.14483333333333334,0.012226792074965714,0.10233333333333333,0.0023190036174568092,0.07583333333333334,0.013469512900538674,0.12483333333333334,0.01603416491259973,0.12483333333333334,0.01603416491259973,0.11616666666666665,0.004011788185391205
Ala + Gly,Ec,L+L,Ala,Gly,L,L,0.005,0.0,L,0.005,0.0,L,0.005,0.0,0.01,0.005,0.0,Ala,Gly,0.15533333333333332,0.017547396134786238,0.17600000000000002,0.019590814173994914,0.11616666666666665,0.004011788185391205,0.14483333333333334,0.012226792074965714,0.10233333333333333,0.0023190036174568092,0.07583333333333334,0.013469512900538674,0.12483333333333334,0.01603416491259973,0.12483333333333334,0.01603416491259973,0.12483333333333334,0.01603416491259973
Ala + Gly,Ec,M+L,Ala,Gly,M,L,0.006333333333333333,0.0008432740427115675,M,0.005,0.0,L,0.005,0.0,0.01,0.005,0.0008432740427115675,Ala,Gly,0.15533333333333332,0.017547396134786238,0.17600000000000002,0.019590814173994914,0.11616666666666665,0.004011788185391205,0.14483333333333334,0.012226792074965714,0.10233333333333333,0.0023190036174568092,0.07583333333333334,0.013469512900538674,0.12483333333333334,0.01603416491259973,0.17600000000000002,0.019590814173994914,0.12483333333333334,0.01603416491259973
Ala + Gly,Ec,R+L,Ala,Gly,R,L,0.005,0.0,R,0.005,0.0,L,0.005,0.0,0.01,0.005,0.0,Ala,Gly,0.15533333333333332,0.017547396134786238,0.17600000000000002,0.019590814173994914,0.11616666666666665,0.004011788185391205,0.14483333333333334,0.012226792074965714,0.10233333333333333,0.0023190036174568092,0.07583333333333334,0.013469512900538674,0.12483333333333334,0.01603416491259973,0.14483333333333334,0.012226792074965714,0.12483333333333334,0.01603416491259973
Ala + Gly,Ec,S+L,Ala,Gly,S,L,0.005,0.0,S,0.005,0.0,L,0.005,0.0,0.01,0.005,0.0,Ala,Gly,0.15533333333333332,0.017547396134786238,0.17600000000000002,0.019590814173994914,0.11616666666666665,0.004011788185391205,0.14483333333333334,0.012226792074965714,0.10233333333333333,0.0023190036174568092,0.07583333333333334,0.013469512900538674,0.12483333333333334,0.01603416491259973,0.12483333333333334,0.01603416491259973,0.07583333333333334,0.013469512900538674
Ala + Gly,Ec,M+M,Ala,Gly,M,M,0.005,0.0,M,0.005,0.0,M,0.005,0.0,0.01,0.005,0.0,Ala,Gly,0.15533333333333332,0.017547396134786238,0.17600000000000002,0.019590814173994914,0.11616666666666665,0.004011788185391205,0.14483333333333334,0.012226792074965714,0.10233333333333333,0.0023190036174568092,0.07583333333333334,0.013469512900538674,0.12483333333333334,0.01603416491259973,0.17600000000000002,0.019590814173994914,0.17600000000000002,0.019590814173994914
Ala + Gly,Ec,F+R,Ala,Gly,F,R,0.044333333333333336,0.0068345527367276275,F,0.023500000000000004,0.004055859958134649,R,0.005,0.0,0.028500000000000004,0.01583333333333333,0.007947396498924104,Ala,Gly,0.15533333333333332,0.017547396134786238,0.17600000000000002,0.019590814173994914,0.11616666666666665,0.004011788185391205,0.14483333333333334,0.012226792074965714,0.10233333333333333,0.0023190036174568092,0.07583333333333334,0.013469512900538674,0.12483333333333334,0.01603416491259973,0.14483333333333334,0.012226792074965714,0.11616666666666665,0.004011788185391205
Ala + Gly,Ec,M+R,Ala,Gly,M,R,0.015666666666666666,0.002788866755113585,M,0.005,0.0,R,0.005,0.0,0.01,0.005666666666666665,0.002788866755113585,Ala,Gly,0.15533333333333332,0.017547396134786238,0.17600000000000002,0.019590814173994914,0.11616666666666665,0.004011788185391205,0.14483333333333334,0.012226792074965714,0.10233333333333333,0.0023190036174568092,0.07583333333333334,0.013469512900538674,0.12483333333333334,0.01603416491259973,0.17600000000000002,0.019590814173994914,0.14483333333333334,0.012226792074965714
Ala + Gly,Ec,R+R,Ala,Gly,R,R,0.005,0.0,R,0.005,0.0,R,0.005,0.0,0.01,0.005,0.0,Ala,Gly,0.15533333333333332,0.017547396134786238,0.17600000000000002,0.019590814173994914,0.11616666666666665,0.004011788185391205,0.14483333333333334,0.012226792074965714,0.10233333333333333,0.0023190036174568092,0.07583333333333334,0.013469512900538674,0.12483333333333334,0.01603416491259973,0.14483333333333334,0.012226792074965714,0.14483333333333334,0.012226792074965714
Ala + Gly,Ec,C+S,Ala,Gly,C,S,0.005,0.0,C,0.005,0.0,S,0.005,0.0,0.01,0.005,0.0,Ala,Gly,0.15533333333333332,0.017547396134786238,0.17600000000000002,0.019590814173994914,0.11616666666666665,0.004011788185391205,0.14483333333333334,0.012226792074965714,0.10233333333333333,0.0023190036174568092,0.07583333333333334,0.013469512900538674,0.12483333333333334,0.01603416491259973,0.10233333333333333,0.0023190036174568092,0.07583333333333334,0.013469512900538674
Ala + Gly,Ec,F+S,Ala,Gly,F,S,0.025,0.00316227766016838,F,0.023500000000000004,0.004055859958134649,S,0.005,0.0,0.028500000000000004,0.005,0.005142956348249517,Ala,Gly,0.15533333333333332,0.017547396134786238,0.17600000000000002,0.019590814173994914,0.11616666666666665,0.004011788185391205,0.14483333333333334,0.012226792074965714,0.10233333333333333,0.0023190036174568092,0.07583333333333334,0.013469512900538674,0.12483333333333334,0.01603416491259973,0.11616666666666665,0.004011788185391205,0.07583333333333334,0.013469512900538674
Ala + Gly,Ec,M+S,Ala,Gly,M,S,0.005166666666666667,0.00016666666666666663,M,0.005,0.0,S,0.005,0.0,0.01,0.005,0.00016666666666666663,Ala,Gly,0.15533333333333332,0.017547396134786238,0.17600000000000002,0.019590814173994914,0.11616666666666665,0.004011788185391205,0.14483333333333334,0.012226792074965714,0.10233333333333333,0.0023190036174568092,0.07583333333333334,0.013469512900538674,0.12483333333333334,0.01603416491259973,0.17600000000000002,0.019590814173994914,0.07583333333333334,0.013469512900538674
Ala + Gly,Ec,R+S,Ala,Gly,R,S,0.005,0.0,R,0.005,0.0,S,0.005,0.0,0.01,0.005,0.0,Ala,Gly,0.15533333333333332,0.017547396134786238,0.17600000000000002,0.019590814173994914,0.11616666666666665,0.004011788185391205,0.14483333333333334,0.012226792074965714,0.10233333333333333,0.0023190036174568092,0.07583333333333334,0.013469512900538674,0.12483333333333334,0.01603416491259973,0.14483333333333334,0.012226792074965714,0.07583333333333334,0.013469512900538674
Ala + Gly,Ec,S+S,Ala,Gly,S,S,0.005,0.0,S,0.005,0.0,S,0.005,0.0,0.01,0.005,0.0,Ala,Gly,0.15533333333333332,0.017547396134786238,0.17600000000000002,0.019590814173994914,0.11616666666666665,0.004011788185391205,0.14483333333333334,0.012226792074965714,0.10233333333333333,0.0023190036174568092,0.07583333333333334,0.013469512900538674,0.12483333333333334,0.01603416491259973,0.07583333333333334,0.013469512900538674,0.07583333333333334,0.013469512900538674
Ala + Gly,Ec,WT+WT,Ala,Gly,WT,WT,0.15533333333333332,0.017547396134786238,,,,,,,,0.15533333333333332,0.0,Ala,Gly,0.15533333333333332,0.017547396134786238,0.17600000000000002,0.019590814173994914,0.11616666666666665,0.004011788185391205,0.14483333333333334,0.012226792074965714,0.10233333333333333,0.0023190036174568092,0.07583333333333334,0.013469512900538674,0.12483333333333334,0.01603416491259973,0.15533333333333332,0.017547396134786238,0.15533333333333332,0.017547396134786238
Ala + NoC,Bs,C+C,Ala,NoC,C,C,0.005,0.0,C,0.005,0.0,C,0.005,0.0,0.01,0.005,0.0,Ala,NoC,0.02816666666666667,0.006431260460524912,0.06266666666666666,0.0029173808649388074,0.03233333333333333,0.0019090428084368475,0.03766666666666667,0.005806127031947468,0.012333333333333333,0.007333333333333333,0.024666666666666667,0.006370068898982003,0.07766666666666666,0.0077229815773731105,0.012333333333333333,0.007333333333333333,0.012333333333333333,0.007333333333333333
Ala + NoC,Bs,F+C,Ala,NoC,F,C,0.019333333333333334,0.0028713140623144043,F,0.024833333333333332,0.009782353727219457,C,0.005,0.0,0.029833333333333333,0.005,0.010195042368175271,Ala,NoC,0.02816666666666667,0.006431260460524912,0.06266666666666666,0.0029173808649388074,0.03233333333333333,0.0019090428084368475,0.03766666666666667,0.005806127031947468,0.012333333333333333,0.007333333333333333,0.024666666666666667,0.006370068898982003,0.07766666666666666,0.0077229815773731105,0.03233333333333333,0.0019090428084368475,0.012333333333333333,0.007333333333333333
Ala + NoC,Bs,M+C,Ala,NoC,M,C,0.01,0.003183289703016886,M,0.006333333333333333,0.0008819171036881969,C,0.005,0.0,0.011333333333333334,0.005,0.003303197104489999,Ala,NoC,0.02816666666666667,0.006431260460524912,0.06266666666666666,0.0029173808649388074,0.03233333333333333,0.0019090428084368475,0.03766666666666667,0.005806127031947468,0.012333333333333333,0.007333333333333333,0.024666666666666667,0.006370068898982003,0.07766666666666666,0.0077229815773731105,0.06266666666666666,0.0029173808649388074,0.012333333333333333,0.007333333333333333
Ala + NoC,Bs,R+C,Ala,NoC,R,C,0.012666666666666666,0.001201850425154663,R,0.005333333333333333,0.0002108185106778919,C,0.005,0.0,0.010333333333333333,0.005,0.0012202003478482082,Ala,NoC,0.02816666666666667,0.006431260460524912,0.06266666666666666,0.0029173808649388074,0.03233333333333333,0.0019090428084368475,0.03766666666666667,0.005806127031947468,0.012333333333333333,0.007333333333333333,0.024666666666666667,0.006370068898982003,0.07766666666666666,0.0077229815773731105,0.03766666666666667,0.005806127031947468,0.012333333333333333,0.007333333333333333
Ala + NoC,Bs,F+F,Ala,NoC,F,F,0.024833333333333332,0.009782353727219457,F,0.024833333333333332,0.009782353727219457,F,0.024833333333333332,0.009782353727219457,0.049666666666666665,0.005,0.016943533673154876,Ala,NoC,0.02816666666666667,0.006431260460524912,0.06266666666666666,0.0029173808649388074,0.03233333333333333,0.0019090428084368475,0.03766666666666667,0.005806127031947468,0.012333333333333333,0.007333333333333333,0.024666666666666667,0.006370068898982003,0.07766666666666666,0.0077229815773731105,0.03233333333333333,0.0019090428084368475,0.03233333333333333,0.0019090428084368475
Ala + NoC,Bs,M+F,Ala,NoC,M,F,0.043666666666666666,0.004923864787384443,M,0.006333333333333333,0.0008819171036881969,F,0.024833333333333332,0.009782353727219457,0.031166666666666665,0.0125,0.010987113664046014,Ala,NoC,0.02816666666666667,0.006431260460524912,0.06266666666666666,0.0029173808649388074,0.03233333333333333,0.0019090428084368475,0.03766666666666667,0.005806127031947468,0.012333333333333333,0.007333333333333333,0.024666666666666667,0.006370068898982003,0.07766666666666666,0.0077229815773731105,0.06266666666666666,0.0029173808649388074,0.03233333333333333,0.0019090428084368475
Ala + NoC,Bs,C+L,Ala,NoC,C,L,0.005166666666666667,0.00016666666666666663,C,0.005,0.0,L,0.005,0.0,0.01,0.005,0.00016666666666666663,Ala,NoC,0.02816666666666667,0.006431260460524912,0.06266666666666666,0.0029173808649388074,0.03233333333333333,0.0019090428084368475,0.03766666666666667,0.005806127031947468,0.012333333333333333,0.007333333333333333,0.024666666666666667,0.006370068898982003,0.07766666666666666,0.0077229815773731105,0.07766666666666666,0.0077229815773731105,0.012333333333333333,0.007333333333333333
Ala + NoC,Bs,F+L,Ala,NoC,F,L,0.035666666666666666,0.005129435749779025,F,0.024833333333333332,0.009782353727219457,L,0.005,0.0,0.029833333333333333,0.005833333333333333,0.01104561250250775,Ala,NoC,0.02816666666666667,0.006431260460524912,0.06266666666666666,0.0029173808649388074,0.03233333333333333,0.0019090428084368475,0.03766666666666667,0.005806127031947468,0.012333333333333333,0.007333333333333333,0.024666666666666667,0.006370068898982003,0.07766666666666666,0.0077229815773731105,0.07766666666666666,0.0077229815773731105,0.03233333333333333,0.0019090428084368475
Ala + NoC,Bs,L+L,Ala,NoC,L,L,0.005,0.0,L,0.005,0.0,L,0.005,0.0,0.01,0.005,0.0,Ala,NoC,0.02816666666666667,0.006431260460524912,0.06266666666666666,0.0029173808649388074,0.03233333333333333,0.0019090428084368475,0.03766666666666667,0.005806127031947468,0.012333333333333333,0.007333333333333333,0.024666666666666667,0.006370068898982003,0.07766666666666666,0.0077229815773731105,0.07766666666666666,0.0077229815773731105,0.07766666666666666,0.0077229815773731105
Ala + NoC,Bs,M+L,Ala,NoC,M,L,0.026333333333333334,0.0063805259274695445,M,0.006333333333333333,0.0008819171036881969,L,0.005,0.0,0.011333333333333334,0.015,0.0064411869161583,Ala,NoC,0.02816666666666667,0.006431260460524912,0.06266666666666666,0.0029173808649388074,0.03233333333333333,0.0019090428084368475,0.03766666666666667,0.005806127031947468,0.012333333333333333,0.007333333333333333,0.024666666666666667,0.006370068898982003,0.07766666666666666,0.0077229815773731105,0.07766666666666666,0.0077229815773731105,0.06266666666666666,0.0029173808649388074
Ala + NoC,Bs,R+L,Ala,NoC,R,L,0.02383333333333333,0.003859332124143302,R,0.005333333333333333,0.0002108185106778919,L,0.005,0.0,0.010333333333333333,0.013499999999999998,0.0038650858837662194,Ala,NoC,0.02816666666666667,0.006431260460524912,0.06266666666666666,0.0029173808649388074,0.03233333333333333,0.0019090428084368475,0.03766666666666667,0.005806127031947468,0.012333333333333333,0.007333333333333333,0.024666666666666667,0.006370068898982003,0.07766666666666666,0.0077229815773731105,0.07766666666666666,0.0077229815773731105,0.03766666666666667,0.005806127031947468
Ala + NoC,Bs,S+L,Ala,NoC,S,L,0.010666666666666666,0.004271351594571025,S,0.005,0.0,L,0.005,0.0,0.01,0.005,0.004271351594571025,Ala,NoC,0.02816666666666667,0.006431260460524912,0.06266666666666666,0.0029173808649388074,0.03233333333333333,0.0019090428084368475,0.03766666666666667,0.005806127031947468,0.012333333333333333,0.007333333333333333,0.024666666666666667,0.006370068898982003,0.07766666666666666,0.0077229815773731105,0.07766666666666666,0.0077229815773731105,0.024666666666666667,0.006370068898982003
Ala + NoC,Bs,M+M,Ala,NoC,M,M,0.006333333333333333,0.0008819171036881969,M,0.006333333333333333,0.0008819171036881969,M,0.006333333333333333,0.0008819171036881969,0.012666666666666666,0.005,0.0015275252316519468,Ala,NoC,0.02816666666666667,0.006431260460524912,0.06266666666666666,0.0029173808649388074,0.03233333333333333,0.0019090428084368475,0.03766666666666667,0.005806127031947468,0.012333333333333333,0.007333333333333333,0.024666666666666667,0.006370068898982003,0.07766666666666666,0.0077229815773731105,0.06266666666666666,0.0029173808649388074,0.06266666666666666,0.0029173808649388074
Ala + NoC,Bs,F+R,Ala,NoC,F,R,0.029166666666666664,0.0021819970465404184,F,0.024833333333333332,0.009782353727219457,R,0.005333333333333333,0.0002108185106778919,0.030166666666666665,0.005,0.010024968827881708,Ala,NoC,0.02816666666666667,0.006431260460524912,0.06266666666666666,0.0029173808649388074,0.03233333333333333,0.0019090428084368475,0.03766666666666667,0.005806127031947468,0.012333333333333333,0.007333333333333333,0.024666666666666667,0.006370068898982003,0.07766666666666666,0.0077229815773731105,0.03766666666666667,0.005806127031947468,0.03233333333333333,0.0019090428084368475
Ala + NoC,Bs,M+R,Ala,NoC,M,R,0.03716666666666666,0.006867394783403026,M,0.006333333333333333,0.0008819171036881969,R,0.005333333333333333,0.0002108185106778919,0.011666666666666665,0.025499999999999995,0.00692700031278571,Ala,NoC,0.02816666666666667,0.006431260460524912,0.06266666666666666,0.0029173808649388074,0.03233333333333333,0.0019090428084368475,0.03766666666666667,0.005806127031947468,0.012333333333333333,0.007333333333333333,0.024666666666666667,0.006370068898982003,0.07766666666666666,0.0077229815773731105,0.06266666666666666,0.0029173808649388074,0.03766666666666667,0.005806127031947468
Ala + NoC,Bs,R+R,Ala,NoC,R,R,0.005333333333333333,0.0002108185106778919,R,0.005333333333333333,0.0002108185106778919,R,0.005333333333333333,0.0002108185106778919,0.010666666666666666,0.005,0.00036514837167011063,Ala,NoC,0.02816666666666667,0.006431260460524912,0.06266666666666666,0.0029173808649388074,0.03233333333333333,0.0019090428084368475,0.03766666666666667,0.005806127031947468,0.012333333333333333,0.007333333333333333,0.024666666666666667,0.006370068898982003,0.07766666666666666,0.0077229815773731105,0.03766666666666667,0.005806127031947468,0.03766666666666667,0.005806127031947468
Ala + NoC,Bs,C+S,Ala,NoC,C,S,0.005,0.0,C,0.005,0.0,S,0.005,0.0,0.01,0.005,0.0,Ala,NoC,0.02816666666666667,0.006431260460524912,0.06266666666666666,0.0029173808649388074,0.03233333333333333,0.0019090428084368475,0.03766666666666667,0.005806127031947468,0.012333333333333333,0.007333333333333333,0.024666666666666667,0.006370068898982003,0.07766666666666666,0.0077229815773731105,0.024666666666666667,0.006370068898982003,0.012333333333333333,0.007333333333333333
Ala + NoC,Bs,F+S,Ala,NoC,F,S,0.030166666666666665,0.003429447639359889,F,0.024833333333333332,0.009782353727219457,S,0.005,0.0,0.029833333333333333,0.005,0.01036607715365632,Ala,NoC,0.02816666666666667,0.006431260460524912,0.06266666666666666,0.0029173808649388074,0.03233333333333333,0.0019090428084368475,0.03766666666666667,0.005806127031947468,0.012333333333333333,0.007333333333333333,0.024666666666666667,0.006370068898982003,0.07766666666666666,0.0077229815773731105,0.03233333333333333,0.0019090428084368475,0.024666666666666667,0.006370068898982003
Ala + NoC,Bs,M+S,Ala,NoC,M,S,0.0095,0.0014999999999999998,M,0.006333333333333333,0.0008819171036881969,S,0.005,0.0,0.011333333333333334,0.005,0.001740051084818425,Ala,NoC,0.02816666666666667,0.006431260460524912,0.06266666666666666,0.0029173808649388074,0.03233333333333333,0.0019090428084368475,0.03766666666666667,0.005806127031947468,0.012333333333333333,0.007333333333333333,0.024666666666666667,0.006370068898982003,0.07766666666666666,0.0077229815773731105,0.06266666666666666,0.0029173808649388074,0.024666666666666667,0.006370068898982003
Ala + NoC,Bs,R+S,Ala,NoC,R,S,0.026,0.0018797162906495578,R,0.005333333333333333,0.0002108185106778919,S,0.005,0.0,0.010333333333333333,0.015666666666666666,0.0018915014612148142,Ala,NoC,0.02816666666666667,0.006431260460524912,0.06266666666666666,0.0029173808649388074,0.03233333333333333,0.0019090428084368475,0.03766666666666667,0.005806127031947468,0.012333333333333333,0.007333333333333333,0.024666666666666667,0.006370068898982003,0.07766666666666666,0.0077229815773731105,0.03766666666666667,0.005806127031947468,0.024666666666666667,0.006370068898982003
Ala + NoC,Bs,S+S,Ala,NoC,S,S,0.005,0.0,S,0.005,0.0,S,0.005,0.0,0.01,0.005,0.0,Ala,NoC,0.02816666666666667,0.006431260460524912,0.06266666666666666,0.0029173808649388074,0.03233333333333333,0.0019090428084368475,0.03766666666666667,0.005806127031947468,0.012333333333333333,0.007333333333333333,0.024666666666666667,0.006370068898982003,0.07766666666666666,0.0077229815773731105,0.024666666666666667,0.006370068898982003,0.024666666666666667,0.006370068898982003
Ala + NoC,Bs,WT+WT,Ala,NoC,WT,WT,0.02816666666666667,0.006431260460524912,,,,,,,,0.02816666666666667,0.0,Ala,NoC,0.02816666666666667,0.006431260460524912,0.06266666666666666,0.0029173808649388074,0.03233333333333333,0.0019090428084368475,0.03766666666666667,0.005806127031947468,0.012333333333333333,0.007333333333333333,0.024666666666666667,0.006370068898982003,0.07766666666666666,0.0077229815773731105,0.02816666666666667,0.006431260460524912,0.02816666666666667,0.006431260460524912
Ala + NoC,Ec,C+C,Ala,NoC,C,C,0.005,0.0,C,0.005,0.0,C,0.005,0.0,0.01,0.005,0.0,Ala,NoC,0.14066666666666666,0.011971261884659908,0.2611666666666667,0.02039512468976621,0.2505,0.023836596513204928,0.1555,0.0099958324649159,0.03983333333333333,0.001990254031803757,0.07433333333333332,0.010566193469951439,0.10266666666666667,0.005383101130183028,0.03983333333333333,0.001990254031803757,0.03983333333333333,0.001990254031803757
Ala + NoC,Ec,F+C,Ala,NoC,F,C,0.035833333333333335,0.003229206988995561,F,0.0625,0.013747120910697387,C,0.005,0.0,0.0675,0.005,0.01412129990868798,Ala,NoC,0.14066666666666666,0.011971261884659908,0.2611666666666667,0.02039512468976621,0.2505,0.023836596513204928,0.1555,0.0099958324649159,0.03983333333333333,0.001990254031803757,0.07433333333333332,0.010566193469951439,0.10266666666666667,0.005383101130183028,0.2505,0.023836596513204928,0.03983333333333333,0.001990254031803757
Ala + NoC,Ec,M+C,Ala,NoC,M,C,0.007166666666666666,0.0007923242882669808,M,0.011000000000000001,0.0037947331922020557,C,0.005,0.0,0.016,0.005,0.0038765677832043365,Ala,NoC,0.14066666666666666,0.011971261884659908,0.2611666666666667,0.02039512468976621,0.2505,0.023836596513204928,0.1555,0.0099958324649159,0.03983333333333333,0.001990254031803757,0.07433333333333332,0.010566193469951439,0.10266666666666667,0.005383101130183028,0.2611666666666667,0.02039512468976621,0.03983333333333333,0.001990254031803757
Ala + NoC,Ec,R+C,Ala,NoC,R,C,0.007833333333333333,0.0008724168218868265,R,0.005,0.0,C,0.005,0.0,0.01,0.005,0.0008724168218868265,Ala,NoC,0.14066666666666666,0.011971261884659908,0.2611666666666667,0.02039512468976621,0.2505,0.023836596513204928,0.1555,0.0099958324649159,0.03983333333333333,0.001990254031803757,0.07433333333333332,0.010566193469951439,0.10266666666666667,0.005383101130183028,0.1555,0.0099958324649159,0.03983333333333333,0.001990254031803757
Ala + NoC,Ec,F+F,Ala,NoC,F,F,0.0625,0.013747120910697387,F,0.0625,0.013747120910697387,F,0.0625,0.013747120910697387,0.125,0.005,0.02381071187512041,Ala,NoC,0.14066666666666666,0.011971261884659908,0.2611666666666667,0.02039512468976621,0.2505,0.023836596513204928,0.1555,0.0099958324649159,0.03983333333333333,0.001990254031803757,0.07433333333333332,0.010566193469951439,0.10266666666666667,0.005383101130183028,0.2505,0.023836596513204928,0.2505,0.023836596513204928
Ala + NoC,Ec,M+F,Ala,NoC,M,F,0.06116666666666667,0.012048282496319179,M,0.011000000000000001,0.0037947331922020557,F,0.0625,0.013747120910697387,0.0735,0.005,0.018669345045942143,Ala,NoC,0.14066666666666666,0.011971261884659908,0.2611666666666667,0.02039512468976621,0.2505,0.023836596513204928,0.1555,0.0099958324649159,0.03983333333333333,0.001990254031803757,0.07433333333333332,0.010566193469951439,0.10266666666666667,0.005383101130183028,0.2611666666666667,0.02039512468976621,0.2505,0.023836596513204928
Ala + NoC,Ec,C+L,Ala,NoC,C,L,0.013833333333333335,0.0036186246620013582,C,0.005,0.0,L,0.005,0.0,0.01,0.005,0.0036186246620013582,Ala,NoC,0.14066666666666666,0.011971261884659908,0.2611666666666667,0.02039512468976621,0.2505,0.023836596513204928,0.1555,0.0099958324649159,0.03983333333333333,0.001990254031803757,0.07433333333333332,0.010566193469951439,0.10266666666666667,0.005383101130183028,0.10266666666666667,0.005383101130183028,0.03983333333333333,0.001990254031803757
Ala + NoC,Ec,F+L,Ala,NoC,F,L,0.03716666666666667,0.0037364570265307627,F,0.0625,0.013747120910697387,L,0.005,0.0,0.0675,0.005,0.01424585709757207,Ala,NoC,0.14066666666666666,0.011971261884659908,0.2611666666666667,0.02039512468976621,0.2505,0.023836596513204928,0.1555,0.0099958324649159,0.03983333333333333,0.001990254031803757,0.07433333333333332,0.010566193469951439,0.10266666666666667,0.005383101130183028,0.2505,0.023836596513204928,0.10266666666666667,0.005383101130183028
Ala + NoC,Ec,L+L,Ala,NoC,L,L,0.005,0.0,L,0.005,0.0,L,0.005,0.0,0.01,0.005,0.0,Ala,NoC,0.14066666666666666,0.011971261884659908,0.2611666666666667,0.02039512468976621,0.2505,0.023836596513204928,0.1555,0.0099958324649159,0.03983333333333333,0.001990254031803757,0.07433333333333332,0.010566193469951439,0.10266666666666667,0.005383101130183028,0.10266666666666667,0.005383101130183028,0.10266666666666667,0.005383101130183028
Ala + NoC,Ec,M+L,Ala,NoC,M,L,0.024499999999999997,0.0032223180062391937,M,0.011000000000000001,0.0037947331922020557,L,0.005,0.0,0.016,0.008499999999999997,0.0049782861843543445,Ala,NoC,0.14066666666666666,0.011971261884659908,0.2611666666666667,0.02039512468976621,0.2505,0.023836596513204928,0.1555,0.0099958324649159,0.03983333333333333,0.001990254031803757,0.07433333333333332,0.010566193469951439,0.10266666666666667,0.005383101130183028,0.2611666666666667,0.02039512468976621,0.10266666666666667,0.005383101130183028
Ala + NoC,Ec,R+L,Ala,NoC,R,L,0.0085,0.0020776589389663227,R,0.005,0.0,L,0.005,0.0,0.01,0.005,0.0020776589389663227,Ala,NoC,0.14066666666666666,0.011971261884659908,0.2611666666666667,0.02039512468976621,0.2505,0.023836596513204928,0.1555,0.0099958324649159,0.03983333333333333,0.001990254031803757,0.07433333333333332,0.010566193469951439,0.10266666666666667,0.005383101130183028,0.1555,0.0099958324649159,0.10266666666666667,0.005383101130183028
Ala + NoC,Ec,S+L,Ala,NoC,S,L,0.005,0.0,S,0.005,0.0,L,0.005,0.0,0.01,0.005,0.0,Ala,NoC,0.14066666666666666,0.011971261884659908,0.2611666666666667,0.02039512468976621,0.2505,0.023836596513204928,0.1555,0.0099958324649159,0.03983333333333333,0.001990254031803757,0.07433333333333332,0.010566193469951439,0.10266666666666667,0.005383101130183028,0.10266666666666667,0.005383101130183028,0.07433333333333332,0.010566193469951439
Ala + NoC,Ec,M+M,Ala,NoC,M,M,0.011000000000000001,0.0037947331922020557,M,0.011000000000000001,0.0037947331922020557,M,0.011000000000000001,0.0037947331922020557,0.022000000000000002,0.005,0.006572670690061995,Ala,NoC,0.14066666666666666,0.011971261884659908,0.2611666666666667,0.02039512468976621,0.2505,0.023836596513204928,0.1555,0.0099958324649159,0.03983333333333333,0.001990254031803757,0.07433333333333332,0.010566193469951439,0.10266666666666667,0.005383101130183028,0.2611666666666667,0.02039512468976621,0.2611666666666667,0.02039512468976621
Ala + NoC,Ec,F+R,Ala,NoC,F,R,0.030333333333333334,0.0025121924908555696,F,0.0625,0.013747120910697387,R,0.005,0.0,0.0675,0.005,0.013974778869250292,Ala,NoC,0.14066666666666666,0.011971261884659908,0.2611666666666667,0.02039512468976621,0.2505,0.023836596513204928,0.1555,0.0099958324649159,0.03983333333333333,0.001990254031803757,0.07433333333333332,0.010566193469951439,0.10266666666666667,0.005383101130183028,0.2505,0.023836596513204928,0.1555,0.0099958324649159
Ala + NoC,Ec,M+R,Ala,NoC,M,R,0.025333333333333333,0.0017448336437736534,M,0.011000000000000001,0.0037947331922020557,R,0.005,0.0,0.016,0.009333333333333332,0.004176654695380556,Ala,NoC,0.14066666666666666,0.011971261884659908,0.2611666666666667,0.02039512468976621,0.2505,0.023836596513204928,0.1555,0.0099958324649159,0.03983333333333333,0.001990254031803757,0.07433333333333332,0.010566193469951439,0.10266666666666667,0.005383101130183028,0.2611666666666667,0.02039512468976621,0.1555,0.0099958324649159
Ala + NoC,Ec,R+R,Ala,NoC,R,R,0.005,0.0,R,0.005,0.0,R,0.005,0.0,0.01,0.005,0.0,Ala,NoC,0.14066666666666666,0.011971261884659908,0.2611666666666667,0.02039512468976621,0.2505,0.023836596513204928,0.1555,0.0099958324649159,0.03983333333333333,0.001990254031803757,0.07433333333333332,0.010566193469951439,0.10266666666666667,0.005383101130183028,0.1555,0.0099958324649159,0.1555,0.0099958324649159
Ala + NoC,Ec,C+S,Ala,NoC,C,S,0.005166666666666667,0.0001666666666666667,C,0.005,0.0,S,0.005,0.0,0.01,0.005,0.0001666666666666667,Ala,NoC,0.14066666666666666,0.011971261884659908,0.2611666666666667,0.02039512468976621,0.2505,0.023836596513204928,0.1555,0.0099958324649159,0.03983333333333333,0.001990254031803757,0.07433333333333332,0.010566193469951439,0.10266666666666667,0.005383101130183028,0.07433333333333332,0.010566193469951439,0.03983333333333333,0.001990254031803757
Ala + NoC,Ec,F+S,Ala,NoC,F,S,0.02925,0.0002499999999999992,F,0.0625,0.013747120910697387,S,0.005,0.0,0.0675,0.005,0.013749393926036645,Ala,NoC,0.14066666666666666,0.011971261884659908,0.2611666666666667,0.02039512468976621,0.2505,0.023836596513204928,0.1555,0.0099958324649159,0.03983333333333333,0.001990254031803757,0.07433333333333332,0.010566193469951439,0.10266666666666667,0.005383101130183028,0.2505,0.023836596513204928,0.07433333333333332,0.010566193469951439
Ala + NoC,Ec,M+S,Ala,NoC,M,S,0.008166666666666668,0.0017207879332187077,M,0.011000000000000001,0.0037947331922020557,S,0.005,0.0,0.016,0.005,0.0041666666666666675,Ala,NoC,0.14066666666666666,0.011971261884659908,0.2611666666666667,0.02039512468976621,0.2505,0.023836596513204928,0.1555,0.0099958324649159,0.03983333333333333,0.001990254031803757,0.07433333333333332,0.010566193469951439,0.10266666666666667,0.005383101130183028,0.2611666666666667,0.02039512468976621,0.07433333333333332,0.010566193469951439
Ala + NoC,Ec,R+S,Ala,NoC,R,S,0.006999999999999999,0.0009999999999999998,R,0.005,0.0,S,0.005,0.0,0.01,0.005,0.0009999999999999998,Ala,NoC,0.14066666666666666,0.011971261884659908,0.2611666666666667,0.02039512468976621,0.2505,0.023836596513204928,0.1555,0.0099958324649159,0.03983333333333333,0.001990254031803757,0.07433333333333332,0.010566193469951439,0.10266666666666667,0.005383101130183028,0.1555,0.0099958324649159,0.07433333333333332,0.010566193469951439
Ala + NoC,Ec,S+S,Ala,NoC,S,S,0.005,0.0,S,0.005,0.0,S,0.005,0.0,0.01,0.005,0.0,Ala,NoC,0.14066666666666666,0.011971261884659908,0.2611666666666667,0.02039512468976621,0.2505,0.023836596513204928,0.1555,0.0099958324649159,0.03983333333333333,0.001990254031803757,0.07433333333333332,0.010566193469951439,0.10266666666666667,0.005383101130183028,0.07433333333333332,0.010566193469951439,0.07433333333333332,0.010566193469951439
Ala + NoC,Ec,WT+WT,Ala,NoC,WT,WT,0.14066666666666666,0.011971261884659908,,,,,,,,0.14066666666666666,0.0,Ala,NoC,0.14066666666666666,0.011971261884659908,0.2611666666666667,0.02039512468976621,0.2505,0.023836596513204928,0.1555,0.0099958324649159,0.03983333333333333,0.001990254031803757,0.07433333333333332,0.010566193469951439,0.10266666666666667,0.005383101130183028,0.14066666666666666,0.011971261884659908,0.14066666666666666,0.011971261884659908
AmSu + Fum,Bs,C+C,AmSu,Fum,C,C,0.005,0.0,C,0.005,0.0,C,0.005,0.0,0.01,0.005,0.0,AmSu,Fum,0.07883333333333332,0.002329759167334207,0.0755,0.002362907813126302,0.08033333333333333,0.015919938581679404,0.037333333333333336,0.002776888746621136,0.06883333333333334,0.011939895774717262,0.005,0.0,0.07666666666666666,0.008065013604727797,0.06883333333333334,0.011939895774717262,0.06883333333333334,0.011939895774717262
AmSu + Fum,Bs,F+C,AmSu,Fum,F,C,0.03383333333333333,0.0046073612597426926,F,0.016666666666666666,0.005942315298863829,C,0.005,0.0,0.021666666666666667,0.012166666666666666,0.0075192345946172535,AmSu,Fum,0.07883333333333332,0.002329759167334207,0.0755,0.002362907813126302,0.08033333333333333,0.015919938581679404,0.037333333333333336,0.002776888746621136,0.06883333333333334,0.011939895774717262,0.005,0.0,0.07666666666666666,0.008065013604727797,0.08033333333333333,0.015919938581679404,0.06883333333333334,0.011939895774717262
AmSu + Fum,Bs,M+C,AmSu,Fum,M,C,0.0285,0.011318863311599212,M,0.005999999999999999,0.0006831300510639733,C,0.005,0.0,0.011,0.0175,0.011339459128782701,AmSu,Fum,0.07883333333333332,0.002329759167334207,0.0755,0.002362907813126302,0.08033333333333333,0.015919938581679404,0.037333333333333336,0.002776888746621136,0.06883333333333334,0.011939895774717262,0.005,0.0,0.07666666666666666,0.008065013604727797,0.0755,0.002362907813126302,0.06883333333333334,0.011939895774717262
AmSu + Fum,Bs,R+C,AmSu,Fum,R,C,0.07516666666666667,0.009224665004456503,R,0.007666666666666666,0.0014063348739819326,C,0.005,0.0,0.012666666666666666,0.0625,0.009331249767433207,AmSu,Fum,0.07883333333333332,0.002329759167334207,0.0755,0.002362907813126302,0.08033333333333333,0.015919938581679404,0.037333333333333336,0.002776888746621136,0.06883333333333334,0.011939895774717262,0.005,0.0,0.07666666666666666,0.008065013604727797,0.06883333333333334,0.011939895774717262,0.037333333333333336,0.002776888746621136
AmSu + Fum,Bs,F+F,AmSu,Fum,F,F,0.016666666666666666,0.005942315298863829,F,0.016666666666666666,0.005942315298863829,F,0.016666666666666666,0.005942315298863829,0.03333333333333333,0.005,0.01029239201222599,AmSu,Fum,0.07883333333333332,0.002329759167334207,0.0755,0.002362907813126302,0.08033333333333333,0.015919938581679404,0.037333333333333336,0.002776888746621136,0.06883333333333334,0.011939895774717262,0.005,0.0,0.07666666666666666,0.008065013604727797,0.08033333333333333,0.015919938581679404,0.08033333333333333,0.015919938581679404
AmSu + Fum,Bs,M+F,AmSu,Fum,M,F,0.10149999999999999,0.015287794695987606,M,0.005999999999999999,0.0006831300510639733,F,0.016666666666666666,0.005942315298863829,0.022666666666666665,0.07883333333333332,0.016416285951592235,AmSu,Fum,0.07883333333333332,0.002329759167334207,0.0755,0.002362907813126302,0.08033333333333333,0.015919938581679404,0.037333333333333336,0.002776888746621136,0.06883333333333334,0.011939895774717262,0.005,0.0,0.07666666666666666,0.008065013604727797,0.08033333333333333,0.015919938581679404,0.0755,0.002362907813126302
AmSu + Fum,Bs,C+L,AmSu,Fum,C,L,0.007666666666666666,0.001706197852275964,C,0.005,0.0,L,0.005,0.0,0.01,0.005,0.001706197852275964,AmSu,Fum,0.07883333333333332,0.002329759167334207,0.0755,0.002362907813126302,0.08033333333333333,0.015919938581679404,0.037333333333333336,0.002776888746621136,0.06883333333333334,0.011939895774717262,0.005,0.0,0.07666666666666666,0.008065013604727797,0.07666666666666666,0.008065013604727797,0.06883333333333334,0.011939895774717262
AmSu + Fum,Bs,F+L,AmSu,Fum,F,L,0.06616666666666667,0.019866918342924866,F,0.016666666666666666,0.005942315298863829,L,0.005,0.0,0.021666666666666667,0.0445,0.020736575309234544,AmSu,Fum,0.07883333333333332,0.002329759167334207,0.0755,0.002362907813126302,0.08033333333333333,0.015919938581679404,0.037333333333333336,0.002776888746621136,0.06883333333333334,0.011939895774717262,0.005,0.0,0.07666666666666666,0.008065013604727797,0.08033333333333333,0.015919938581679404,0.07666666666666666,0.008065013604727797
AmSu + Fum,Bs,L+L,AmSu,Fum,L,L,0.005,0.0,L,0.005,0.0,L,0.005,0.0,0.01,0.005,0.0,AmSu,Fum,0.07883333333333332,0.002329759167334207,0.0755,0.002362907813126302,0.08033333333333333,0.015919938581679404,0.037333333333333336,0.002776888746621136,0.06883333333333334,0.011939895774717262,0.005,0.0,0.07666666666666666,0.008065013604727797,0.07666666666666666,0.008065013604727797,0.07666666666666666,0.008065013604727797
AmSu + Fum,Bs,M+L,AmSu,Fum,M,L,0.07966666666666666,0.010101705026600433,M,0.005999999999999999,0.0006831300510639733,L,0.005,0.0,0.011,0.06866666666666667,0.01012477708945294,AmSu,Fum,0.07883333333333332,0.002329759167334207,0.0755,0.002362907813126302,0.08033333333333333,0.015919938581679404,0.037333333333333336,0.002776888746621136,0.06883333333333334,0.011939895774717262,0.005,0.0,0.07666666666666666,0.008065013604727797,0.07666666666666666,0.008065013604727797,0.0755,0.002362907813126302
AmSu + Fum,Bs,R+L,AmSu,Fum,R,L,0.12066666666666666,0.017128274220649838,R,0.007666666666666666,0.0014063348739819326,L,0.005,0.0,0.012666666666666666,0.10799999999999998,0.01718591154275954,AmSu,Fum,0.07883333333333332,0.002329759167334207,0.0755,0.002362907813126302,0.08033333333333333,0.015919938581679404,0.037333333333333336,0.002776888746621136,0.06883333333333334,0.011939895774717262,0.005,0.0,0.07666666666666666,0.008065013604727797,0.07666666666666666,0.008065013604727797,0.037333333333333336,0.002776888746621136
AmSu + Fum,Bs,S+L,AmSu,Fum,S,L,0.006666666666666667,0.0010540925533894597,S,0.005,0.0,L,0.005,0.0,0.01,0.005,0.0010540925533894597,AmSu,Fum,0.07883333333333332,0.002329759167334207,0.0755,0.002362907813126302,0.08033333333333333,0.015919938581679404,0.037333333333333336,0.002776888746621136,0.06883333333333334,0.011939895774717262,0.005,0.0,0.07666666666666666,0.008065013604727797,0.07666666666666666,0.008065013604727797,0.005,0.0
AmSu + Fum,Bs,M+M,AmSu,Fum,M,M,0.005999999999999999,0.0006831300510639733,M,0.005999999999999999,0.0006831300510639733,M,0.005999999999999999,0.0006831300510639733,0.011999999999999999,0.005,0.0011832159566199233,AmSu,Fum,0.07883333333333332,0.002329759167334207,0.0755,0.002362907813126302,0.08033333333333333,0.015919938581679404,0.037333333333333336,0.002776888746621136,0.06883333333333334,0.011939895774717262,0.005,0.0,0.07666666666666666,0.008065013604727797,0.0755,0.002362907813126302,0.0755,0.002362907813126302
AmSu + Fum,Bs,F+R,AmSu,Fum,F,R,0.04066666666666666,0.0011737877907772674,F,0.016666666666666666,0.005942315298863829,R,0.007666666666666666,0.0014063348739819326,0.024333333333333332,0.01633333333333333,0.006218252702059211,AmSu,Fum,0.07883333333333332,0.002329759167334207,0.0755,0.002362907813126302,0.08033333333333333,0.015919938581679404,0.037333333333333336,0.002776888746621136,0.06883333333333334,0.011939895774717262,0.005,0.0,0.07666666666666666,0.008065013604727797,0.08033333333333333,0.015919938581679404,0.037333333333333336,0.002776888746621136
AmSu + Fum,Bs,M+R,AmSu,Fum,M,R,0.16633333333333333,0.014314716592063955,M,0.005999999999999999,0.0006831300510639733,R,0.007666666666666666,0.0014063348739819326,0.013666666666666666,0.15266666666666667,0.014399845678185428,AmSu,Fum,0.07883333333333332,0.002329759167334207,0.0755,0.002362907813126302,0.08033333333333333,0.015919938581679404,0.037333333333333336,0.002776888746621136,0.06883333333333334,0.011939895774717262,0.005,0.0,0.07666666666666666,0.008065013604727797,0.0755,0.002362907813126302,0.037333333333333336,0.002776888746621136
AmSu + Fum,Bs,R+R,AmSu,Fum,R,R,0.007666666666666666,0.0014063348739819326,R,0.007666666666666666,0.0014063348739819326,R,0.007666666666666666,0.0014063348739819326,0.015333333333333332,0.005,0.0024358434541926818,AmSu,Fum,0.07883333333333332,0.002329759167334207,0.0755,0.002362907813126302,0.08033333333333333,0.015919938581679404,0.037333333333333336,0.002776888746621136,0.06883333333333334,0.011939895774717262,0.005,0.0,0.07666666666666666,0.008065013604727797,0.037333333333333336,0.002776888746621136,0.037333333333333336,0.002776888746621136
AmSu + Fum,Bs,C+S,AmSu,Fum,C,S,0.006000000000000001,0.000632455532033676,C,0.005,0.0,S,0.005,0.0,0.01,0.005,0.000632455532033676,AmSu,Fum,0.07883333333333332,0.002329759167334207,0.0755,0.002362907813126302,0.08033333333333333,0.015919938581679404,0.037333333333333336,0.002776888746621136,0.06883333333333334,0.011939895774717262,0.005,0.0,0.07666666666666666,0.008065013604727797,0.06883333333333334,0.011939895774717262,0.005,0.0
AmSu + Fum,Bs,F+S,AmSu,Fum,F,S,0.037,0.005202563470700446,F,0.016666666666666666,0.005942315298863829,S,0.005,0.0,0.021666666666666667,0.01533333333333333,0.007897960355546095,AmSu,Fum,0.07883333333333332,0.002329759167334207,0.0755,0.002362907813126302,0.08033333333333333,0.015919938581679404,0.037333333333333336,0.002776888746621136,0.06883333333333334,0.011939895774717262,0.005,0.0,0.07666666666666666,0.008065013604727797,0.08033333333333333,0.015919938581679404,0.005,0.0
AmSu + Fum,Bs,M+S,AmSu,Fum,M,S,0.08366666666666667,0.05056063466549622,M,0.005999999999999999,0.0006831300510639733,S,0.005,0.0,0.011,0.07266666666666667,0.05056524937587518,AmSu,Fum,0.07883333333333332,0.002329759167334207,0.0755,0.002362907813126302,0.08033333333333333,0.015919938581679404,0.037333333333333336,0.002776888746621136,0.06883333333333334,0.011939895774717262,0.005,0.0,0.07666666666666666,0.008065013604727797,0.0755,0.002362907813126302,0.005,0.0
AmSu + Fum,Bs,R+S,AmSu,Fum,R,S,0.13266666666666668,0.020051045968837746,R,0.007666666666666666,0.0014063348739819326,S,0.005,0.0,0.012666666666666666,0.12000000000000002,0.020100304033079257,AmSu,Fum,0.07883333333333332,0.002329759167334207,0.0755,0.002362907813126302,0.08033333333333333,0.015919938581679404,0.037333333333333336,0.002776888746621136,0.06883333333333334,0.011939895774717262,0.005,0.0,0.07666666666666666,0.008065013604727797,0.037333333333333336,0.002776888746621136,0.005,0.0
AmSu + Fum,Bs,S+S,AmSu,Fum,S,S,0.005,0.0,S,0.005,0.0,S,0.005,0.0,0.01,0.005,0.0,AmSu,Fum,0.07883333333333332,0.002329759167334207,0.0755,0.002362907813126302,0.08033333333333333,0.015919938581679404,0.037333333333333336,0.002776888746621136,0.06883333333333334,0.011939895774717262,0.005,0.0,0.07666666666666666,0.008065013604727797,0.005,0.0,0.005,0.0
AmSu + Fum,Bs,WT+WT,AmSu,Fum,WT,WT,0.07883333333333332,0.002329759167334207,,,,,,,,0.07883333333333332,0.0,AmSu,Fum,0.07883333333333332,0.002329759167334207,0.0755,0.002362907813126302,0.08033333333333333,0.015919938581679404,0.037333333333333336,0.002776888746621136,0.06883333333333334,0.011939895774717262,0.005,0.0,0.07666666666666666,0.008065013604727797,0.07883333333333332,0.002329759167334207,0.07883333333333332,0.002329759167334207
AmSu + Fum,Ec,C+C,AmSu,Fum,C,C,0.005,0.0,C,0.005,0.0,C,0.005,0.0,0.01,0.005,0.0,AmSu,Fum,0.6366666666666667,0.052054245210592036,0.6696666666666666,0.026123637657195546,0.6636666666666667,0.029393498903291154,0.361,0.013784048752090232,0.06433333333333334,0.0021550973166992826,0.071,0.0050662280511902195,0.2255,0.039783371735772566,0.06433333333333334,0.0021550973166992826,0.06433333333333334,0.0021550973166992826
AmSu + Fum,Ec,F+C,AmSu,Fum,F,C,0.06933333333333333,0.004991103195798612,F,0.048499999999999995,0.009390598135014262,C,0.005,0.0,0.05349999999999999,0.015833333333333338,0.010634587177904203,AmSu,Fum,0.6366666666666667,0.052054245210592036,0.6696666666666666,0.026123637657195546,0.6636666666666667,0.029393498903291154,0.361,0.013784048752090232,0.06433333333333334,0.0021550973166992826,0.071,0.0050662280511902195,0.2255,0.039783371735772566,0.6636666666666667,0.029393498903291154,0.06433333333333334,0.0021550973166992826
AmSu + Fum,Ec,M+C,AmSu,Fum,M,C,0.005,0.0,M,0.005,0.0,C,0.005,0.0,0.01,0.005,0.0,AmSu,Fum,0.6366666666666667,0.052054245210592036,0.6696666666666666,0.026123637657195546,0.6636666666666667,0.029393498903291154,0.361,0.013784048752090232,0.06433333333333334,0.0021550973166992826,0.071,0.0050662280511902195,0.2255,0.039783371735772566,0.6696666666666666,0.026123637657195546,0.06433333333333334,0.0021550973166992826
AmSu + Fum,Ec,R+C,AmSu,Fum,R,C,0.005,0.0,R,0.005,0.0,C,0.005,0.0,0.01,0.005,0.0,AmSu,Fum,0.6366666666666667,0.052054245210592036,0.6696666666666666,0.026123637657195546,0.6636666666666667,0.029393498903291154,0.361,0.013784048752090232,0.06433333333333334,0.0021550973166992826,0.071,0.0050662280511902195,0.2255,0.039783371735772566,0.361,0.013784048752090232,0.06433333333333334,0.0021550973166992826
AmSu + Fum,Ec,F+F,AmSu,Fum,F,F,0.048499999999999995,0.009390598135014262,F,0.048499999999999995,0.009390598135014262,F,0.048499999999999995,0.009390598135014262,0.09699999999999999,0.005,0.016264993083306246,AmSu,Fum,0.6366666666666667,0.052054245210592036,0.6696666666666666,0.026123637657195546,0.6636666666666667,0.029393498903291154,0.361,0.013784048752090232,0.06433333333333334,0.0021550973166992826,0.071,0.0050662280511902195,0.2255,0.039783371735772566,0.6636666666666667,0.029393498903291154,0.6636666666666667,0.029393498903291154
AmSu + Fum,Ec,M+F,AmSu,Fum,M,F,0.41300000000000003,0.03922924079476091,M,0.005,0.0,F,0.048499999999999995,0.009390598135014262,0.05349999999999999,0.35950000000000004,0.04033753421649205,AmSu,Fum,0.6366666666666667,0.052054245210592036,0.6696666666666666,0.026123637657195546,0.6636666666666667,0.029393498903291154,0.361,0.013784048752090232,0.06433333333333334,0.0021550973166992826,0.071,0.0050662280511902195,0.2255,0.039783371735772566,0.6696666666666666,0.026123637657195546,0.6636666666666667,0.029393498903291154
AmSu + Fum,Ec,C+L,AmSu,Fum,C,L,0.005,0.0,C,0.005,0.0,L,0.005,0.0,0.01,0.005,0.0,AmSu,Fum,0.6366666666666667,0.052054245210592036,0.6696666666666666,0.026123637657195546,0.6636666666666667,0.029393498903291154,0.361,0.013784048752090232,0.06433333333333334,0.0021550973166992826,0.071,0.0050662280511902195,0.2255,0.039783371735772566,0.2255,0.039783371735772566,0.06433333333333334,0.0021550973166992826
AmSu + Fum,Ec,F+L,AmSu,Fum,F,L,0.0685,0.003879432948254165,F,0.048499999999999995,0.009390598135014262,L,0.005,0.0,0.05349999999999999,0.015000000000000013,0.010160380570300177,AmSu,Fum,0.6366666666666667,0.052054245210592036,0.6696666666666666,0.026123637657195546,0.6636666666666667,0.029393498903291154,0.361,0.013784048752090232,0.06433333333333334,0.0021550973166992826,0.071,0.0050662280511902195,0.2255,0.039783371735772566,0.6636666666666667,0.029393498903291154,0.2255,0.039783371735772566
AmSu + Fum,Ec,L+L,AmSu,Fum,L,L,0.005,0.0,L,0.005,0.0,L,0.005,0.0,0.01,0.005,0.0,AmSu,Fum,0.6366666666666667,0.052054245210592036,0.6696666666666666,0.026123637657195546,0.6636666666666667,0.029393498903291154,0.361,0.013784048752090232,0.06433333333333334,0.0021550973166992826,0.071,0.0050662280511902195,0.2255,0.039783371735772566,0.2255,0.039783371735772566,0.2255,0.039783371735772566
AmSu + Fum,Ec,M+L,AmSu,Fum,M,L,0.03816666666666667,0.0022123391341393496,M,0.005,0.0,L,0.005,0.0,0.01,0.028166666666666666,0.0022123391341393496,AmSu,Fum,0.6366666666666667,0.052054245210592036,0.6696666666666666,0.026123637657195546,0.6636666666666667,0.029393498903291154,0.361,0.013784048752090232,0.06433333333333334,0.0021550973166992826,0.071,0.0050662280511902195,0.2255,0.039783371735772566,0.6696666666666666,0.026123637657195546,0.2255,0.039783371735772566
AmSu + Fum,Ec,R+L,AmSu,Fum,R,L,0.005666666666666667,0.00042163702135578394,R,0.005,0.0,L,0.005,0.0,0.01,0.005,0.00042163702135578394,AmSu,Fum,0.6366666666666667,0.052054245210592036,0.6696666666666666,0.026123637657195546,0.6636666666666667,0.029393498903291154,0.361,0.013784048752090232,0.06433333333333334,0.0021550973166992826,0.071,0.0050662280511902195,0.2255,0.039783371735772566,0.361,0.013784048752090232,0.2255,0.039783371735772566
AmSu + Fum,Ec,S+L,AmSu,Fum,S,L,0.005,0.0,S,0.005,0.0,L,0.005,0.0,0.01,0.005,0.0,AmSu,Fum,0.6366666666666667,0.052054245210592036,0.6696666666666666,0.026123637657195546,0.6636666666666667,0.029393498903291154,0.361,0.013784048752090232,0.06433333333333334,0.0021550973166992826,0.071,0.0050662280511902195,0.2255,0.039783371735772566,0.2255,0.039783371735772566,0.071,0.0050662280511902195
AmSu + Fum,Ec,M+M,AmSu,Fum,M,M,0.005,0.0,M,0.005,0.0,M,0.005,0.0,0.01,0.005,0.0,AmSu,Fum,0.6366666666666667,0.052054245210592036,0.6696666666666666,0.026123637657195546,0.6636666666666667,0.029393498903291154,0.361,0.013784048752090232,0.06433333333333334,0.0021550973166992826,0.071,0.0050662280511902195,0.2255,0.039783371735772566,0.6696666666666666,0.026123637657195546,0.6696666666666666,0.026123637657195546
AmSu + Fum,Ec,F+R,AmSu,Fum,F,R,0.08266666666666667,0.005148894163906565,F,0.048499999999999995,0.009390598135014262,R,0.005,0.0,0.05349999999999999,0.029166666666666674,0.010709549217611561,AmSu,Fum,0.6366666666666667,0.052054245210592036,0.6696666666666666,0.026123637657195546,0.6636666666666667,0.029393498903291154,0.361,0.013784048752090232,0.06433333333333334,0.0021550973166992826,0.071,0.0050662280511902195,0.2255,0.039783371735772566,0.6636666666666667,0.029393498903291154,0.361,0.013784048752090232
AmSu + Fum,Ec,M+R,AmSu,Fum,M,R,0.05783333333333333,0.00845938006659537,M,0.005,0.0,R,0.005,0.0,0.01,0.047833333333333325,0.00845938006659537,AmSu,Fum,0.6366666666666667,0.052054245210592036,0.6696666666666666,0.026123637657195546,0.6636666666666667,0.029393498903291154,0.361,0.013784048752090232,0.06433333333333334,0.0021550973166992826,0.071,0.0050662280511902195,0.2255,0.039783371735772566,0.6696666666666666,0.026123637657195546,0.361,0.013784048752090232
AmSu + Fum,Ec,R+R,AmSu,Fum,R,R,0.005,0.0,R,0.005,0.0,R,0.005,0.0,0.01,0.005,0.0,AmSu,Fum,0.6366666666666667,0.052054245210592036,0.6696666666666666,0.026123637657195546,0.6636666666666667,0.029393498903291154,0.361,0.013784048752090232,0.06433333333333334,0.0021550973166992826,0.071,0.0050662280511902195,0.2255,0.039783371735772566,0.361,0.013784048752090232,0.361,0.013784048752090232
AmSu + Fum,Ec,C+S,AmSu,Fum,C,S,0.027166666666666672,0.022166666666666668,C,0.005,0.0,S,0.005,0.0,0.01,0.01716666666666667,0.022166666666666668,AmSu,Fum,0.6366666666666667,0.052054245210592036,0.6696666666666666,0.026123637657195546,0.6636666666666667,0.029393498903291154,0.361,0.013784048752090232,0.06433333333333334,0.0021550973166992826,0.071,0.0050662280511902195,0.2255,0.039783371735772566,0.071,0.0050662280511902195,0.06433333333333334,0.0021550973166992826
AmSu + Fum,Ec,F+S,AmSu,Fum,F,S,0.07,0.0021213203435596424,F,0.048499999999999995,0.009390598135014262,S,0.005,0.0,0.05349999999999999,0.016500000000000015,0.009627218359076173,AmSu,Fum,0.6366666666666667,0.052054245210592036,0.6696666666666666,0.026123637657195546,0.6636666666666667,0.029393498903291154,0.361,0.013784048752090232,0.06433333333333334,0.0021550973166992826,0.071,0.0050662280511902195,0.2255,0.039783371735772566,0.6636666666666667,0.029393498903291154,0.071,0.0050662280511902195
AmSu + Fum,Ec,M+S,AmSu,Fum,M,S,0.017166666666666667,0.002023473361436825,M,0.005,0.0,S,0.005,0.0,0.01,0.007166666666666667,0.002023473361436825,AmSu,Fum,0.6366666666666667,0.052054245210592036,0.6696666666666666,0.026123637657195546,0.6636666666666667,0.029393498903291154,0.361,0.013784048752090232,0.06433333333333334,0.0021550973166992826,0.071,0.0050662280511902195,0.2255,0.039783371735772566,0.6696666666666666,0.026123637657195546,0.071,0.0050662280511902195
AmSu + Fum,Ec,R+S,AmSu,Fum,R,S,0.0065,0.0005627314338711376,R,0.005,0.0,S,0.005,0.0,0.01,0.005,0.0005627314338711376,AmSu,Fum,0.6366666666666667,0.052054245210592036,0.6696666666666666,0.026123637657195546,0.6636666666666667,0.029393498903291154,0.361,0.013784048752090232,0.06433333333333334,0.0021550973166992826,0.071,0.0050662280511902195,0.2255,0.039783371735772566,0.361,0.013784048752090232,0.071,0.0050662280511902195
AmSu + Fum,Ec,S+S,AmSu,Fum,S,S,0.005,0.0,S,0.005,0.0,S,0.005,0.0,0.01,0.005,0.0,AmSu,Fum,0.6366666666666667,0.052054245210592036,0.6696666666666666,0.026123637657195546,0.6636666666666667,0.029393498903291154,0.361,0.013784048752090232,0.06433333333333334,0.0021550973166992826,0.071,0.0050662280511902195,0.2255,0.039783371735772566,0.071,0.0050662280511902195,0.071,0.0050662280511902195
AmSu + Fum,Ec,WT+WT,AmSu,Fum,WT,WT,0.6366666666666667,0.052054245210592036,,,,,,,,0.6366666666666667,0.0,AmSu,Fum,0.6366666666666667,0.052054245210592036,0.6696666666666666,0.026123637657195546,0.6636666666666667,0.029393498903291154,0.361,0.013784048752090232,0.06433333333333334,0.0021550973166992826,0.071,0.0050662280511902195,0.2255,0.039783371735772566,0.6366666666666667,0.052054245210592036,0.6366666666666667,0.052054245210592036
AmSu + Gluc,Bs,C+C,AmSu,Gluc,C,C,0.005,0.0,C,0.005,0.0,C,0.005,0.0,0.01,0.005,0.0,AmSu,Gluc,0.2265,0.011362951494513506,0.25133333333333335,0.020346443860728532,0.14433333333333334,0.016308825150138123,0.12383333333333334,0.014043780750844045,0.19883333333333333,0.028608176764306006,0.005,0.0,0.163,0.013137731919931993,0.19883333333333333,0.028608176764306006,0.19883333333333333,0.028608176764306006
AmSu + Gluc,Bs,F+C,AmSu,Gluc,F,C,0.058666666666666666,0.01789164920042619,F,0.009166666666666667,0.0017779513804126114,C,0.005,0.0,0.014166666666666668,0.0445,0.017979772585386675,AmSu,Gluc,0.2265,0.011362951494513506,0.25133333333333335,0.020346443860728532,0.14433333333333334,0.016308825150138123,0.12383333333333334,0.014043780750844045,0.19883333333333333,0.028608176764306006,0.005,0.0,0.163,0.013137731919931993,0.19883333333333333,0.028608176764306006,0.14433333333333334,0.016308825150138123
AmSu + Gluc,Bs,M+C,AmSu,Gluc,M,C,0.015333333333333332,0.005438545557203487,M,0.0065,0.0009574271077563381,C,0.005,0.0,0.0115,0.005,0.005522177509320436,AmSu,Gluc,0.2265,0.011362951494513506,0.25133333333333335,0.020346443860728532,0.14433333333333334,0.016308825150138123,0.12383333333333334,0.014043780750844045,0.19883333333333333,0.028608176764306006,0.005,0.0,0.163,0.013137731919931993,0.25133333333333335,0.020346443860728532,0.19883333333333333,0.028608176764306006
AmSu + Gluc,Bs,R+C,AmSu,Gluc,R,C,0.035833333333333335,0.00827613704843295,R,0.009666666666666667,0.0036848036281161276,C,0.005,0.0,0.014666666666666668,0.021166666666666667,0.00905937206555853,AmSu,Gluc,0.2265,0.011362951494513506,0.25133333333333335,0.020346443860728532,0.14433333333333334,0.016308825150138123,0.12383333333333334,0.014043780750844045,0.19883333333333333,0.028608176764306006,0.005,0.0,0.163,0.013137731919931993,0.19883333333333333,0.028608176764306006,0.12383333333333334,0.014043780750844045
AmSu + Gluc,Bs,F+F,AmSu,Gluc,F,F,0.009166666666666667,0.0017779513804126114,F,0.009166666666666667,0.0017779513804126114,F,0.009166666666666667,0.0017779513804126114,0.018333333333333333,0.005,0.003079502124261864,AmSu,Gluc,0.2265,0.011362951494513506,0.25133333333333335,0.020346443860728532,0.14433333333333334,0.016308825150138123,0.12383333333333334,0.014043780750844045,0.19883333333333333,0.028608176764306006,0.005,0.0,0.163,0.013137731919931993,0.14433333333333334,0.016308825150138123,0.14433333333333334,0.016308825150138123
AmSu + Gluc,Bs,M+F,AmSu,Gluc,M,F,0.10833333333333334,0.022245099335459134,M,0.0065,0.0009574271077563381,F,0.009166666666666667,0.0017779513804126114,0.015666666666666666,0.09266666666666667,0.022336566930086236,AmSu,Gluc,0.2265,0.011362951494513506,0.25133333333333335,0.020346443860728532,0.14433333333333334,0.016308825150138123,0.12383333333333334,0.014043780750844045,0.19883333333333333,0.028608176764306006,0.005,0.0,0.163,0.013137731919931993,0.25133333333333335,0.020346443860728532,0.14433333333333334,0.016308825150138123
AmSu + Gluc,Bs,C+L,AmSu,Gluc,C,L,0.0105,0.0029068883707497268,C,0.005,0.0,L,0.005,0.0,0.01,0.005,0.0029068883707497268,AmSu,Gluc,0.2265,0.011362951494513506,0.25133333333333335,0.020346443860728532,0.14433333333333334,0.016308825150138123,0.12383333333333334,0.014043780750844045,0.19883333333333333,0.028608176764306006,0.005,0.0,0.163,0.013137731919931993,0.19883333333333333,0.028608176764306006,0.163,0.013137731919931993
AmSu + Gluc,Bs,F+L,AmSu,Gluc,F,L,0.03266666666666667,0.006396179415175213,F,0.009166666666666667,0.0017779513804126114,L,0.005,0.0,0.014166666666666668,0.018500000000000003,0.00663869130342888,AmSu,Gluc,0.2265,0.011362951494513506,0.25133333333333335,0.020346443860728532,0.14433333333333334,0.016308825150138123,0.12383333333333334,0.014043780750844045,0.19883333333333333,0.028608176764306006,0.005,0.0,0.163,0.013137731919931993,0.163,0.013137731919931993,0.14433333333333334,0.016308825150138123
AmSu + Gluc,Bs,L+L,AmSu,Gluc,L,L,0.005,0.0,L,0.005,0.0,L,0.005,0.0,0.01,0.005,0.0,AmSu,Gluc,0.2265,0.011362951494513506,0.25133333333333335,0.020346443860728532,0.14433333333333334,0.016308825150138123,0.12383333333333334,0.014043780750844045,0.19883333333333333,0.028608176764306006,0.005,0.0,0.163,0.013137731919931993,0.163,0.013137731919931993,0.163,0.013137731919931993
AmSu + Gluc,Bs,M+L,AmSu,Gluc,M,L,0.10233333333333333,0.04318924763307542,M,0.0065,0.0009574271077563381,L,0.005,0.0,0.0115,0.09083333333333334,0.04319985853886303,AmSu,Gluc,0.2265,0.011362951494513506,0.25133333333333335,0.020346443860728532,0.14433333333333334,0.016308825150138123,0.12383333333333334,0.014043780750844045,0.19883333333333333,0.028608176764306006,0.005,0.0,0.163,0.013137731919931993,0.25133333333333335,0.020346443860728532,0.163,0.013137731919931993
AmSu + Gluc,Bs,R+L,AmSu,Gluc,R,L,0.05316666666666667,0.025680623910731695,R,0.009666666666666667,0.0036848036281161276,L,0.005,0.0,0.014666666666666668,0.0385,0.02594363548584165,AmSu,Gluc,0.2265,0.011362951494513506,0.25133333333333335,0.020346443860728532,0.14433333333333334,0.016308825150138123,0.12383333333333334,0.014043780750844045,0.19883333333333333,0.028608176764306006,0.005,0.0,0.163,0.013137731919931993,0.163,0.013137731919931993,0.12383333333333334,0.014043780750844045
AmSu + Gluc,Bs,S+L,AmSu,Gluc,S,L,0.153,0.08111637730240834,S,0.005,0.0,L,0.005,0.0,0.01,0.143,0.08111637730240834,AmSu,Gluc,0.2265,0.011362951494513506,0.25133333333333335,0.020346443860728532,0.14433333333333334,0.016308825150138123,0.12383333333333334,0.014043780750844045,0.19883333333333333,0.028608176764306006,0.005,0.0,0.163,0.013137731919931993,0.163,0.013137731919931993,0.005,0.0
AmSu + Gluc,Bs,M+M,AmSu,Gluc,M,M,0.0065,0.0009574271077563381,M,0.0065,0.0009574271077563381,M,0.0065,0.0009574271077563381,0.013,0.005,0.0016583123951777,AmSu,Gluc,0.2265,0.011362951494513506,0.25133333333333335,0.020346443860728532,0.14433333333333334,0.016308825150138123,0.12383333333333334,0.014043780750844045,0.19883333333333333,0.028608176764306006,0.005,0.0,0.163,0.013137731919931993,0.25133333333333335,0.020346443860728532,0.25133333333333335,0.020346443860728532
AmSu + Gluc,Bs,F+R,AmSu,Gluc,F,R,0.0625,0.005566267450754889,F,0.009166666666666667,0.0017779513804126114,R,0.009666666666666667,0.0036848036281161276,0.018833333333333334,0.043666666666666666,0.006908127258687569,AmSu,Gluc,0.2265,0.011362951494513506,0.25133333333333335,0.020346443860728532,0.14433333333333334,0.016308825150138123,0.12383333333333334,0.014043780750844045,0.19883333333333333,0.028608176764306006,0.005,0.0,0.163,0.013137731919931993,0.14433333333333334,0.016308825150138123,0.12383333333333334,0.014043780750844045
AmSu + Gluc,Bs,M+R,AmSu,Gluc,M,R,0.08850000000000001,0.017306549819841817,M,0.0065,0.0009574271077563381,R,0.009666666666666667,0.0036848036281161276,0.016166666666666666,0.07233333333333335,0.017720358662033656,AmSu,Gluc,0.2265,0.011362951494513506,0.25133333333333335,0.020346443860728532,0.14433333333333334,0.016308825150138123,0.12383333333333334,0.014043780750844045,0.19883333333333333,0.028608176764306006,0.005,0.0,0.163,0.013137731919931993,0.25133333333333335,0.020346443860728532,0.12383333333333334,0.014043780750844045
AmSu + Gluc,Bs,R+R,AmSu,Gluc,R,R,0.009666666666666667,0.0036848036281161276,R,0.009666666666666667,0.0036848036281161276,R,0.009666666666666667,0.0036848036281161276,0.019333333333333334,0.005,0.006382267099811268,AmSu,Gluc,0.2265,0.011362951494513506,0.25133333333333335,0.020346443860728532,0.14433333333333334,0.016308825150138123,0.12383333333333334,0.014043780750844045,0.19883333333333333,0.028608176764306006,0.005,0.0,0.163,0.013137731919931993,0.12383333333333334,0.014043780750844045,0.12383333333333334,0.014043780750844045
AmSu + Gluc,Bs,C+S,AmSu,Gluc,C,S,0.0055000000000000005,0.0005,C,0.005,0.0,S,0.005,0.0,0.01,0.005,0.0005,AmSu,Gluc,0.2265,0.011362951494513506,0.25133333333333335,0.020346443860728532,0.14433333333333334,0.016308825150138123,0.12383333333333334,0.014043780750844045,0.19883333333333333,0.028608176764306006,0.005,0.0,0.163,0.013137731919931993,0.19883333333333333,0.028608176764306006,0.005,0.0
AmSu + Gluc,Bs,F+S,AmSu,Gluc,F,S,0.04716666666666667,0.009163029581481835,F,0.009166666666666667,0.0017779513804126114,S,0.005,0.0,0.014166666666666668,0.033,0.009333928552448977,AmSu,Gluc,0.2265,0.011362951494513506,0.25133333333333335,0.020346443860728532,0.14433333333333334,0.016308825150138123,0.12383333333333334,0.014043780750844045,0.19883333333333333,0.028608176764306006,0.005,0.0,0.163,0.013137731919931993,0.14433333333333334,0.016308825150138123,0.005,0.0
AmSu + Gluc,Bs,M+S,AmSu,Gluc,M,S,0.015,0.003425395354310701,M,0.0065,0.0009574271077563381,S,0.005,0.0,0.0115,0.005,0.0035566838487557477,AmSu,Gluc,0.2265,0.011362951494513506,0.25133333333333335,0.020346443860728532,0.14433333333333334,0.016308825150138123,0.12383333333333334,0.014043780750844045,0.19883333333333333,0.028608176764306006,0.005,0.0,0.163,0.013137731919931993,0.25133333333333335,0.020346443860728532,0.005,0.0
AmSu + Gluc,Bs,R+S,AmSu,Gluc,R,S,0.05833333333333333,0.016113486414939645,R,0.009666666666666667,0.0036848036281161276,S,0.005,0.0,0.014666666666666668,0.04366666666666666,0.016529435024289916,AmSu,Gluc,0.2265,0.011362951494513506,0.25133333333333335,0.020346443860728532,0.14433333333333334,0.016308825150138123,0.12383333333333334,0.014043780750844045,0.19883333333333333,0.028608176764306006,0.005,0.0,0.163,0.013137731919931993,0.12383333333333334,0.014043780750844045,0.005,0.0
AmSu + Gluc,Bs,S+S,AmSu,Gluc,S,S,0.005,0.0,S,0.005,0.0,S,0.005,0.0,0.01,0.005,0.0,AmSu,Gluc,0.2265,0.011362951494513506,0.25133333333333335,0.020346443860728532,0.14433333333333334,0.016308825150138123,0.12383333333333334,0.014043780750844045,0.19883333333333333,0.028608176764306006,0.005,0.0,0.163,0.013137731919931993,0.005,0.0,0.005,0.0
AmSu + Gluc,Bs,WT+WT,AmSu,Gluc,WT,WT,0.2265,0.011362951494513506,,,,,,,,0.2265,0.0,AmSu,Gluc,0.2265,0.011362951494513506,0.25133333333333335,0.020346443860728532,0.14433333333333334,0.016308825150138123,0.12383333333333334,0.014043780750844045,0.19883333333333333,0.028608176764306006,0.005,0.0,0.163,0.013137731919931993,0.2265,0.011362951494513506,0.2265,0.011362951494513506
AmSu + Gluc,Ec,C+C,AmSu,Gluc,C,C,0.005,0.0,C,0.005,0.0,C,0.005,0.0,0.01,0.005,0.0,AmSu,Gluc,0.16433333333333333,0.005450789952943621,0.166,0.005079370039680116,0.148,0.015543487382180362,0.17800000000000002,0.011667619008749528,0.14033333333333334,0.004514175204594719,0.13483333333333333,0.013417443041719155,0.11016666666666668,0.004346774027303977,0.14033333333333334,0.004514175204594719,0.14033333333333334,0.004514175204594719
AmSu + Gluc,Ec,F+C,AmSu,Gluc,F,C,0.14883333333333335,0.005617927652712444,F,0.16133333333333333,0.022029777827093745,C,0.005,0.0,0.16633333333333333,0.005,0.02273482399804807,AmSu,Gluc,0.16433333333333333,0.005450789952943621,0.166,0.005079370039680116,0.148,0.015543487382180362,0.17800000000000002,0.011667619008749528,0.14033333333333334,0.004514175204594719,0.13483333333333333,0.013417443041719155,0.11016666666666668,0.004346774027303977,0.148,0.015543487382180362,0.14033333333333334,0.004514175204594719
AmSu + Gluc,Ec,M+C,AmSu,Gluc,M,C,0.0061666666666666675,0.0004772607021092119,M,0.005,0.0,C,0.005,0.0,0.01,0.005,0.0004772607021092119,AmSu,Gluc,0.16433333333333333,0.005450789952943621,0.166,0.005079370039680116,0.148,0.015543487382180362,0.17800000000000002,0.011667619008749528,0.14033333333333334,0.004514175204594719,0.13483333333333333,0.013417443041719155,0.11016666666666668,0.004346774027303977,0.166,0.005079370039680116,0.14033333333333334,0.004514175204594719
AmSu + Gluc,Ec,R+C,AmSu,Gluc,R,C,0.02033333333333333,0.006834552736727628,R,0.005166666666666667,0.0001666666666666667,C,0.005,0.0,0.010166666666666668,0.010166666666666664,0.00683658459238887,AmSu,Gluc,0.16433333333333333,0.005450789952943621,0.166,0.005079370039680116,0.148,0.015543487382180362,0.17800000000000002,0.011667619008749528,0.14033333333333334,0.004514175204594719,0.13483333333333333,0.013417443041719155,0.11016666666666668,0.004346774027303977,0.17800000000000002,0.011667619008749528,0.14033333333333334,0.004514175204594719
AmSu + Gluc,Ec,F+F,AmSu,Gluc,F,F,0.16133333333333333,0.022029777827093745,F,0.16133333333333333,0.022029777827093745,F,0.16133333333333333,0.022029777827093745,0.32266666666666666,0.005,0.03815669447598067,AmSu,Gluc,0.16433333333333333,0.005450789952943621,0.166,0.005079370039680116,0.148,0.015543487382180362,0.17800000000000002,0.011667619008749528,0.14033333333333334,0.004514175204594719,0.13483333333333333,0.013417443041719155,0.11016666666666668,0.004346774027303977,0.148,0.015543487382180362,0.148,0.015543487382180362
AmSu + Gluc,Ec,M+F,AmSu,Gluc,M,F,0.1785,0.02709335711941213,M,0.005,0.0,F,0.16133333333333333,0.022029777827093745,0.16633333333333333,0.012166666666666659,0.03491935152764311,AmSu,Gluc,0.16433333333333333,0.005450789952943621,0.166,0.005079370039680116,0.148,0.015543487382180362,0.17800000000000002,0.011667619008749528,0.14033333333333334,0.004514175204594719,0.13483333333333333,0.013417443041719155,0.11016666666666668,0.004346774027303977,0.166,0.005079370039680116,0.148,0.015543487382180362
AmSu + Gluc,Ec,C+L,AmSu,Gluc,C,L,0.006833333333333334,0.0008333333333333334,C,0.005,0.0,L,0.005,0.0,0.01,0.005,0.0008333333333333334,AmSu,Gluc,0.16433333333333333,0.005450789952943621,0.166,0.005079370039680116,0.148,0.015543487382180362,0.17800000000000002,0.011667619008749528,0.14033333333333334,0.004514175204594719,0.13483333333333333,0.013417443041719155,0.11016666666666668,0.004346774027303977,0.14033333333333334,0.004514175204594719,0.11016666666666668,0.004346774027303977
AmSu + Gluc,Ec,F+L,AmSu,Gluc,F,L,0.1035,0.010065618046929195,F,0.16133333333333333,0.022029777827093745,L,0.005,0.0,0.16633333333333333,0.005,0.02422040003339701,AmSu,Gluc,0.16433333333333333,0.005450789952943621,0.166,0.005079370039680116,0.148,0.015543487382180362,0.17800000000000002,0.011667619008749528,0.14033333333333334,0.004514175204594719,0.13483333333333333,0.013417443041719155,0.11016666666666668,0.004346774027303977,0.148,0.015543487382180362,0.11016666666666668,0.004346774027303977
AmSu + Gluc,Ec,L+L,AmSu,Gluc,L,L,0.005,0.0,L,0.005,0.0,L,0.005,0.0,0.01,0.005,0.0,AmSu,Gluc,0.16433333333333333,0.005450789952943621,0.166,0.005079370039680116,0.148,0.015543487382180362,0.17800000000000002,0.011667619008749528,0.14033333333333334,0.004514175204594719,0.13483333333333333,0.013417443041719155,0.11016666666666668,0.004346774027303977,0.11016666666666668,0.004346774027303977,0.11016666666666668,0.004346774027303977
AmSu + Gluc,Ec,M+L,AmSu,Gluc,M,L,0.15533333333333332,0.0037028517538663557,M,0.005,0.0,L,0.005,0.0,0.01,0.14533333333333331,0.0037028517538663557,AmSu,Gluc,0.16433333333333333,0.005450789952943621,0.166,0.005079370039680116,0.148,0.015543487382180362,0.17800000000000002,0.011667619008749528,0.14033333333333334,0.004514175204594719,0.13483333333333333,0.013417443041719155,0.11016666666666668,0.004346774027303977,0.166,0.005079370039680116,0.11016666666666668,0.004346774027303977
AmSu + Gluc,Ec,R+L,AmSu,Gluc,R,L,0.04616666666666666,0.019234373166576318,R,0.005166666666666667,0.0001666666666666667,L,0.005,0.0,0.010166666666666668,0.03599999999999999,0.01923509523992249,AmSu,Gluc,0.16433333333333333,0.005450789952943621,0.166,0.005079370039680116,0.148,0.015543487382180362,0.17800000000000002,0.011667619008749528,0.14033333333333334,0.004514175204594719,0.13483333333333333,0.013417443041719155,0.11016666666666668,0.004346774027303977,0.17800000000000002,0.011667619008749528,0.11016666666666668,0.004346774027303977
AmSu + Gluc,Ec,S+L,AmSu,Gluc,S,L,0.005166666666666667,0.00016666666666666663,S,0.005,0.0,L,0.005,0.0,0.01,0.005,0.00016666666666666663,AmSu,Gluc,0.16433333333333333,0.005450789952943621,0.166,0.005079370039680116,0.148,0.015543487382180362,0.17800000000000002,0.011667619008749528,0.14033333333333334,0.004514175204594719,0.13483333333333333,0.013417443041719155,0.11016666666666668,0.004346774027303977,0.13483333333333333,0.013417443041719155,0.11016666666666668,0.004346774027303977
AmSu + Gluc,Ec,M+M,AmSu,Gluc,M,M,0.005,0.0,M,0.005,0.0,M,0.005,0.0,0.01,0.005,0.0,AmSu,Gluc,0.16433333333333333,0.005450789952943621,0.166,0.005079370039680116,0.148,0.015543487382180362,0.17800000000000002,0.011667619008749528,0.14033333333333334,0.004514175204594719,0.13483333333333333,0.013417443041719155,0.11016666666666668,0.004346774027303977,0.166,0.005079370039680116,0.166,0.005079370039680116
AmSu + Gluc,Ec,F+R,AmSu,Gluc,F,R,0.13633333333333333,0.015817009128712606,F,0.16133333333333333,0.022029777827093745,R,0.005166666666666667,0.0001666666666666667,0.16649999999999998,0.005,0.02712041051803359,AmSu,Gluc,0.16433333333333333,0.005450789952943621,0.166,0.005079370039680116,0.148,0.015543487382180362,0.17800000000000002,0.011667619008749528,0.14033333333333334,0.004514175204594719,0.13483333333333333,0.013417443041719155,0.11016666666666668,0.004346774027303977,0.17800000000000002,0.011667619008749528,0.148,0.015543487382180362
AmSu + Gluc,Ec,M+R,AmSu,Gluc,M,R,0.14616666666666667,0.0006009252125773318,M,0.005,0.0,R,0.005166666666666667,0.0001666666666666667,0.010166666666666668,0.136,0.0006236095644623238,AmSu,Gluc,0.16433333333333333,0.005450789952943621,0.166,0.005079370039680116,0.148,0.015543487382180362,0.17800000000000002,0.011667619008749528,0.14033333333333334,0.004514175204594719,0.13483333333333333,0.013417443041719155,0.11016666666666668,0.004346774027303977,0.17800000000000002,0.011667619008749528,0.166,0.005079370039680116
AmSu + Gluc,Ec,R+R,AmSu,Gluc,R,R,0.005166666666666667,0.0001666666666666667,R,0.005166666666666667,0.0001666666666666667,R,0.005166666666666667,0.0001666666666666667,0.010333333333333333,0.005,0.0002886751345948129,AmSu,Gluc,0.16433333333333333,0.005450789952943621,0.166,0.005079370039680116,0.148,0.015543487382180362,0.17800000000000002,0.011667619008749528,0.14033333333333334,0.004514175204594719,0.13483333333333333,0.013417443041719155,0.11016666666666668,0.004346774027303977,0.17800000000000002,0.011667619008749528,0.17800000000000002,0.011667619008749528
AmSu + Gluc,Ec,C+S,AmSu,Gluc,C,S,0.0055000000000000005,0.0005,C,0.005,0.0,S,0.005,0.0,0.01,0.005,0.0005,AmSu,Gluc,0.16433333333333333,0.005450789952943621,0.166,0.005079370039680116,0.148,0.015543487382180362,0.17800000000000002,0.011667619008749528,0.14033333333333334,0.004514175204594719,0.13483333333333333,0.013417443041719155,0.11016666666666668,0.004346774027303977,0.14033333333333334,0.004514175204594719,0.13483333333333333,0.013417443041719155
AmSu + Gluc,Ec,F+S,AmSu,Gluc,F,S,0.1585,0.0026614532371118877,F,0.16133333333333333,0.022029777827093745,S,0.005,0.0,0.16633333333333333,0.005,0.022189962695877714,AmSu,Gluc,0.16433333333333333,0.005450789952943621,0.166,0.005079370039680116,0.148,0.015543487382180362,0.17800000000000002,0.011667619008749528,0.14033333333333334,0.004514175204594719,0.13483333333333333,0.013417443041719155,0.11016666666666668,0.004346774027303977,0.148,0.015543487382180362,0.13483333333333333,0.013417443041719155
AmSu + Gluc,Ec,M+S,AmSu,Gluc,M,S,0.015333333333333332,0.002859681411936962,M,0.005,0.0,S,0.005,0.0,0.01,0.005333333333333332,0.002859681411936962,AmSu,Gluc,0.16433333333333333,0.005450789952943621,0.166,0.005079370039680116,0.148,0.015543487382180362,0.17800000000000002,0.011667619008749528,0.14033333333333334,0.004514175204594719,0.13483333333333333,0.013417443041719155,0.11016666666666668,0.004346774027303977,0.166,0.005079370039680116,0.13483333333333333,0.013417443041719155
AmSu + Gluc,Ec,R+S,AmSu,Gluc,R,S,0.011666666666666667,0.001201850425154663,R,0.005166666666666667,0.0001666666666666667,S,0.005,0.0,0.010166666666666668,0.005,0.0012133516482134195,AmSu,Gluc,0.16433333333333333,0.005450789952943621,0.166,0.005079370039680116,0.148,0.015543487382180362,0.17800000000000002,0.011667619008749528,0.14033333333333334,0.004514175204594719,0.13483333333333333,0.013417443041719155,0.11016666666666668,0.004346774027303977,0.17800000000000002,0.011667619008749528,0.13483333333333333,0.013417443041719155
AmSu + Gluc,Ec,S+S,AmSu,Gluc,S,S,0.005,0.0,S,0.005,0.0,S,0.005,0.0,0.01,0.005,0.0,AmSu,Gluc,0.16433333333333333,0.005450789952943621,0.166,0.005079370039680116,0.148,0.015543487382180362,0.17800000000000002,0.011667619008749528,0.14033333333333334,0.004514175204594719,0.13483333333333333,0.013417443041719155,0.11016666666666668,0.004346774027303977,0.13483333333333333,0.013417443041719155,0.13483333333333333,0.013417443041719155
AmSu + Gluc,Ec,WT+WT,AmSu,Gluc,WT,WT,0.16433333333333333,0.005450789952943621,,,,,,,,0.16433333333333333,0.0,AmSu,Gluc,0.16433333333333333,0.005450789952943621,0.166,0.005079370039680116,0.148,0.015543487382180362,0.17800000000000002,0.011667619008749528,0.14033333333333334,0.004514175204594719,0.13483333333333333,0.013417443041719155,0.11016666666666668,0.004346774027303977,0.16433333333333333,0.005450789952943621,0.16433333333333333,0.005450789952943621
AmSu + Gly,Bs,C+C,AmSu,Gly,C,C,0.005,0.0,C,0.005,0.0,C,0.005,0.0,0.01,0.005,0.0,AmSu,Gly,0.09916666666666667,0.008219556624971392,0.08800000000000001,0.0015705625319186324,0.005,0.0,0.051166666666666666,0.004292758760724598,0.42733333333333334,0.05988804369636546,0.005,0.0,0.0845,0.0068544389510253375,0.42733333333333334,0.05988804369636546,0.42733333333333334,0.05988804369636546
AmSu + Gly,Bs,F+C,AmSu,Gly,F,C,0.016833333333333336,0.007485170524295206,F,0.005,0.0,C,0.005,0.0,0.01,0.006833333333333335,0.007485170524295206,AmSu,Gly,0.09916666666666667,0.008219556624971392,0.08800000000000001,0.0015705625319186324,0.005,0.0,0.051166666666666666,0.004292758760724598,0.42733333333333334,0.05988804369636546,0.005,0.0,0.0845,0.0068544389510253375,0.42733333333333334,0.05988804369636546,0.005,0.0
AmSu + Gly,Bs,M+C,AmSu,Gly,M,C,0.01,0.003172801075810878,M,0.005333333333333333,0.00021081851067789205,C,0.005,0.0,0.010333333333333333,0.005,0.003179797338056485,AmSu,Gly,0.09916666666666667,0.008219556624971392,0.08800000000000001,0.0015705625319186324,0.005,0.0,0.051166666666666666,0.004292758760724598,0.42733333333333334,0.05988804369636546,0.005,0.0,0.0845,0.0068544389510253375,0.42733333333333334,0.05988804369636546,0.08800000000000001,0.0015705625319186324
AmSu + Gly,Bs,R+C,AmSu,Gly,R,C,0.027333333333333334,0.009218339209303258,R,0.007,0.002,C,0.005,0.0,0.012,0.015333333333333334,0.00943280328310613,AmSu,Gly,0.09916666666666667,0.008219556624971392,0.08800000000000001,0.0015705625319186324,0.005,0.0,0.051166666666666666,0.004292758760724598,0.42733333333333334,0.05988804369636546,0.005,0.0,0.0845,0.0068544389510253375,0.42733333333333334,0.05988804369636546,0.051166666666666666,0.004292758760724598
AmSu + Gly,Bs,F+F,AmSu,Gly,F,F,0.005,0.0,F,0.005,0.0,F,0.005,0.0,0.01,0.005,0.0,AmSu,Gly,0.09916666666666667,0.008219556624971392,0.08800000000000001,0.0015705625319186324,0.005,0.0,0.051166666666666666,0.004292758760724598,0.42733333333333334,0.05988804369636546,0.005,0.0,0.0845,0.0068544389510253375,0.005,0.0,0.005,0.0
AmSu + Gly,Bs,M+F,AmSu,Gly,M,F,0.012000000000000002,0.00443471156521669,M,0.005333333333333333,0.00021081851067789205,F,0.005,0.0,0.010333333333333333,0.005,0.004439719710872648,AmSu,Gly,0.09916666666666667,0.008219556624971392,0.08800000000000001,0.0015705625319186324,0.005,0.0,0.051166666666666666,0.004292758760724598,0.42733333333333334,0.05988804369636546,0.005,0.0,0.0845,0.0068544389510253375,0.08800000000000001,0.0015705625319186324,0.005,0.0
AmSu + Gly,Bs,C+L,AmSu,Gly,C,L,0.009,0.0025819888974716117,C,0.005,0.0,L,0.005,0.0,0.01,0.005,0.0025819888974716117,AmSu,Gly,0.09916666666666667,0.008219556624971392,0.08800000000000001,0.0015705625319186324,0.005,0.0,0.051166666666666666,0.004292758760724598,0.42733333333333334,0.05988804369636546,0.005,0.0,0.0845,0.0068544389510253375,0.42733333333333334,0.05988804369636546,0.0845,0.0068544389510253375
AmSu + Gly,Bs,F+L,AmSu,Gly,F,L,0.005,0.0,F,0.005,0.0,L,0.005,0.0,0.01,0.005,0.0,AmSu,Gly,0.09916666666666667,0.008219556624971392,0.08800000000000001,0.0015705625319186324,0.005,0.0,0.051166666666666666,0.004292758760724598,0.42733333333333334,0.05988804369636546,0.005,0.0,0.0845,0.0068544389510253375,0.0845,0.0068544389510253375,0.005,0.0
AmSu + Gly,Bs,L+L,AmSu,Gly,L,L,0.005,0.0,L,0.005,0.0,L,0.005,0.0,0.01,0.005,0.0,AmSu,Gly,0.09916666666666667,0.008219556624971392,0.08800000000000001,0.0015705625319186324,0.005,0.0,0.051166666666666666,0.004292758760724598,0.42733333333333334,0.05988804369636546,0.005,0.0,0.0845,0.0068544389510253375,0.0845,0.0068544389510253375,0.0845,0.0068544389510253375
AmSu + Gly,Bs,M+L,AmSu,Gly,M,L,0.009,0.0018073922282301276,M,0.005333333333333333,0.00021081851067789205,L,0.005,0.0,0.010333333333333333,0.005,0.001819645875194157,AmSu,Gly,0.09916666666666667,0.008219556624971392,0.08800000000000001,0.0015705625319186324,0.005,0.0,0.051166666666666666,0.004292758760724598,0.42733333333333334,0.05988804369636546,0.005,0.0,0.0845,0.0068544389510253375,0.08800000000000001,0.0015705625319186324,0.0845,0.0068544389510253375
AmSu + Gly,Bs,R+L,AmSu,Gly,R,L,0.0275,0.0060429021725216326,R,0.007,0.002,L,0.005,0.0,0.012,0.0155,0.006365270352991039,AmSu,Gly,0.09916666666666667,0.008219556624971392,0.08800000000000001,0.0015705625319186324,0.005,0.0,0.051166666666666666,0.004292758760724598,0.42733333333333334,0.05988804369636546,0.005,0.0,0.0845,0.0068544389510253375,0.0845,0.0068544389510253375,0.051166666666666666,0.004292758760724598
AmSu + Gly,Bs,S+L,AmSu,Gly,S,L,0.006333333333333333,0.000881917103688197,S,0.005,0.0,L,0.005,0.0,0.01,0.005,0.000881917103688197,AmSu,Gly,0.09916666666666667,0.008219556624971392,0.08800000000000001,0.0015705625319186324,0.005,0.0,0.051166666666666666,0.004292758760724598,0.42733333333333334,0.05988804369636546,0.005,0.0,0.0845,0.0068544389510253375,0.0845,0.0068544389510253375,0.005,0.0
AmSu + Gly,Bs,M+M,AmSu,Gly,M,M,0.005333333333333333,0.00021081851067789205,M,0.005333333333333333,0.00021081851067789205,M,0.005333333333333333,0.00021081851067789205,0.010666666666666666,0.005,0.0003651483716701109,AmSu,Gly,0.09916666666666667,0.008219556624971392,0.08800000000000001,0.0015705625319186324,0.005,0.0,0.051166666666666666,0.004292758760724598,0.42733333333333334,0.05988804369636546,0.005,0.0,0.0845,0.0068544389510253375,0.08800000000000001,0.0015705625319186324,0.08800000000000001,0.0015705625319186324
AmSu + Gly,Bs,F+R,AmSu,Gly,F,R,0.0255,0.00439507299901454,F,0.005,0.0,R,0.007,0.002,0.012,0.013499999999999998,0.004828733443323069,AmSu,Gly,0.09916666666666667,0.008219556624971392,0.08800000000000001,0.0015705625319186324,0.005,0.0,0.051166666666666666,0.004292758760724598,0.42733333333333334,0.05988804369636546,0.005,0.0,0.0845,0.0068544389510253375,0.051166666666666666,0.004292758760724598,0.005,0.0
AmSu + Gly,Bs,M+R,AmSu,Gly,M,R,0.048999999999999995,0.007920437698343025,M,0.005333333333333333,0.00021081851067789205,R,0.007,0.002,0.012333333333333333,0.03666666666666666,0.008171767114754175,AmSu,Gly,0.09916666666666667,0.008219556624971392,0.08800000000000001,0.0015705625319186324,0.005,0.0,0.051166666666666666,0.004292758760724598,0.42733333333333334,0.05988804369636546,0.005,0.0,0.0845,0.0068544389510253375,0.08800000000000001,0.0015705625319186324,0.051166666666666666,0.004292758760724598
AmSu + Gly,Bs,R+R,AmSu,Gly,R,R,0.007,0.002,R,0.007,0.002,R,0.007,0.002,0.014,0.005,0.0034641016151377548,AmSu,Gly,0.09916666666666667,0.008219556624971392,0.08800000000000001,0.0015705625319186324,0.005,0.0,0.051166666666666666,0.004292758760724598,0.42733333333333334,0.05988804369636546,0.005,0.0,0.0845,0.0068544389510253375,0.051166666666666666,0.004292758760724598,0.051166666666666666,0.004292758760724598
AmSu + Gly,Bs,C+S,AmSu,Gly,C,S,0.005666666666666667,0.0004944132324730441,C,0.005,0.0,S,0.005,0.0,0.01,0.005,0.0004944132324730441,AmSu,Gly,0.09916666666666667,0.008219556624971392,0.08800000000000001,0.0015705625319186324,0.005,0.0,0.051166666666666666,0.004292758760724598,0.42733333333333334,0.05988804369636546,0.005,0.0,0.0845,0.0068544389510253375,0.42733333333333334,0.05988804369636546,0.005,0.0
AmSu + Gly,Bs,F+S,AmSu,Gly,F,S,0.013,0.002033060090930254,F,0.005,0.0,S,0.005,0.0,0.01,0.005,0.002033060090930254,AmSu,Gly,0.09916666666666667,0.008219556624971392,0.08800000000000001,0.0015705625319186324,0.005,0.0,0.051166666666666666,0.004292758760724598,0.42733333333333334,0.05988804369636546,0.005,0.0,0.0845,0.0068544389510253375,0.005,0.0,0.005,0.0
AmSu + Gly,Bs,M+S,AmSu,Gly,M,S,0.013666666666666667,0.003062315754094893,M,0.005333333333333333,0.00021081851067789205,S,0.005,0.0,0.010333333333333333,0.005,0.003069563848859023,AmSu,Gly,0.09916666666666667,0.008219556624971392,0.08800000000000001,0.0015705625319186324,0.005,0.0,0.051166666666666666,0.004292758760724598,0.42733333333333334,0.05988804369636546,0.005,0.0,0.0845,0.0068544389510253375,0.08800000000000001,0.0015705625319186324,0.005,0.0
AmSu + Gly,Bs,R+S,AmSu,Gly,R,S,0.04633333333333334,0.009928634235270115,R,0.007,0.002,S,0.005,0.0,0.012,0.03433333333333334,0.010128068807910904,AmSu,Gly,0.09916666666666667,0.008219556624971392,0.08800000000000001,0.0015705625319186324,0.005,0.0,0.051166666666666666,0.004292758760724598,0.42733333333333334,0.05988804369636546,0.005,0.0,0.0845,0.0068544389510253375,0.051166666666666666,0.004292758760724598,0.005,0.0
AmSu + Gly,Bs,S+S,AmSu,Gly,S,S,0.005,0.0,S,0.005,0.0,S,0.005,0.0,0.01,0.005,0.0,AmSu,Gly,0.09916666666666667,0.008219556624971392,0.08800000000000001,0.0015705625319186324,0.005,0.0,0.051166666666666666,0.004292758760724598,0.42733333333333334,0.05988804369636546,0.005,0.0,0.0845,0.0068544389510253375,0.005,0.0,0.005,0.0
AmSu + Gly,Bs,WT+WT,AmSu,Gly,WT,WT,0.09916666666666667,0.008219556624971392,,,,,,,,0.09916666666666667,0.0,AmSu,Gly,0.09916666666666667,0.008219556624971392,0.08800000000000001,0.0015705625319186324,0.005,0.0,0.051166666666666666,0.004292758760724598,0.42733333333333334,0.05988804369636546,0.005,0.0,0.0845,0.0068544389510253375,0.09916666666666667,0.008219556624971392,0.09916666666666667,0.008219556624971392
AmSu + Gly,Ec,C+C,AmSu,Gly,C,C,0.026333333333333337,0.021333333333333336,C,0.026333333333333337,0.021333333333333336,C,0.026333333333333337,0.021333333333333336,0.052666666666666674,0.005,0.03695041722813605,AmSu,Gly,0.35683333333333334,0.020324724953721868,0.246,0.021195911555454906,0.32716666666666666,0.01747649214738981,0.21066666666666667,0.008416914187779534,0.11066666666666668,0.0016055459438389732,0.14033333333333334,0.03180531052792564,0.164,0.02579793273371595,0.11066666666666668,0.0016055459438389732,0.11066666666666668,0.0016055459438389732
AmSu + Gly,Ec,F+C,AmSu,Gly,F,C,0.07433333333333333,0.004279148409568321,F,0.0385,0.0052201532544552745,C,0.026333333333333337,0.021333333333333336,0.06483333333333334,0.009499999999999995,0.022375706072037642,AmSu,Gly,0.35683333333333334,0.020324724953721868,0.246,0.021195911555454906,0.32716666666666666,0.01747649214738981,0.21066666666666667,0.008416914187779534,0.11066666666666668,0.0016055459438389732,0.14033333333333334,0.03180531052792564,0.164,0.02579793273371595,0.32716666666666666,0.01747649214738981,0.11066666666666668,0.0016055459438389732
AmSu + Gly,Ec,M+C,AmSu,Gly,M,C,0.005833333333333334,0.00040138648595974325,M,0.005,0.0,C,0.026333333333333337,0.021333333333333336,0.03133333333333334,0.005,0.021337109040875765,AmSu,Gly,0.35683333333333334,0.020324724953721868,0.246,0.021195911555454906,0.32716666666666666,0.01747649214738981,0.21066666666666667,0.008416914187779534,0.11066666666666668,0.0016055459438389732,0.14033333333333334,0.03180531052792564,0.164,0.02579793273371595,0.246,0.021195911555454906,0.11066666666666668,0.0016055459438389732
AmSu + Gly,Ec,R+C,AmSu,Gly,R,C,0.009,0.001183215956619923,R,0.005,0.0,C,0.026333333333333337,0.021333333333333336,0.03133333333333334,0.005,0.021366120637848866,AmSu,Gly,0.35683333333333334,0.020324724953721868,0.246,0.021195911555454906,0.32716666666666666,0.01747649214738981,0.21066666666666667,0.008416914187779534,0.11066666666666668,0.0016055459438389732,0.14033333333333334,0.03180531052792564,0.164,0.02579793273371595,0.21066666666666667,0.008416914187779534,0.11066666666666668,0.0016055459438389732
AmSu + Gly,Ec,F+F,AmSu,Gly,F,F,0.0385,0.0052201532544552745,F,0.0385,0.0052201532544552745,F,0.0385,0.0052201532544552745,0.077,0.005,0.00904157066001256,AmSu,Gly,0.35683333333333334,0.020324724953721868,0.246,0.021195911555454906,0.32716666666666666,0.01747649214738981,0.21066666666666667,0.008416914187779534,0.11066666666666668,0.0016055459438389732,0.14033333333333334,0.03180531052792564,0.164,0.02579793273371595,0.32716666666666666,0.01747649214738981,0.32716666666666666,0.01747649214738981
AmSu + Gly,Ec,M+F,AmSu,Gly,M,F,0.24633333333333332,0.06558234857371643,M,0.005,0.0,F,0.0385,0.0052201532544552745,0.0435,0.2028333333333333,0.06578977461919479,AmSu,Gly,0.35683333333333334,0.020324724953721868,0.246,0.021195911555454906,0.32716666666666666,0.01747649214738981,0.21066666666666667,0.008416914187779534,0.11066666666666668,0.0016055459438389732,0.14033333333333334,0.03180531052792564,0.164,0.02579793273371595,0.32716666666666666,0.01747649214738981,0.246,0.021195911555454906
AmSu + Gly,Ec,C+L,AmSu,Gly,C,L,0.006666666666666667,0.0007601169500660919,C,0.026333333333333337,0.021333333333333336,L,0.005,0.0,0.03133333333333334,0.005,0.02134687070483374,AmSu,Gly,0.35683333333333334,0.020324724953721868,0.246,0.021195911555454906,0.32716666666666666,0.01747649214738981,0.21066666666666667,0.008416914187779534,0.11066666666666668,0.0016055459438389732,0.14033333333333334,0.03180531052792564,0.164,0.02579793273371595,0.164,0.02579793273371595,0.11066666666666668,0.0016055459438389732
AmSu + Gly,Ec,F+L,AmSu,Gly,F,L,0.10466666666666667,0.010983826493733612,F,0.0385,0.0052201532544552745,L,0.005,0.0,0.0435,0.061166666666666675,0.01216118598017662,AmSu,Gly,0.35683333333333334,0.020324724953721868,0.246,0.021195911555454906,0.32716666666666666,0.01747649214738981,0.21066666666666667,0.008416914187779534,0.11066666666666668,0.0016055459438389732,0.14033333333333334,0.03180531052792564,0.164,0.02579793273371595,0.32716666666666666,0.01747649214738981,0.164,0.02579793273371595
AmSu + Gly,Ec,L+L,AmSu,Gly,L,L,0.005,0.0,L,0.005,0.0,L,0.005,0.0,0.01,0.005,0.0,AmSu,Gly,0.35683333333333334,0.020324724953721868,0.246,0.021195911555454906,0.32716666666666666,0.01747649214738981,0.21066666666666667,0.008416914187779534,0.11066666666666668,0.0016055459438389732,0.14033333333333334,0.03180531052792564,0.164,0.02579793273371595,0.164,0.02579793273371595,0.164,0.02579793273371595
AmSu + Gly,Ec,M+L,AmSu,Gly,M,L,0.08333333333333333,0.0022754730887834663,M,0.005,0.0,L,0.005,0.0,0.01,0.07333333333333333,0.0022754730887834663,AmSu,Gly,0.35683333333333334,0.020324724953721868,0.246,0.021195911555454906,0.32716666666666666,0.01747649214738981,0.21066666666666667,0.008416914187779534,0.11066666666666668,0.0016055459438389732,0.14033333333333334,0.03180531052792564,0.164,0.02579793273371595,0.246,0.021195911555454906,0.164,0.02579793273371595
AmSu + Gly,Ec,R+L,AmSu,Gly,R,L,0.012499999999999999,0.004440345331915826,R,0.005,0.0,L,0.005,0.0,0.01,0.005,0.004440345331915826,AmSu,Gly,0.35683333333333334,0.020324724953721868,0.246,0.021195911555454906,0.32716666666666666,0.01747649214738981,0.21066666666666667,0.008416914187779534,0.11066666666666668,0.0016055459438389732,0.14033333333333334,0.03180531052792564,0.164,0.02579793273371595,0.21066666666666667,0.008416914187779534,0.164,0.02579793273371595
AmSu + Gly,Ec,S+L,AmSu,Gly,S,L,0.0065,0.0008465616732800198,S,0.005,0.0,L,0.005,0.0,0.01,0.005,0.0008465616732800198,AmSu,Gly,0.35683333333333334,0.020324724953721868,0.246,0.021195911555454906,0.32716666666666666,0.01747649214738981,0.21066666666666667,0.008416914187779534,0.11066666666666668,0.0016055459438389732,0.14033333333333334,0.03180531052792564,0.164,0.02579793273371595,0.164,0.02579793273371595,0.14033333333333334,0.03180531052792564
AmSu + Gly,Ec,M+M,AmSu,Gly,M,M,0.005,0.0,M,0.005,0.0,M,0.005,0.0,0.01,0.005,0.0,AmSu,Gly,0.35683333333333334,0.020324724953721868,0.246,0.021195911555454906,0.32716666666666666,0.01747649214738981,0.21066666666666667,0.008416914187779534,0.11066666666666668,0.0016055459438389732,0.14033333333333334,0.03180531052792564,0.164,0.02579793273371595,0.246,0.021195911555454906,0.246,0.021195911555454906
AmSu + Gly,Ec,F+R,AmSu,Gly,F,R,0.11483333333333334,0.009389414843913924,F,0.0385,0.0052201532544552745,R,0.005,0.0,0.0435,0.07133333333333335,0.010742956348748287,AmSu,Gly,0.35683333333333334,0.020324724953721868,0.246,0.021195911555454906,0.32716666666666666,0.01747649214738981,0.21066666666666667,0.008416914187779534,0.11066666666666668,0.0016055459438389732,0.14033333333333334,0.03180531052792564,0.164,0.02579793273371595,0.32716666666666666,0.01747649214738981,0.21066666666666667,0.008416914187779534
AmSu + Gly,Ec,M+R,AmSu,Gly,M,R,0.08316666666666667,0.011897945667681927,M,0.005,0.0,R,0.005,0.0,0.01,0.07316666666666667,0.011897945667681927,AmSu,Gly,0.35683333333333334,0.020324724953721868,0.246,0.021195911555454906,0.32716666666666666,0.01747649214738981,0.21066666666666667,0.008416914187779534,0.11066666666666668,0.0016055459438389732,0.14033333333333334,0.03180531052792564,0.164,0.02579793273371595,0.246,0.021195911555454906,0.21066666666666667,0.008416914187779534
AmSu + Gly,Ec,R+R,AmSu,Gly,R,R,0.005,0.0,R,0.005,0.0,R,0.005,0.0,0.01,0.005,0.0,AmSu,Gly,0.35683333333333334,0.020324724953721868,0.246,0.021195911555454906,0.32716666666666666,0.01747649214738981,0.21066666666666667,0.008416914187779534,0.11066666666666668,0.0016055459438389732,0.14033333333333334,0.03180531052792564,0.164,0.02579793273371595,0.21066666666666667,0.008416914187779534,0.21066666666666667,0.008416914187779534
AmSu + Gly,Ec,C+S,AmSu,Gly,C,S,0.005,0.0,C,0.026333333333333337,0.021333333333333336,S,0.005,0.0,0.03133333333333334,0.005,0.021333333333333336,AmSu,Gly,0.35683333333333334,0.020324724953721868,0.246,0.021195911555454906,0.32716666666666666,0.01747649214738981,0.21066666666666667,0.008416914187779534,0.11066666666666668,0.0016055459438389732,0.14033333333333334,0.03180531052792564,0.164,0.02579793273371595,0.14033333333333334,0.03180531052792564,0.11066666666666668,0.0016055459438389732
AmSu + Gly,Ec,F+S,AmSu,Gly,F,S,0.053500000000000006,0.0023273733406281565,F,0.0385,0.0052201532544552745,S,0.005,0.0,0.0435,0.010000000000000009,0.005715476066494082,AmSu,Gly,0.35683333333333334,0.020324724953721868,0.246,0.021195911555454906,0.32716666666666666,0.01747649214738981,0.21066666666666667,0.008416914187779534,0.11066666666666668,0.0016055459438389732,0.14033333333333334,0.03180531052792564,0.164,0.02579793273371595,0.32716666666666666,0.01747649214738981,0.14033333333333334,0.03180531052792564
AmSu + Gly,Ec,M+S,AmSu,Gly,M,S,0.014333333333333332,0.0017826322609494586,M,0.005,0.0,S,0.005,0.0,0.01,0.005,0.0017826322609494586,AmSu,Gly,0.35683333333333334,0.020324724953721868,0.246,0.021195911555454906,0.32716666666666666,0.01747649214738981,0.21066666666666667,0.008416914187779534,0.11066666666666668,0.0016055459438389732,0.14033333333333334,0.03180531052792564,0.164,0.02579793273371595,0.246,0.021195911555454906,0.14033333333333334,0.03180531052792564
AmSu + Gly,Ec,R+S,AmSu,Gly,R,S,0.011333333333333334,0.0016666666666666666,R,0.005,0.0,S,0.005,0.0,0.01,0.005,0.0016666666666666666,AmSu,Gly,0.35683333333333334,0.020324724953721868,0.246,0.021195911555454906,0.32716666666666666,0.01747649214738981,0.21066666666666667,0.008416914187779534,0.11066666666666668,0.0016055459438389732,0.14033333333333334,0.03180531052792564,0.164,0.02579793273371595,0.21066666666666667,0.008416914187779534,0.14033333333333334,0.03180531052792564
AmSu + Gly,Ec,S+S,AmSu,Gly,S,S,0.005,0.0,S,0.005,0.0,S,0.005,0.0,0.01,0.005,0.0,AmSu,Gly,0.35683333333333334,0.020324724953721868,0.246,0.021195911555454906,0.32716666666666666,0.01747649214738981,0.21066666666666667,0.008416914187779534,0.11066666666666668,0.0016055459438389732,0.14033333333333334,0.03180531052792564,0.164,0.02579793273371595,0.14033333333333334,0.03180531052792564,0.14033333333333334,0.03180531052792564
AmSu + Gly,Ec,WT+WT,AmSu,Gly,WT,WT,0.35683333333333334,0.020324724953721868,,,,,,,,0.35683333333333334,0.0,AmSu,Gly,0.35683333333333334,0.020324724953721868,0.246,0.021195911555454906,0.32716666666666666,0.01747649214738981,0.21066666666666667,0.008416914187779534,0.11066666666666668,0.0016055459438389732,0.14033333333333334,0.03180531052792564,0.164,0.02579793273371595,0.35683333333333334,0.020324724953721868,0.35683333333333334,0.020324724953721868
AmSu + NoC,Bs,C+C,AmSu,NoC,C,C,0.005,0.0,C,0.005,0.0,C,0.005,0.0,0.01,0.005,0.0,AmSu,NoC,0.006666666666666667,0.0016666666666666666,0.005,0.0,0.005,0.0,0.0055000000000000005,0.0005,0.005,0.0,0.005,0.0,0.005,0.0,0.005,0.0,0.005,0.0
AmSu + NoC,Bs,F+C,AmSu,NoC,F,C,0.005,0.0,F,0.007333333333333333,0.002333333333333333,C,0.005,0.0,0.012333333333333333,0.005,0.002333333333333333,AmSu,NoC,0.006666666666666667,0.0016666666666666666,0.005,0.0,0.005,0.0,0.0055000000000000005,0.0005,0.005,0.0,0.005,0.0,0.005,0.0,0.005,0.0,0.005,0.0
AmSu + NoC,Bs,M+C,AmSu,NoC,M,C,0.005,0.0,M,0.005,0.0,C,0.005,0.0,0.01,0.005,0.0,AmSu,NoC,0.006666666666666667,0.0016666666666666666,0.005,0.0,0.005,0.0,0.0055000000000000005,0.0005,0.005,0.0,0.005,0.0,0.005,0.0,0.005,0.0,0.005,0.0
AmSu + NoC,Bs,R+C,AmSu,NoC,R,C,0.005,0.0,R,0.005,0.0,C,0.005,0.0,0.01,0.005,0.0,AmSu,NoC,0.006666666666666667,0.0016666666666666666,0.005,0.0,0.005,0.0,0.0055000000000000005,0.0005,0.005,0.0,0.005,0.0,0.005,0.0,0.0055000000000000005,0.0005,0.005,0.0
AmSu + NoC,Bs,F+F,AmSu,NoC,F,F,0.007333333333333333,0.002333333333333333,F,0.007333333333333333,0.002333333333333333,F,0.007333333333333333,0.002333333333333333,0.014666666666666666,0.005,0.00404145188432738,AmSu,NoC,0.006666666666666667,0.0016666666666666666,0.005,0.0,0.005,0.0,0.0055000000000000005,0.0005,0.005,0.0,0.005,0.0,0.005,0.0,0.005,0.0,0.005,0.0
AmSu + NoC,Bs,M+F,AmSu,NoC,M,F,0.005,0.0,M,0.005,0.0,F,0.007333333333333333,0.002333333333333333,0.012333333333333333,0.005,0.002333333333333333,AmSu,NoC,0.006666666666666667,0.0016666666666666666,0.005,0.0,0.005,0.0,0.0055000000000000005,0.0005,0.005,0.0,0.005,0.0,0.005,0.0,0.005,0.0,0.005,0.0
AmSu + NoC,Bs,C+L,AmSu,NoC,C,L,0.005,0.0,C,0.005,0.0,L,0.005,0.0,0.01,0.005,0.0,AmSu,NoC,0.006666666666666667,0.0016666666666666666,0.005,0.0,0.005,0.0,0.0055000000000000005,0.0005,0.005,0.0,0.005,0.0,0.005,0.0,0.005,0.0,0.005,0.0
AmSu + NoC,Bs,F+L,AmSu,NoC,F,L,0.005,0.0,F,0.007333333333333333,0.002333333333333333,L,0.005,0.0,0.012333333333333333,0.005,0.002333333333333333,AmSu,NoC,0.006666666666666667,0.0016666666666666666,0.005,0.0,0.005,0.0,0.0055000000000000005,0.0005,0.005,0.0,0.005,0.0,0.005,0.0,0.005,0.0,0.005,0.0
AmSu + NoC,Bs,L+L,AmSu,NoC,L,L,0.005,0.0,L,0.005,0.0,L,0.005,0.0,0.01,0.005,0.0,AmSu,NoC,0.006666666666666667,0.0016666666666666666,0.005,0.0,0.005,0.0,0.0055000000000000005,0.0005,0.005,0.0,0.005,0.0,0.005,0.0,0.005,0.0,0.005,0.0
AmSu + NoC,Bs,M+L,AmSu,NoC,M,L,0.005,0.0,M,0.005,0.0,L,0.005,0.0,0.01,0.005,0.0,AmSu,NoC,0.006666666666666667,0.0016666666666666666,0.005,0.0,0.005,0.0,0.0055000000000000005,0.0005,0.005,0.0,0.005,0.0,0.005,0.0,0.005,0.0,0.005,0.0
AmSu + NoC,Bs,R+L,AmSu,NoC,R,L,0.005,0.0,R,0.005,0.0,L,0.005,0.0,0.01,0.005,0.0,AmSu,NoC,0.006666666666666667,0.0016666666666666666,0.005,0.0,0.005,0.0,0.0055000000000000005,0.0005,0.005,0.0,0.005,0.0,0.005,0.0,0.0055000000000000005,0.0005,0.005,0.0
AmSu + NoC,Bs,S+L,AmSu,NoC,S,L,0.005,0.0,S,0.005,0.0,L,0.005,0.0,0.01,0.005,0.0,AmSu,NoC,0.006666666666666667,0.0016666666666666666,0.005,0.0,0.005,0.0,0.0055000000000000005,0.0005,0.005,0.0,0.005,0.0,0.005,0.0,0.005,0.0,0.005,0.0
AmSu + NoC,Bs,M+M,AmSu,NoC,M,M,0.005,0.0,M,0.005,0.0,M,0.005,0.0,0.01,0.005,0.0,AmSu,NoC,0.006666666666666667,0.0016666666666666666,0.005,0.0,0.005,0.0,0.0055000000000000005,0.0005,0.005,0.0,0.005,0.0,0.005,0.0,0.005,0.0,0.005,0.0
AmSu + NoC,Bs,F+R,AmSu,NoC,F,R,0.005,0.0,F,0.007333333333333333,0.002333333333333333,R,0.005,0.0,0.012333333333333333,0.005,0.002333333333333333,AmSu,NoC,0.006666666666666667,0.0016666666666666666,0.005,0.0,0.005,0.0,0.0055000000000000005,0.0005,0.005,0.0,0.005,0.0,0.005,0.0,0.0055000000000000005,0.0005,0.005,0.0
AmSu + NoC,Bs,M+R,AmSu,NoC,M,R,0.005,0.0,M,0.005,0.0,R,0.005,0.0,0.01,0.005,0.0,AmSu,NoC,0.006666666666666667,0.0016666666666666666,0.005,0.0,0.005,0.0,0.0055000000000000005,0.0005,0.005,0.0,0.005,0.0,0.005,0.0,0.0055000000000000005,0.0005,0.005,0.0
AmSu + NoC,Bs,R+R,AmSu,NoC,R,R,0.005,0.0,R,0.005,0.0,R,0.005,0.0,0.01,0.005,0.0,AmSu,NoC,0.006666666666666667,0.0016666666666666666,0.005,0.0,0.005,0.0,0.0055000000000000005,0.0005,0.005,0.0,0.005,0.0,0.005,0.0,0.0055000000000000005,0.0005,0.0055000000000000005,0.0005
AmSu + NoC,Bs,C+S,AmSu,NoC,C,S,0.005,0.0,C,0.005,0.0,S,0.005,0.0,0.01,0.005,0.0,AmSu,NoC,0.006666666666666667,0.0016666666666666666,0.005,0.0,0.005,0.0,0.0055000000000000005,0.0005,0.005,0.0,0.005,0.0,0.005,0.0,0.005,0.0,0.005,0.0
AmSu + NoC,Bs,F+S,AmSu,NoC,F,S,0.005,0.0,F,0.007333333333333333,0.002333333333333333,S,0.005,0.0,0.012333333333333333,0.005,0.002333333333333333,AmSu,NoC,0.006666666666666667,0.0016666666666666666,0.005,0.0,0.005,0.0,0.0055000000000000005,0.0005,0.005,0.0,0.005,0.0,0.005,0.0,0.005,0.0,0.005,0.0
AmSu + NoC,Bs,M+S,AmSu,NoC,M,S,0.005,0.0,M,0.005,0.0,S,0.005,0.0,0.01,0.005,0.0,AmSu,NoC,0.006666666666666667,0.0016666666666666666,0.005,0.0,0.005,0.0,0.0055000000000000005,0.0005,0.005,0.0,0.005,0.0,0.005,0.0,0.005,0.0,0.005,0.0
AmSu + NoC,Bs,R+S,AmSu,NoC,R,S,0.005,0.0,R,0.005,0.0,S,0.005,0.0,0.01,0.005,0.0,AmSu,NoC,0.006666666666666667,0.0016666666666666666,0.005,0.0,0.005,0.0,0.0055000000000000005,0.0005,0.005,0.0,0.005,0.0,0.005,0.0,0.0055000000000000005,0.0005,0.005,0.0
AmSu + NoC,Bs,S+S,AmSu,NoC,S,S,0.005,0.0,S,0.005,0.0,S,0.005,0.0,0.01,0.005,0.0,AmSu,NoC,0.006666666666666667,0.0016666666666666666,0.005,0.0,0.005,0.0,0.0055000000000000005,0.0005,0.005,0.0,0.005,0.0,0.005,0.0,0.005,0.0,0.005,0.0
AmSu + NoC,Bs,WT+WT,AmSu,NoC,WT,WT,0.006666666666666667,0.0016666666666666666,,,,,,,,0.006666666666666667,0.0,AmSu,NoC,0.006666666666666667,0.0016666666666666666,0.005,0.0,0.005,0.0,0.0055000000000000005,0.0005,0.005,0.0,0.005,0.0,0.005,0.0,0.006666666666666667,0.0016666666666666666,0.006666666666666667,0.0016666666666666666
AmSu + NoC,Ec,C+C,AmSu,NoC,C,C,0.005,0.0,C,0.005,0.0,C,0.005,0.0,0.01,0.005,0.0,AmSu,NoC,0.005,0.0,0.005,0.0,0.0075,0.0018211717839530315,0.0105,0.004924428900898053,0.005,0.0,0.008833333333333334,0.0019564707454438916,0.005,0.0,0.005,0.0,0.005,0.0
AmSu + NoC,Ec,F+C,AmSu,NoC,F,C,0.005,0.0,F,0.005,0.0,C,0.005,0.0,0.01,0.005,0.0,AmSu,NoC,0.005,0.0,0.005,0.0,0.0075,0.0018211717839530315,0.0105,0.004924428900898053,0.005,0.0,0.008833333333333334,0.0019564707454438916,0.005,0.0,0.0075,0.0018211717839530315,0.005,0.0
AmSu + NoC,Ec,M+C,AmSu,NoC,M,C,0.005,0.0,M,0.005,0.0,C,0.005,0.0,0.01,0.005,0.0,AmSu,NoC,0.005,0.0,0.005,0.0,0.0075,0.0018211717839530315,0.0105,0.004924428900898053,0.005,0.0,0.008833333333333334,0.0019564707454438916,0.005,0.0,0.005,0.0,0.005,0.0
AmSu + NoC,Ec,R+C,AmSu,NoC,R,C,0.005,0.0,R,0.005,0.0,C,0.005,0.0,0.01,0.005,0.0,AmSu,NoC,0.005,0.0,0.005,0.0,0.0075,0.0018211717839530315,0.0105,0.004924428900898053,0.005,0.0,0.008833333333333334,0.0019564707454438916,0.005,0.0,0.0105,0.004924428900898053,0.005,0.0
AmSu + NoC,Ec,F+F,AmSu,NoC,F,F,0.005,0.0,F,0.005,0.0,F,0.005,0.0,0.01,0.005,0.0,AmSu,NoC,0.005,0.0,0.005,0.0,0.0075,0.0018211717839530315,0.0105,0.004924428900898053,0.005,0.0,0.008833333333333334,0.0019564707454438916,0.005,0.0,0.0075,0.0018211717839530315,0.0075,0.0018211717839530315
AmSu + NoC,Ec,M+F,AmSu,NoC,M,F,0.01,0.004611579628139003,M,0.005,0.0,F,0.005,0.0,0.01,0.005,0.004611579628139003,AmSu,NoC,0.005,0.0,0.005,0.0,0.0075,0.0018211717839530315,0.0105,0.004924428900898053,0.005,0.0,0.008833333333333334,0.0019564707454438916,0.005,0.0,0.0075,0.0018211717839530315,0.005,0.0
AmSu + NoC,Ec,C+L,AmSu,NoC,C,L,0.005,0.0,C,0.005,0.0,L,0.005,0.0,0.01,0.005,0.0,AmSu,NoC,0.005,0.0,0.005,0.0,0.0075,0.0018211717839530315,0.0105,0.004924428900898053,0.005,0.0,0.008833333333333334,0.0019564707454438916,0.005,0.0,0.005,0.0,0.005,0.0
AmSu + NoC,Ec,F+L,AmSu,NoC,F,L,0.005166666666666667,0.0001666666666666667,F,0.005,0.0,L,0.005,0.0,0.01,0.005,0.0001666666666666667,AmSu,NoC,0.005,0.0,0.005,0.0,0.0075,0.0018211717839530315,0.0105,0.004924428900898053,0.005,0.0,0.008833333333333334,0.0019564707454438916,0.005,0.0,0.0075,0.0018211717839530315,0.005,0.0
AmSu + NoC,Ec,L+L,AmSu,NoC,L,L,0.005,0.0,L,0.005,0.0,L,0.005,0.0,0.01,0.005,0.0,AmSu,NoC,0.005,0.0,0.005,0.0,0.0075,0.0018211717839530315,0.0105,0.004924428900898053,0.005,0.0,0.008833333333333334,0.0019564707454438916,0.005,0.0,0.005,0.0,0.005,0.0
AmSu + NoC,Ec,M+L,AmSu,NoC,M,L,0.005,0.0,M,0.005,0.0,L,0.005,0.0,0.01,0.005,0.0,AmSu,NoC,0.005,0.0,0.005,0.0,0.0075,0.0018211717839530315,0.0105,0.004924428900898053,0.005,0.0,0.008833333333333334,0.0019564707454438916,0.005,0.0,0.005,0.0,0.005,0.0
AmSu + NoC,Ec,R+L,AmSu,NoC,R,L,0.005,0.0,R,0.005,0.0,L,0.005,0.0,0.01,0.005,0.0,AmSu,NoC,0.005,0.0,0.005,0.0,0.0075,0.0018211717839530315,0.0105,0.004924428900898053,0.005,0.0,0.008833333333333334,0.0019564707454438916,0.005,0.0,0.0105,0.004924428900898053,0.005,0.0
AmSu + NoC,Ec,S+L,AmSu,NoC,S,L,0.005,0.0,S,0.005,0.0,L,0.005,0.0,0.01,0.005,0.0,AmSu,NoC,0.005,0.0,0.005,0.0,0.0075,0.0018211717839530315,0.0105,0.004924428900898053,0.005,0.0,0.008833333333333334,0.0019564707454438916,0.005,0.0,0.008833333333333334,0.0019564707454438916,0.005,0.0
AmSu + NoC,Ec,M+M,AmSu,NoC,M,M,0.005,0.0,M,0.005,0.0,M,0.005,0.0,0.01,0.005,0.0,AmSu,NoC,0.005,0.0,0.005,0.0,0.0075,0.0018211717839530315,0.0105,0.004924428900898053,0.005,0.0,0.008833333333333334,0.0019564707454438916,0.005,0.0,0.005,0.0,0.005,0.0
AmSu + NoC,Ec,F+R,AmSu,NoC,F,R,0.0055000000000000005,0.0003415650255319866,F,0.005,0.0,R,0.005,0.0,0.01,0.005,0.0003415650255319866,AmSu,NoC,0.005,0.0,0.005,0.0,0.0075,0.0018211717839530315,0.0105,0.004924428900898053,0.005,0.0,0.008833333333333334,0.0019564707454438916,0.005,0.0,0.0105,0.004924428900898053,0.0075,0.0018211717839530315
AmSu + NoC,Ec,M+R,AmSu,NoC,M,R,0.005666666666666667,0.0004944132324730441,M,0.005,0.0,R,0.005,0.0,0.01,0.005,0.0004944132324730441,AmSu,NoC,0.005,0.0,0.005,0.0,0.0075,0.0018211717839530315,0.0105,0.004924428900898053,0.005,0.0,0.008833333333333334,0.0019564707454438916,0.005,0.0,0.0105,0.004924428900898053,0.005,0.0
AmSu + NoC,Ec,R+R,AmSu,NoC,R,R,0.005,0.0,R,0.005,0.0,R,0.005,0.0,0.01,0.005,0.0,AmSu,NoC,0.005,0.0,0.005,0.0,0.0075,0.0018211717839530315,0.0105,0.004924428900898053,0.005,0.0,0.008833333333333334,0.0019564707454438916,0.005,0.0,0.0105,0.004924428900898053,0.0105,0.004924428900898053
AmSu + NoC,Ec,C+S,AmSu,NoC,C,S,0.005,0.0,C,0.005,0.0,S,0.005,0.0,0.01,0.005,0.0,AmSu,NoC,0.005,0.0,0.005,0.0,0.0075,0.0018211717839530315,0.0105,0.004924428900898053,0.005,0.0,0.008833333333333334,0.0019564707454438916,0.005,0.0,0.008833333333333334,0.0019564707454438916,0.005,0.0
AmSu + NoC,Ec,F+S,AmSu,NoC,F,S,0.005,0.0,F,0.005,0.0,S,0.005,0.0,0.01,0.005,0.0,AmSu,NoC,0.005,0.0,0.005,0.0,0.0075,0.0018211717839530315,0.0105,0.004924428900898053,0.005,0.0,0.008833333333333334,0.0019564707454438916,0.005,0.0,0.008833333333333334,0.0019564707454438916,0.0075,0.0018211717839530315
AmSu + NoC,Ec,M+S,AmSu,NoC,M,S,0.005,0.0,M,0.005,0.0,S,0.005,0.0,0.01,0.005,0.0,AmSu,NoC,0.005,0.0,0.005,0.0,0.0075,0.0018211717839530315,0.0105,0.004924428900898053,0.005,0.0,0.008833333333333334,0.0019564707454438916,0.005,0.0,0.008833333333333334,0.0019564707454438916,0.005,0.0
AmSu + NoC,Ec,R+S,AmSu,NoC,R,S,0.005,0.0,R,0.005,0.0,S,0.005,0.0,0.01,0.005,0.0,AmSu,NoC,0.005,0.0,0.005,0.0,0.0075,0.0018211717839530315,0.0105,0.004924428900898053,0.005,0.0,0.008833333333333334,0.0019564707454438916,0.005,0.0,0.0105,0.004924428900898053,0.008833333333333334,0.0019564707454438916
AmSu + NoC,Ec,S+S,AmSu,NoC,S,S,0.005,0.0,S,0.005,0.0,S,0.005,0.0,0.01,0.005,0.0,AmSu,NoC,0.005,0.0,0.005,0.0,0.0075,0.0018211717839530315,0.0105,0.004924428900898053,0.005,0.0,0.008833333333333334,0.0019564707454438916,0.005,0.0,0.008833333333333334,0.0019564707454438916,0.008833333333333334,0.0019564707454438916
AmSu + NoC,Ec,WT+WT,AmSu,NoC,WT,WT,0.005,0.0,,,,,,,,0.005,0.0,AmSu,NoC,0.005,0.0,0.005,0.0,0.0075,0.0018211717839530315,0.0105,0.004924428900898053,0.005,0.0,0.008833333333333334,0.0019564707454438916,0.005,0.0,0.005,0.0,0.005,0.0
Asn + Fum,Bs,C+C,Asn,Fum,C,C,0.005166666666666667,0.00016666666666666663,C,0.005166666666666667,0.00016666666666666663,C,0.005166666666666667,0.00016666666666666663,0.010333333333333333,0.005,0.00028867513459481284,Asn,Fum,0.13416666666666666,0.007520712141221142,0.09083333333333334,0.004874537015051902,0.062,0.0030221405217715027,0.03983333333333333,0.0024278476979506854,0.19600000000000004,0.040665300523501195,0.13933333333333334,0.04063058508616932,0.11166666666666668,0.011017158334969043,0.19600000000000004,0.040665300523501195,0.19600000000000004,0.040665300523501195
Asn + Fum,Bs,F+C,Asn,Fum,F,C,0.025833333333333333,0.0006540472290116195,F,0.008,0.0011254628677422754,C,0.005166666666666667,0.00016666666666666663,0.013166666666666667,0.012666666666666666,0.0013123346456686352,Asn,Fum,0.13416666666666666,0.007520712141221142,0.09083333333333334,0.004874537015051902,0.062,0.0030221405217715027,0.03983333333333333,0.0024278476979506854,0.19600000000000004,0.040665300523501195,0.13933333333333334,0.04063058508616932,0.11166666666666668,0.011017158334969043,0.19600000000000004,0.040665300523501195,0.062,0.0030221405217715027
Asn + Fum,Bs,M+C,Asn,Fum,M,C,0.008833333333333334,0.001470071804746663,M,0.005999999999999999,0.0006831300510639733,C,0.005166666666666667,0.00016666666666666663,0.011166666666666665,0.005,0.001629587541544042,Asn,Fum,0.13416666666666666,0.007520712141221142,0.09083333333333334,0.004874537015051902,0.062,0.0030221405217715027,0.03983333333333333,0.0024278476979506854,0.19600000000000004,0.040665300523501195,0.13933333333333334,0.04063058508616932,0.11166666666666668,0.011017158334969043,0.19600000000000004,0.040665300523501195,0.09083333333333334,0.004874537015051902
Asn + Fum,Bs,R+C,Asn,Fum,R,C,0.033,0.0010327955589886446,R,0.006000000000000001,0.00044721359549995795,C,0.005166666666666667,0.00016666666666666663,0.011166666666666668,0.021833333333333333,0.0011377365443917343,Asn,Fum,0.13416666666666666,0.007520712141221142,0.09083333333333334,0.004874537015051902,0.062,0.0030221405217715027,0.03983333333333333,0.0024278476979506854,0.19600000000000004,0.040665300523501195,0.13933333333333334,0.04063058508616932,0.11166666666666668,0.011017158334969043,0.19600000000000004,0.040665300523501195,0.03983333333333333,0.0024278476979506854
Asn + Fum,Bs,F+F,Asn,Fum,F,F,0.008,0.0011254628677422754,F,0.008,0.0011254628677422754,F,0.008,0.0011254628677422754,0.016,0.005,0.0019493588689617925,Asn,Fum,0.13416666666666666,0.007520712141221142,0.09083333333333334,0.004874537015051902,0.062,0.0030221405217715027,0.03983333333333333,0.0024278476979506854,0.19600000000000004,0.040665300523501195,0.13933333333333334,0.04063058508616932,0.11166666666666668,0.011017158334969043,0.062,0.0030221405217715027,0.062,0.0030221405217715027
Asn + Fum,Bs,M+F,Asn,Fum,M,F,0.037333333333333336,0.004869405621953373,M,0.005999999999999999,0.0006831300510639733,F,0.008,0.0011254628677422754,0.013999999999999999,0.023333333333333338,0.005044248650140519,Asn,Fum,0.13416666666666666,0.007520712141221142,0.09083333333333334,0.004874537015051902,0.062,0.0030221405217715027,0.03983333333333333,0.0024278476979506854,0.19600000000000004,0.040665300523501195,0.13933333333333334,0.04063058508616932,0.11166666666666668,0.011017158334969043,0.09083333333333334,0.004874537015051902,0.062,0.0030221405217715027
Asn + Fum,Bs,C+L,Asn,Fum,C,L,0.011666666666666667,0.0023897931105246557,C,0.005166666666666667,0.00016666666666666663,L,0.005,0.0,0.010166666666666668,0.005,0.0023955978145107928,Asn,Fum,0.13416666666666666,0.007520712141221142,0.09083333333333334,0.004874537015051902,0.062,0.0030221405217715027,0.03983333333333333,0.0024278476979506854,0.19600000000000004,0.040665300523501195,0.13933333333333334,0.04063058508616932,0.11166666666666668,0.011017158334969043,0.19600000000000004,0.040665300523501195,0.11166666666666668,0.011017158334969043
Asn + Fum,Bs,F+L,Asn,Fum,F,L,0.04733333333333333,0.008647414514048563,F,0.008,0.0011254628677422754,L,0.005,0.0,0.013000000000000001,0.03433333333333333,0.008720346578229813,Asn,Fum,0.13416666666666666,0.007520712141221142,0.09083333333333334,0.004874537015051902,0.062,0.0030221405217715027,0.03983333333333333,0.0024278476979506854,0.19600000000000004,0.040665300523501195,0.13933333333333334,0.04063058508616932,0.11166666666666668,0.011017158334969043,0.11166666666666668,0.011017158334969043,0.062,0.0030221405217715027
Asn + Fum,Bs,L+L,Asn,Fum,L,L,0.005,0.0,L,0.005,0.0,L,0.005,0.0,0.01,0.005,0.0,Asn,Fum,0.13416666666666666,0.007520712141221142,0.09083333333333334,0.004874537015051902,0.062,0.0030221405217715027,0.03983333333333333,0.0024278476979506854,0.19600000000000004,0.040665300523501195,0.13933333333333334,0.04063058508616932,0.11166666666666668,0.011017158334969043,0.11166666666666668,0.011017158334969043,0.11166666666666668,0.011017158334969043
Asn + Fum,Bs,M+L,Asn,Fum,M,L,0.0535,0.018040232814462237,M,0.005999999999999999,0.0006831300510639733,L,0.005,0.0,0.011,0.042499999999999996,0.01805316223454126,Asn,Fum,0.13416666666666666,0.007520712141221142,0.09083333333333334,0.004874537015051902,0.062,0.0030221405217715027,0.03983333333333333,0.0024278476979506854,0.19600000000000004,0.040665300523501195,0.13933333333333334,0.04063058508616932,0.11166666666666668,0.011017158334969043,0.11166666666666668,0.011017158334969043,0.09083333333333334,0.004874537015051902
Asn + Fum,Bs,R+L,Asn,Fum,R,L,0.1035,0.020766559657295187,R,0.006000000000000001,0.00044721359549995795,L,0.005,0.0,0.011000000000000001,0.0925,0.020771374533236842,Asn,Fum,0.13416666666666666,0.007520712141221142,0.09083333333333334,0.004874537015051902,0.062,0.0030221405217715027,0.03983333333333333,0.0024278476979506854,0.19600000000000004,0.040665300523501195,0.13933333333333334,0.04063058508616932,0.11166666666666668,0.011017158334969043,0.11166666666666668,0.011017158334969043,0.03983333333333333,0.0024278476979506854
Asn + Fum,Bs,S+L,Asn,Fum,S,L,0.011500000000000002,0.0019790570145063195,S,0.005,0.0,L,0.005,0.0,0.01,0.005,0.0019790570145063195,Asn,Fum,0.13416666666666666,0.007520712141221142,0.09083333333333334,0.004874537015051902,0.062,0.0030221405217715027,0.03983333333333333,0.0024278476979506854,0.19600000000000004,0.040665300523501195,0.13933333333333334,0.04063058508616932,0.11166666666666668,0.011017158334969043,0.13933333333333334,0.04063058508616932,0.11166666666666668,0.011017158334969043
Asn + Fum,Bs,M+M,Asn,Fum,M,M,0.005999999999999999,0.0006831300510639733,M,0.005999999999999999,0.0006831300510639733,M,0.005999999999999999,0.0006831300510639733,0.011999999999999999,0.005,0.0011832159566199233,Asn,Fum,0.13416666666666666,0.007520712141221142,0.09083333333333334,0.004874537015051902,0.062,0.0030221405217715027,0.03983333333333333,0.0024278476979506854,0.19600000000000004,0.040665300523501195,0.13933333333333334,0.04063058508616932,0.11166666666666668,0.011017158334969043,0.09083333333333334,0.004874537015051902,0.09083333333333334,0.004874537015051902
Asn + Fum,Bs,F+R,Asn,Fum,F,R,0.14516666666666667,0.01025155814715229,F,0.008,0.0011254628677422754,R,0.006000000000000001,0.00044721359549995795,0.014000000000000002,0.13116666666666665,0.010322844138662133,Asn,Fum,0.13416666666666666,0.007520712141221142,0.09083333333333334,0.004874537015051902,0.062,0.0030221405217715027,0.03983333333333333,0.0024278476979506854,0.19600000000000004,0.040665300523501195,0.13933333333333334,0.04063058508616932,0.11166666666666668,0.011017158334969043,0.062,0.0030221405217715027,0.03983333333333333,0.0024278476979506854
Asn + Fum,Bs,M+R,Asn,Fum,M,R,0.14633333333333332,0.013908430696683377,M,0.005999999999999999,0.0006831300510639733,R,0.006000000000000001,0.00044721359549995795,0.012,0.1343333333333333,0.01393237636267091,Asn,Fum,0.13416666666666666,0.007520712141221142,0.09083333333333334,0.004874537015051902,0.062,0.0030221405217715027,0.03983333333333333,0.0024278476979506854,0.19600000000000004,0.040665300523501195,0.13933333333333334,0.04063058508616932,0.11166666666666668,0.011017158334969043,0.09083333333333334,0.004874537015051902,0.03983333333333333,0.0024278476979506854
Asn + Fum,Bs,R+R,Asn,Fum,R,R,0.006000000000000001,0.00044721359549995795,R,0.006000000000000001,0.00044721359549995795,R,0.006000000000000001,0.00044721359549995795,0.012000000000000002,0.005,0.0007745966692414834,Asn,Fum,0.13416666666666666,0.007520712141221142,0.09083333333333334,0.004874537015051902,0.062,0.0030221405217715027,0.03983333333333333,0.0024278476979506854,0.19600000000000004,0.040665300523501195,0.13933333333333334,0.04063058508616932,0.11166666666666668,0.011017158334969043,0.03983333333333333,0.0024278476979506854,0.03983333333333333,0.0024278476979506854
Asn + Fum,Bs,C+S,Asn,Fum,C,S,0.005333333333333333,0.00021081851067789194,C,0.005166666666666667,0.00016666666666666663,S,0.005,0.0,0.010166666666666668,0.005,0.00026874192494328496,Asn,Fum,0.13416666666666666,0.007520712141221142,0.09083333333333334,0.004874537015051902,0.062,0.0030221405217715027,0.03983333333333333,0.0024278476979506854,0.19600000000000004,0.040665300523501195,0.13933333333333334,0.04063058508616932,0.11166666666666668,0.011017158334969043,0.19600000000000004,0.040665300523501195,0.13933333333333334,0.04063058508616932
Asn + Fum,Bs,F+S,Asn,Fum,F,S,0.027333333333333334,0.0012560962454277846,F,0.008,0.0011254628677422754,S,0.005,0.0,0.013000000000000001,0.014333333333333333,0.0016865480854231355,Asn,Fum,0.13416666666666666,0.007520712141221142,0.09083333333333334,0.004874537015051902,0.062,0.0030221405217715027,0.03983333333333333,0.0024278476979506854,0.19600000000000004,0.040665300523501195,0.13933333333333334,0.04063058508616932,0.11166666666666668,0.011017158334969043,0.13933333333333334,0.04063058508616932,0.062,0.0030221405217715027
Asn + Fum,Bs,M+S,Asn,Fum,M,S,0.06933333333333333,0.058542102608104,M,0.005999999999999999,0.0006831300510639733,S,0.005,0.0,0.011,0.058333333333333334,0.0585460882078764,Asn,Fum,0.13416666666666666,0.007520712141221142,0.09083333333333334,0.004874537015051902,0.062,0.0030221405217715027,0.03983333333333333,0.0024278476979506854,0.19600000000000004,0.040665300523501195,0.13933333333333334,0.04063058508616932,0.11166666666666668,0.011017158334969043,0.13933333333333334,0.04063058508616932,0.09083333333333334,0.004874537015051902
Asn + Fum,Bs,R+S,Asn,Fum,R,S,0.14266666666666666,0.02245538787116456,R,0.006000000000000001,0.00044721359549995795,S,0.005,0.0,0.011000000000000001,0.13166666666666665,0.022459840703897355,Asn,Fum,0.13416666666666666,0.007520712141221142,0.09083333333333334,0.004874537015051902,0.062,0.0030221405217715027,0.03983333333333333,0.0024278476979506854,0.19600000000000004,0.040665300523501195,0.13933333333333334,0.04063058508616932,0.11166666666666668,0.011017158334969043,0.13933333333333334,0.04063058508616932,0.03983333333333333,0.0024278476979506854
Asn + Fum,Bs,S+S,Asn,Fum,S,S,0.005,0.0,S,0.005,0.0,S,0.005,0.0,0.01,0.005,0.0,Asn,Fum,0.13416666666666666,0.007520712141221142,0.09083333333333334,0.004874537015051902,0.062,0.0030221405217715027,0.03983333333333333,0.0024278476979506854,0.19600000000000004,0.040665300523501195,0.13933333333333334,0.04063058508616932,0.11166666666666668,0.011017158334969043,0.13933333333333334,0.04063058508616932,0.13933333333333334,0.04063058508616932
Asn + Fum,Bs,WT+WT,Asn,Fum,WT,WT,0.13416666666666666,0.007520712141221142,,,,,,,,0.13416666666666666,0.0,Asn,Fum,0.13416666666666666,0.007520712141221142,0.09083333333333334,0.004874537015051902,0.062,0.0030221405217715027,0.03983333333333333,0.0024278476979506854,0.19600000000000004,0.040665300523501195,0.13933333333333334,0.04063058508616932,0.11166666666666668,0.011017158334969043,0.13416666666666666,0.007520712141221142,0.13416666666666666,0.007520712141221142
Asn + Fum,Ec,C+C,Asn,Fum,C,C,0.005,0.0,C,0.005,0.0,C,0.005,0.0,0.01,0.005,0.0,Asn,Fum,0.3183333333333333,0.12742727773562107,0.5830000000000001,0.11759336715988704,0.3981666666666666,0.15151158738232237,0.33433333333333337,0.03046819835682954,0.055,0.001366260102127947,0.06083333333333333,0.026577454940439865,0.2733333333333333,0.07210208811893808,0.055,0.001366260102127947,0.055,0.001366260102127947
Asn + Fum,Ec,F+C,Asn,Fum,F,C,0.020666666666666667,0.0014063348739819322,F,0.008333333333333333,0.002123937642943199,C,0.005,0.0,0.013333333333333332,0.007333333333333334,0.0025473297566057066,Asn,Fum,0.3183333333333333,0.12742727773562107,0.5830000000000001,0.11759336715988704,0.3981666666666666,0.15151158738232237,0.33433333333333337,0.03046819835682954,0.055,0.001366260102127947,0.06083333333333333,0.026577454940439865,0.2733333333333333,0.07210208811893808,0.3981666666666666,0.15151158738232237,0.055,0.001366260102127947
Asn + Fum,Ec,M+C,Asn,Fum,M,C,0.006833333333333334,0.0018333333333333333,M,0.005,0.0,C,0.005,0.0,0.01,0.005,0.0018333333333333333,Asn,Fum,0.3183333333333333,0.12742727773562107,0.5830000000000001,0.11759336715988704,0.3981666666666666,0.15151158738232237,0.33433333333333337,0.03046819835682954,0.055,0.001366260102127947,0.06083333333333333,0.026577454940439865,0.2733333333333333,0.07210208811893808,0.5830000000000001,0.11759336715988704,0.055,0.001366260102127947
Asn + Fum,Ec,R+C,Asn,Fum,R,C,0.005166666666666667,0.0001666666666666667,R,0.0065,0.0013102162671355696,C,0.005,0.0,0.0115,0.005,0.0013207741837439298,Asn,Fum,0.3183333333333333,0.12742727773562107,0.5830000000000001,0.11759336715988704,0.3981666666666666,0.15151158738232237,0.33433333333333337,0.03046819835682954,0.055,0.001366260102127947,0.06083333333333333,0.026577454940439865,0.2733333333333333,0.07210208811893808,0.33433333333333337,0.03046819835682954,0.055,0.001366260102127947
Asn + Fum,Ec,F+F,Asn,Fum,F,F,0.008333333333333333,0.002123937642943199,F,0.008333333333333333,0.002123937642943199,F,0.008333333333333333,0.002123937642943199,0.016666666666666666,0.005,0.0036787679096857056,Asn,Fum,0.3183333333333333,0.12742727773562107,0.5830000000000001,0.11759336715988704,0.3981666666666666,0.15151158738232237,0.33433333333333337,0.03046819835682954,0.055,0.001366260102127947,0.06083333333333333,0.026577454940439865,0.2733333333333333,0.07210208811893808,0.3981666666666666,0.15151158738232237,0.3981666666666666,0.15151158738232237
Asn + Fum,Ec,M+F,Asn,Fum,M,F,0.028,0.00496655480858378,M,0.005,0.0,F,0.008333333333333333,0.002123937642943199,0.013333333333333332,0.014666666666666668,0.0054016458397212405,Asn,Fum,0.3183333333333333,0.12742727773562107,0.5830000000000001,0.11759336715988704,0.3981666666666666,0.15151158738232237,0.33433333333333337,0.03046819835682954,0.055,0.001366260102127947,0.06083333333333333,0.026577454940439865,0.2733333333333333,0.07210208811893808,0.5830000000000001,0.11759336715988704,0.3981666666666666,0.15151158738232237
Asn + Fum,Ec,C+L,Asn,Fum,C,L,0.005,0.0,C,0.005,0.0,L,0.005,0.0,0.01,0.005,0.0,Asn,Fum,0.3183333333333333,0.12742727773562107,0.5830000000000001,0.11759336715988704,0.3981666666666666,0.15151158738232237,0.33433333333333337,0.03046819835682954,0.055,0.001366260102127947,0.06083333333333333,0.026577454940439865,0.2733333333333333,0.07210208811893808,0.2733333333333333,0.07210208811893808,0.055,0.001366260102127947
Asn + Fum,Ec,F+L,Asn,Fum,F,L,0.028833333333333336,0.004407695290940355,F,0.008333333333333333,0.002123937642943199,L,0.005,0.0,0.013333333333333332,0.015500000000000003,0.004892738383450406,Asn,Fum,0.3183333333333333,0.12742727773562107,0.5830000000000001,0.11759336715988704,0.3981666666666666,0.15151158738232237,0.33433333333333337,0.03046819835682954,0.055,0.001366260102127947,0.06083333333333333,0.026577454940439865,0.2733333333333333,0.07210208811893808,0.3981666666666666,0.15151158738232237,0.2733333333333333,0.07210208811893808
Asn + Fum,Ec,L+L,Asn,Fum,L,L,0.005,0.0,L,0.005,0.0,L,0.005,0.0,0.01,0.005,0.0,Asn,Fum,0.3183333333333333,0.12742727773562107,0.5830000000000001,0.11759336715988704,0.3981666666666666,0.15151158738232237,0.33433333333333337,0.03046819835682954,0.055,0.001366260102127947,0.06083333333333333,0.026577454940439865,0.2733333333333333,0.07210208811893808,0.2733333333333333,0.07210208811893808,0.2733333333333333,0.07210208811893808
Asn + Fum,Ec,M+L,Asn,Fum,M,L,0.016,0.0042347766568419315,M,0.005,0.0,L,0.005,0.0,0.01,0.006,0.0042347766568419315,Asn,Fum,0.3183333333333333,0.12742727773562107,0.5830000000000001,0.11759336715988704,0.3981666666666666,0.15151158738232237,0.33433333333333337,0.03046819835682954,0.055,0.001366260102127947,0.06083333333333333,0.026577454940439865,0.2733333333333333,0.07210208811893808,0.5830000000000001,0.11759336715988704,0.2733333333333333,0.07210208811893808
Asn + Fum,Ec,R+L,Asn,Fum,R,L,0.01,0.0031622776601683794,R,0.0065,0.0013102162671355696,L,0.005,0.0,0.0115,0.005,0.003422961680572347,Asn,Fum,0.3183333333333333,0.12742727773562107,0.5830000000000001,0.11759336715988704,0.3981666666666666,0.15151158738232237,0.33433333333333337,0.03046819835682954,0.055,0.001366260102127947,0.06083333333333333,0.026577454940439865,0.2733333333333333,0.07210208811893808,0.33433333333333337,0.03046819835682954,0.2733333333333333,0.07210208811893808
Asn + Fum,Ec,S+L,Asn,Fum,S,L,0.005,0.0,S,0.005,0.0,L,0.005,0.0,0.01,0.005,0.0,Asn,Fum,0.3183333333333333,0.12742727773562107,0.5830000000000001,0.11759336715988704,0.3981666666666666,0.15151158738232237,0.33433333333333337,0.03046819835682954,0.055,0.001366260102127947,0.06083333333333333,0.026577454940439865,0.2733333333333333,0.07210208811893808,0.2733333333333333,0.07210208811893808,0.06083333333333333,0.026577454940439865
Asn + Fum,Ec,M+M,Asn,Fum,M,M,0.005,0.0,M,0.005,0.0,M,0.005,0.0,0.01,0.005,0.0,Asn,Fum,0.3183333333333333,0.12742727773562107,0.5830000000000001,0.11759336715988704,0.3981666666666666,0.15151158738232237,0.33433333333333337,0.03046819835682954,0.055,0.001366260102127947,0.06083333333333333,0.026577454940439865,0.2733333333333333,0.07210208811893808,0.5830000000000001,0.11759336715988704,0.5830000000000001,0.11759336715988704
Asn + Fum,Ec,F+R,Asn,Fum,F,R,0.03183333333333333,0.001166666666666667,F,0.008333333333333333,0.002123937642943199,R,0.0065,0.0013102162671355696,0.014833333333333334,0.016999999999999998,0.0027547938015192517,Asn,Fum,0.3183333333333333,0.12742727773562107,0.5830000000000001,0.11759336715988704,0.3981666666666666,0.15151158738232237,0.33433333333333337,0.03046819835682954,0.055,0.001366260102127947,0.06083333333333333,0.026577454940439865,0.2733333333333333,0.07210208811893808,0.3981666666666666,0.15151158738232237,0.33433333333333337,0.03046819835682954
Asn + Fum,Ec,M+R,Asn,Fum,M,R,0.0345,0.0005627314338711381,M,0.005,0.0,R,0.0065,0.0013102162671355696,0.0115,0.023000000000000003,0.0014259499757471625,Asn,Fum,0.3183333333333333,0.12742727773562107,0.5830000000000001,0.11759336715988704,0.3981666666666666,0.15151158738232237,0.33433333333333337,0.03046819835682954,0.055,0.001366260102127947,0.06083333333333333,0.026577454940439865,0.2733333333333333,0.07210208811893808,0.5830000000000001,0.11759336715988704,0.33433333333333337,0.03046819835682954
Asn + Fum,Ec,R+R,Asn,Fum,R,R,0.0065,0.0013102162671355696,R,0.0065,0.0013102162671355696,R,0.0065,0.0013102162671355696,0.013,0.005,0.002269361143582043,Asn,Fum,0.3183333333333333,0.12742727773562107,0.5830000000000001,0.11759336715988704,0.3981666666666666,0.15151158738232237,0.33433333333333337,0.03046819835682954,0.055,0.001366260102127947,0.06083333333333333,0.026577454940439865,0.2733333333333333,0.07210208811893808,0.33433333333333337,0.03046819835682954,0.33433333333333337,0.03046819835682954
Asn + Fum,Ec,C+S,Asn,Fum,C,S,0.005,0.0,C,0.005,0.0,S,0.005,0.0,0.01,0.005,0.0,Asn,Fum,0.3183333333333333,0.12742727773562107,0.5830000000000001,0.11759336715988704,0.3981666666666666,0.15151158738232237,0.33433333333333337,0.03046819835682954,0.055,0.001366260102127947,0.06083333333333333,0.026577454940439865,0.2733333333333333,0.07210208811893808,0.06083333333333333,0.026577454940439865,0.055,0.001366260102127947
Asn + Fum,Ec,F+S,Asn,Fum,F,S,0.02275,0.002286737122335374,F,0.008333333333333333,0.002123937642943199,S,0.005,0.0,0.013333333333333332,0.009416666666666667,0.0031209418094187173,Asn,Fum,0.3183333333333333,0.12742727773562107,0.5830000000000001,0.11759336715988704,0.3981666666666666,0.15151158738232237,0.33433333333333337,0.03046819835682954,0.055,0.001366260102127947,0.06083333333333333,0.026577454940439865,0.2733333333333333,0.07210208811893808,0.3981666666666666,0.15151158738232237,0.06083333333333333,0.026577454940439865
Asn + Fum,Ec,M+S,Asn,Fum,M,S,0.012499999999999999,0.0016482313753434822,M,0.005,0.0,S,0.005,0.0,0.01,0.005,0.0016482313753434822,Asn,Fum,0.3183333333333333,0.12742727773562107,0.5830000000000001,0.11759336715988704,0.3981666666666666,0.15151158738232237,0.33433333333333337,0.03046819835682954,0.055,0.001366260102127947,0.06083333333333333,0.026577454940439865,0.2733333333333333,0.07210208811893808,0.5830000000000001,0.11759336715988704,0.06083333333333333,0.026577454940439865
Asn + Fum,Ec,R+S,Asn,Fum,R,S,0.014166666666666666,0.0014240006242195887,R,0.0065,0.0013102162671355696,S,0.005,0.0,0.0115,0.005,0.001935056703159999,Asn,Fum,0.3183333333333333,0.12742727773562107,0.5830000000000001,0.11759336715988704,0.3981666666666666,0.15151158738232237,0.33433333333333337,0.03046819835682954,0.055,0.001366260102127947,0.06083333333333333,0.026577454940439865,0.2733333333333333,0.07210208811893808,0.33433333333333337,0.03046819835682954,0.06083333333333333,0.026577454940439865
Asn + Fum,Ec,S+S,Asn,Fum,S,S,0.005,0.0,S,0.005,0.0,S,0.005,0.0,0.01,0.005,0.0,Asn,Fum,0.3183333333333333,0.12742727773562107,0.5830000000000001,0.11759336715988704,0.3981666666666666,0.15151158738232237,0.33433333333333337,0.03046819835682954,0.055,0.001366260102127947,0.06083333333333333,0.026577454940439865,0.2733333333333333,0.07210208811893808,0.06083333333333333,0.026577454940439865,0.06083333333333333,0.026577454940439865
Asn + Fum,Ec,WT+WT,Asn,Fum,WT,WT,0.3183333333333333,0.12742727773562107,,,,,,,,0.3183333333333333,0.0,Asn,Fum,0.3183333333333333,0.12742727773562107,0.5830000000000001,0.11759336715988704,0.3981666666666666,0.15151158738232237,0.33433333333333337,0.03046819835682954,0.055,0.001366260102127947,0.06083333333333333,0.026577454940439865,0.2733333333333333,0.07210208811893808,0.3183333333333333,0.12742727773562107,0.3183333333333333,0.12742727773562107
Asn + Gluc,Bs,C+C,Asn,Gluc,C,C,0.0095,0.0027049337638224468,C,0.0095,0.0027049337638224468,C,0.0095,0.0027049337638224468,0.019,0.005,0.004685082710048992,Asn,Gluc,0.2383333333333333,0.039142190933966786,0.2571666666666667,0.018928667265405784,0.14983333333333335,0.02175839556993524,0.0655,0.007653975002136689,0.20633333333333334,0.05011630916622297,0.08783333333333333,0.021345439273478956,0.17116666666666666,0.012343464307523684,0.20633333333333334,0.05011630916622297,0.20633333333333334,0.05011630916622297
Asn + Gluc,Bs,F+C,Asn,Gluc,F,C,0.03166666666666667,0.0015846485765339624,F,0.01,0.0008944271909999159,C,0.0095,0.0027049337638224468,0.0195,0.01216666666666667,0.0032600272664163074,Asn,Gluc,0.2383333333333333,0.039142190933966786,0.2571666666666667,0.018928667265405784,0.14983333333333335,0.02175839556993524,0.0655,0.007653975002136689,0.20633333333333334,0.05011630916622297,0.08783333333333333,0.021345439273478956,0.17116666666666666,0.012343464307523684,0.20633333333333334,0.05011630916622297,0.14983333333333335,0.02175839556993524
Asn + Gluc,Bs,M+C,Asn,Gluc,M,C,0.01,0.0018797162906495576,M,0.010333333333333333,0.0034123957045519267,C,0.0095,0.0027049337638224468,0.019833333333333335,0.005,0.004742830847125421,Asn,Gluc,0.2383333333333333,0.039142190933966786,0.2571666666666667,0.018928667265405784,0.14983333333333335,0.02175839556993524,0.0655,0.007653975002136689,0.20633333333333334,0.05011630916622297,0.08783333333333333,0.021345439273478956,0.17116666666666666,0.012343464307523684,0.2571666666666667,0.018928667265405784,0.20633333333333334,0.05011630916622297
Asn + Gluc,Bs,R+C,Asn,Gluc,R,C,0.05366666666666667,0.006479025989898311,R,0.010666666666666666,0.003963724398985266,C,0.0095,0.0027049337638224468,0.020166666666666666,0.0335,0.008062602281866295,Asn,Gluc,0.2383333333333333,0.039142190933966786,0.2571666666666667,0.018928667265405784,0.14983333333333335,0.02175839556993524,0.0655,0.007653975002136689,0.20633333333333334,0.05011630916622297,0.08783333333333333,0.021345439273478956,0.17116666666666666,0.012343464307523684,0.20633333333333334,0.05011630916622297,0.0655,0.007653975002136689
Asn + Gluc,Bs,F+F,Asn,Gluc,F,F,0.01,0.0008944271909999159,F,0.01,0.0008944271909999159,F,0.01,0.0008944271909999159,0.02,0.005,0.0015491933384829668,Asn,Gluc,0.2383333333333333,0.039142190933966786,0.2571666666666667,0.018928667265405784,0.14983333333333335,0.02175839556993524,0.0655,0.007653975002136689,0.20633333333333334,0.05011630916622297,0.08783333333333333,0.021345439273478956,0.17116666666666666,0.012343464307523684,0.14983333333333335,0.02175839556993524,0.14983333333333335,0.02175839556993524
Asn + Gluc,Bs,M+F,Asn,Gluc,M,F,0.08333333333333333,0.021070780189109697,M,0.010333333333333333,0.0034123957045519267,F,0.01,0.0008944271909999159,0.020333333333333335,0.063,0.02136404040021976,Asn,Gluc,0.2383333333333333,0.039142190933966786,0.2571666666666667,0.018928667265405784,0.14983333333333335,0.02175839556993524,0.0655,0.007653975002136689,0.20633333333333334,0.05011630916622297,0.08783333333333333,0.021345439273478956,0.17116666666666666,0.012343464307523684,0.2571666666666667,0.018928667265405784,0.14983333333333335,0.02175839556993524
Asn + Gluc,Bs,C+L,Asn,Gluc,C,L,0.017833333333333333,0.005712072984283182,C,0.0095,0.0027049337638224468,L,0.008166666666666668,0.0020069324297987156,0.017666666666666667,0.005,0.0066311554213592545,Asn,Gluc,0.2383333333333333,0.039142190933966786,0.2571666666666667,0.018928667265405784,0.14983333333333335,0.02175839556993524,0.0655,0.007653975002136689,0.20633333333333334,0.05011630916622297,0.08783333333333333,0.021345439273478956,0.17116666666666666,0.012343464307523684,0.20633333333333334,0.05011630916622297,0.17116666666666666,0.012343464307523684
Asn + Gluc,Bs,F+L,Asn,Gluc,F,L,0.06033333333333333,0.006795423296438404,F,0.01,0.0008944271909999159,L,0.008166666666666668,0.0020069324297987156,0.018166666666666668,0.04216666666666666,0.00714181738464066,Asn,Gluc,0.2383333333333333,0.039142190933966786,0.2571666666666667,0.018928667265405784,0.14983333333333335,0.02175839556993524,0.0655,0.007653975002136689,0.20633333333333334,0.05011630916622297,0.08783333333333333,0.021345439273478956,0.17116666666666666,0.012343464307523684,0.17116666666666666,0.012343464307523684,0.14983333333333335,0.02175839556993524
Asn + Gluc,Bs,L+L,Asn,Gluc,L,L,0.008166666666666668,0.0020069324297987156,L,0.008166666666666668,0.0020069324297987156,L,0.008166666666666668,0.0020069324297987156,0.016333333333333335,0.005,0.0034761089357690346,Asn,Gluc,0.2383333333333333,0.039142190933966786,0.2571666666666667,0.018928667265405784,0.14983333333333335,0.02175839556993524,0.0655,0.007653975002136689,0.20633333333333334,0.05011630916622297,0.08783333333333333,0.021345439273478956,0.17116666666666666,0.012343464307523684,0.17116666666666666,0.012343464307523684,0.17116666666666666,0.012343464307523684
Asn + Gluc,Bs,M+L,Asn,Gluc,M,L,0.08666666666666667,0.03314278872461466,M,0.010333333333333333,0.0034123957045519267,L,0.008166666666666668,0.0020069324297987156,0.018500000000000003,0.06816666666666667,0.03337838622022741,Asn,Gluc,0.2383333333333333,0.039142190933966786,0.2571666666666667,0.018928667265405784,0.14983333333333335,0.02175839556993524,0.0655,0.007653975002136689,0.20633333333333334,0.05011630916622297,0.08783333333333333,0.021345439273478956,0.17116666666666666,0.012343464307523684,0.2571666666666667,0.018928667265405784,0.17116666666666666,0.012343464307523684
Asn + Gluc,Bs,R+L,Asn,Gluc,R,L,0.14116666666666666,0.021538208942352758,R,0.010666666666666666,0.003963724398985266,L,0.008166666666666668,0.0020069324297987156,0.018833333333333334,0.12233333333333332,0.021991665087785717,Asn,Gluc,0.2383333333333333,0.039142190933966786,0.2571666666666667,0.018928667265405784,0.14983333333333335,0.02175839556993524,0.0655,0.007653975002136689,0.20633333333333334,0.05011630916622297,0.08783333333333333,0.021345439273478956,0.17116666666666666,0.012343464307523684,0.17116666666666666,0.012343464307523684,0.0655,0.007653975002136689
Asn + Gluc,Bs,S+L,Asn,Gluc,S,L,0.0071666666666666675,0.001973434682082091,S,0.009666666666666665,0.0040960685758148355,L,0.008166666666666668,0.0020069324297987156,0.017833333333333333,0.005,0.0049699094559156705,Asn,Gluc,0.2383333333333333,0.039142190933966786,0.2571666666666667,0.018928667265405784,0.14983333333333335,0.02175839556993524,0.0655,0.007653975002136689,0.20633333333333334,0.05011630916622297,0.08783333333333333,0.021345439273478956,0.17116666666666666,0.012343464307523684,0.17116666666666666,0.012343464307523684,0.08783333333333333,0.021345439273478956
Asn + Gluc,Bs,M+M,Asn,Gluc,M,M,0.010333333333333333,0.0034123957045519267,M,0.010333333333333333,0.0034123957045519267,M,0.010333333333333333,0.0034123957045519267,0.020666666666666667,0.005,0.005910442735813733,Asn,Gluc,0.2383333333333333,0.039142190933966786,0.2571666666666667,0.018928667265405784,0.14983333333333335,0.02175839556993524,0.0655,0.007653975002136689,0.20633333333333334,0.05011630916622297,0.08783333333333333,0.021345439273478956,0.17116666666666666,0.012343464307523684,0.2571666666666667,0.018928667265405784,0.2571666666666667,0.018928667265405784
Asn + Gluc,Bs,F+R,Asn,Gluc,F,R,0.13233333333333333,0.013829115822945602,F,0.01,0.0008944271909999159,R,0.010666666666666666,0.003963724398985266,0.020666666666666667,0.11166666666666666,0.014413728024198163,Asn,Gluc,0.2383333333333333,0.039142190933966786,0.2571666666666667,0.018928667265405784,0.14983333333333335,0.02175839556993524,0.0655,0.007653975002136689,0.20633333333333334,0.05011630916622297,0.08783333333333333,0.021345439273478956,0.17116666666666666,0.012343464307523684,0.14983333333333335,0.02175839556993524,0.0655,0.007653975002136689
Asn + Gluc,Bs,M+R,Asn,Gluc,M,R,0.16383333333333333,0.020925927564732813,M,0.010333333333333333,0.0034123957045519267,R,0.010666666666666666,0.003963724398985266,0.020999999999999998,0.14283333333333334,0.021569654610122994,Asn,Gluc,0.2383333333333333,0.039142190933966786,0.2571666666666667,0.018928667265405784,0.14983333333333335,0.02175839556993524,0.0655,0.007653975002136689,0.20633333333333334,0.05011630916622297,0.08783333333333333,0.021345439273478956,0.17116666666666666,0.012343464307523684,0.2571666666666667,0.018928667265405784,0.0655,0.007653975002136689
Asn + Gluc,Bs,R+R,Asn,Gluc,R,R,0.010666666666666666,0.003963724398985266,R,0.010666666666666666,0.003963724398985266,R,0.010666666666666666,0.003963724398985266,0.021333333333333333,0.005,0.006865372046242893,Asn,Gluc,0.2383333333333333,0.039142190933966786,0.2571666666666667,0.018928667265405784,0.14983333333333335,0.02175839556993524,0.0655,0.007653975002136689,0.20633333333333334,0.05011630916622297,0.08783333333333333,0.021345439273478956,0.17116666666666666,0.012343464307523684,0.0655,0.007653975002136689,0.0655,0.007653975002136689
Asn + Gluc,Bs,C+S,Asn,Gluc,C,S,0.007333333333333333,0.0023333333333333335,C,0.0095,0.0027049337638224468,S,0.009666666666666665,0.0040960685758148355,0.019166666666666665,0.005,0.005434969078926658,Asn,Gluc,0.2383333333333333,0.039142190933966786,0.2571666666666667,0.018928667265405784,0.14983333333333335,0.02175839556993524,0.0655,0.007653975002136689,0.20633333333333334,0.05011630916622297,0.08783333333333333,0.021345439273478956,0.17116666666666666,0.012343464307523684,0.20633333333333334,0.05011630916622297,0.08783333333333333,0.021345439273478956
Asn + Gluc,Bs,F+S,Asn,Gluc,F,S,0.034999999999999996,0.0012909944487358043,F,0.01,0.0008944271909999159,S,0.009666666666666665,0.0040960685758148355,0.019666666666666666,0.01533333333333333,0.004386849033696559,Asn,Gluc,0.2383333333333333,0.039142190933966786,0.2571666666666667,0.018928667265405784,0.14983333333333335,0.02175839556993524,0.0655,0.007653975002136689,0.20633333333333334,0.05011630916622297,0.08783333333333333,0.021345439273478956,0.17116666666666666,0.012343464307523684,0.14983333333333335,0.02175839556993524,0.08783333333333333,0.021345439273478956
Asn + Gluc,Bs,M+S,Asn,Gluc,M,S,0.049499999999999995,0.03584015438954842,M,0.010333333333333333,0.0034123957045519267,S,0.009666666666666665,0.0040960685758148355,0.019999999999999997,0.0295,0.03623449860131763,Asn,Gluc,0.2383333333333333,0.039142190933966786,0.2571666666666667,0.018928667265405784,0.14983333333333335,0.02175839556993524,0.0655,0.007653975002136689,0.20633333333333334,0.05011630916622297,0.08783333333333333,0.021345439273478956,0.17116666666666666,0.012343464307523684,0.2571666666666667,0.018928667265405784,0.08783333333333333,0.021345439273478956
Asn + Gluc,Bs,R+S,Asn,Gluc,R,S,0.19566666666666666,0.03353671288470459,R,0.010666666666666666,0.003963724398985266,S,0.009666666666666665,0.0040960685758148355,0.02033333333333333,0.1753333333333333,0.03401764248151244,Asn,Gluc,0.2383333333333333,0.039142190933966786,0.2571666666666667,0.018928667265405784,0.14983333333333335,0.02175839556993524,0.0655,0.007653975002136689,0.20633333333333334,0.05011630916622297,0.08783333333333333,0.021345439273478956,0.17116666666666666,0.012343464307523684,0.08783333333333333,0.021345439273478956,0.0655,0.007653975002136689
Asn + Gluc,Bs,S+S,Asn,Gluc,S,S,0.009666666666666665,0.0040960685758148355,S,0.009666666666666665,0.0040960685758148355,S,0.009666666666666665,0.0040960685758148355,0.01933333333333333,0.005,0.007094598884597588,Asn,Gluc,0.2383333333333333,0.039142190933966786,0.2571666666666667,0.018928667265405784,0.14983333333333335,0.02175839556993524,0.0655,0.007653975002136689,0.20633333333333334,0.05011630916622297,0.08783333333333333,0.021345439273478956,0.17116666666666666,0.012343464307523684,0.08783333333333333,0.021345439273478956,0.08783333333333333,0.021345439273478956
Asn + Gluc,Bs,WT+WT,Asn,Gluc,WT,WT,0.2383333333333333,0.039142190933966786,,,,,,,,0.2383333333333333,0.0,Asn,Gluc,0.2383333333333333,0.039142190933966786,0.2571666666666667,0.018928667265405784,0.14983333333333335,0.02175839556993524,0.0655,0.007653975002136689,0.20633333333333334,0.05011630916622297,0.08783333333333333,0.021345439273478956,0.17116666666666666,0.012343464307523684,0.2383333333333333,0.039142190933966786,0.2383333333333333,0.039142190933966786
Asn + Gluc,Ec,C+C,Asn,Gluc,C,C,0.017833333333333333,0.007377518402401839,C,0.017833333333333333,0.007377518402401839,C,0.017833333333333333,0.007377518402401839,0.035666666666666666,0.005,0.012778236706734359,Asn,Gluc,1.0313333333333332,0.13737410398049713,0.9888333333333333,0.10256913657517924,1.0103333333333333,0.06724912225779936,0.5746666666666667,0.044176665534847434,0.46399999999999997,0.01487055255642282,0.12183333333333334,0.04007777161691725,0.3625,0.04807476815683393,0.46399999999999997,0.01487055255642282,0.46399999999999997,0.01487055255642282
Asn + Gluc,Ec,F+C,Asn,Gluc,F,C,0.08483333333333333,0.03990189357801345,F,0.04850000000000001,0.023704781514847728,C,0.017833333333333333,0.007377518402401839,0.06633333333333334,0.01849999999999999,0.04699473965834427,Asn,Gluc,1.0313333333333332,0.13737410398049713,0.9888333333333333,0.10256913657517924,1.0103333333333333,0.06724912225779936,0.5746666666666667,0.044176665534847434,0.46399999999999997,0.01487055255642282,0.12183333333333334,0.04007777161691725,0.3625,0.04807476815683393,1.0103333333333333,0.06724912225779936,0.46399999999999997,0.01487055255642282
Asn + Gluc,Ec,M+C,Asn,Gluc,M,C,0.008,0.0014375905768565214,M,0.010666666666666666,0.0027888667551135846,C,0.017833333333333333,0.007377518402401839,0.028499999999999998,0.005,0.008016995835237923,Asn,Gluc,1.0313333333333332,0.13737410398049713,0.9888333333333333,0.10256913657517924,1.0103333333333333,0.06724912225779936,0.5746666666666667,0.044176665534847434,0.46399999999999997,0.01487055255642282,0.12183333333333334,0.04007777161691725,0.3625,0.04807476815683393,0.9888333333333333,0.10256913657517924,0.46399999999999997,0.01487055255642282
Asn + Gluc,Ec,R+C,Asn,Gluc,R,C,0.011166666666666667,0.002880007716039047,R,0.010833333333333334,0.002625727412441064,C,0.017833333333333333,0.007377518402401839,0.028666666666666667,0.005,0.008343660267931974,Asn,Gluc,1.0313333333333332,0.13737410398049713,0.9888333333333333,0.10256913657517924,1.0103333333333333,0.06724912225779936,0.5746666666666667,0.044176665534847434,0.46399999999999997,0.01487055255642282,0.12183333333333334,0.04007777161691725,0.3625,0.04807476815683393,0.5746666666666667,0.044176665534847434,0.46399999999999997,0.01487055255642282
Asn + Gluc,Ec,F+F,Asn,Gluc,F,F,0.04850000000000001,0.023704781514847728,F,0.04850000000000001,0.023704781514847728,F,0.04850000000000001,0.023704781514847728,0.09700000000000002,0.005,0.0410578859660358,Asn,Gluc,1.0313333333333332,0.13737410398049713,0.9888333333333333,0.10256913657517924,1.0103333333333333,0.06724912225779936,0.5746666666666667,0.044176665534847434,0.46399999999999997,0.01487055255642282,0.12183333333333334,0.04007777161691725,0.3625,0.04807476815683393,1.0103333333333333,0.06724912225779936,1.0103333333333333,0.06724912225779936
Asn + Gluc,Ec,M+F,Asn,Gluc,M,F,0.29833333333333334,0.04717532311612832,M,0.010666666666666666,0.0027888667551135846,F,0.04850000000000001,0.023704781514847728,0.05916666666666667,0.23916666666666667,0.052869703569771935,Asn,Gluc,1.0313333333333332,0.13737410398049713,0.9888333333333333,0.10256913657517924,1.0103333333333333,0.06724912225779936,0.5746666666666667,0.044176665534847434,0.46399999999999997,0.01487055255642282,0.12183333333333334,0.04007777161691725,0.3625,0.04807476815683393,1.0103333333333333,0.06724912225779936,0.9888333333333333,0.10256913657517924
Asn + Gluc,Ec,C+L,Asn,Gluc,C,L,0.026166666666666668,0.017508886632539238,C,0.017833333333333333,0.007377518402401839,L,0.009333333333333334,0.0019607254893136985,0.027166666666666665,0.005,0.019100610810477592,Asn,Gluc,1.0313333333333332,0.13737410398049713,0.9888333333333333,0.10256913657517924,1.0103333333333333,0.06724912225779936,0.5746666666666667,0.044176665534847434,0.46399999999999997,0.01487055255642282,0.12183333333333334,0.04007777161691725,0.3625,0.04807476815683393,0.46399999999999997,0.01487055255642282,0.3625,0.04807476815683393
Asn + Gluc,Ec,F+L,Asn,Gluc,F,L,0.28450000000000003,0.04619289267120358,F,0.04850000000000001,0.023704781514847728,L,0.009333333333333334,0.0019607254893136985,0.05783333333333334,0.22666666666666668,0.05195714045676921,Asn,Gluc,1.0313333333333332,0.13737410398049713,0.9888333333333333,0.10256913657517924,1.0103333333333333,0.06724912225779936,0.5746666666666667,0.044176665534847434,0.46399999999999997,0.01487055255642282,0.12183333333333334,0.04007777161691725,0.3625,0.04807476815683393,1.0103333333333333,0.06724912225779936,0.3625,0.04807476815683393
Asn + Gluc,Ec,L+L,Asn,Gluc,L,L,0.009333333333333334,0.0019607254893136985,L,0.009333333333333334,0.0019607254893136985,L,0.009333333333333334,0.0019607254893136985,0.018666666666666668,0.005,0.0033960761671866734,Asn,Gluc,1.0313333333333332,0.13737410398049713,0.9888333333333333,0.10256913657517924,1.0103333333333333,0.06724912225779936,0.5746666666666667,0.044176665534847434,0.46399999999999997,0.01487055255642282,0.12183333333333334,0.04007777161691725,0.3625,0.04807476815683393,0.3625,0.04807476815683393,0.3625,0.04807476815683393
Asn + Gluc,Ec,M+L,Asn,Gluc,M,L,0.03866666666666667,0.009538227182122357,M,0.010666666666666666,0.0027888667551135846,L,0.009333333333333334,0.0019607254893136985,0.02,0.018666666666666668,0.010129165809680481,Asn,Gluc,1.0313333333333332,0.13737410398049713,0.9888333333333333,0.10256913657517924,1.0103333333333333,0.06724912225779936,0.5746666666666667,0.044176665534847434,0.46399999999999997,0.01487055255642282,0.12183333333333334,0.04007777161691725,0.3625,0.04807476815683393,0.9888333333333333,0.10256913657517924,0.3625,0.04807476815683393
Asn + Gluc,Ec,R+L,Asn,Gluc,R,L,0.23783333333333334,0.03376725896157072,R,0.010833333333333334,0.002625727412441064,L,0.009333333333333334,0.0019607254893136985,0.020166666666666666,0.21766666666666667,0.03392589964417549,Asn,Gluc,1.0313333333333332,0.13737410398049713,0.9888333333333333,0.10256913657517924,1.0103333333333333,0.06724912225779936,0.5746666666666667,0.044176665534847434,0.46399999999999997,0.01487055255642282,0.12183333333333334,0.04007777161691725,0.3625,0.04807476815683393,0.5746666666666667,0.044176665534847434,0.3625,0.04807476815683393
Asn + Gluc,Ec,S+L,Asn,Gluc,S,L,0.0095,0.002565800719723442,S,0.0095,0.002202271554554524,L,0.009333333333333334,0.0019607254893136985,0.018833333333333334,0.005,0.0039086797998528575,Asn,Gluc,1.0313333333333332,0.13737410398049713,0.9888333333333333,0.10256913657517924,1.0103333333333333,0.06724912225779936,0.5746666666666667,0.044176665534847434,0.46399999999999997,0.01487055255642282,0.12183333333333334,0.04007777161691725,0.3625,0.04807476815683393,0.3625,0.04807476815683393,0.12183333333333334,0.04007777161691725
Asn + Gluc,Ec,M+M,Asn,Gluc,M,M,0.010666666666666666,0.0027888667551135846,M,0.010666666666666666,0.0027888667551135846,M,0.010666666666666666,0.0027888667551135846,0.021333333333333333,0.005,0.004830458915396478,Asn,Gluc,1.0313333333333332,0.13737410398049713,0.9888333333333333,0.10256913657517924,1.0103333333333333,0.06724912225779936,0.5746666666666667,0.044176665534847434,0.46399999999999997,0.01487055255642282,0.12183333333333334,0.04007777161691725,0.3625,0.04807476815683393,0.9888333333333333,0.10256913657517924,0.9888333333333333,0.10256913657517924
Asn + Gluc,Ec,F+R,Asn,Gluc,F,R,0.23583333333333334,0.024271267878799505,F,0.04850000000000001,0.023704781514847728,R,0.010833333333333334,0.002625727412441064,0.05933333333333334,0.1765,0.034028011337066934,Asn,Gluc,1.0313333333333332,0.13737410398049713,0.9888333333333333,0.10256913657517924,1.0103333333333333,0.06724912225779936,0.5746666666666667,0.044176665534847434,0.46399999999999997,0.01487055255642282,0.12183333333333334,0.04007777161691725,0.3625,0.04807476815683393,1.0103333333333333,0.06724912225779936,0.5746666666666667,0.044176665534847434
Asn + Gluc,Ec,M+R,Asn,Gluc,M,R,0.05316666666666667,0.011939895774717262,M,0.010666666666666666,0.0027888667551135846,R,0.010833333333333334,0.002625727412441064,0.0215,0.03166666666666667,0.01253927164285603,Asn,Gluc,1.0313333333333332,0.13737410398049713,0.9888333333333333,0.10256913657517924,1.0103333333333333,0.06724912225779936,0.5746666666666667,0.044176665534847434,0.46399999999999997,0.01487055255642282,0.12183333333333334,0.04007777161691725,0.3625,0.04807476815683393,0.9888333333333333,0.10256913657517924,0.5746666666666667,0.044176665534847434
Asn + Gluc,Ec,R+R,Asn,Gluc,R,R,0.010833333333333334,0.002625727412441064,R,0.010833333333333334,0.002625727412441064,R,0.010833333333333334,0.002625727412441064,0.021666666666666667,0.005,0.004547893285174283,Asn,Gluc,1.0313333333333332,0.13737410398049713,0.9888333333333333,0.10256913657517924,1.0103333333333333,0.06724912225779936,0.5746666666666667,0.044176665534847434,0.46399999999999997,0.01487055255642282,0.12183333333333334,0.04007777161691725,0.3625,0.04807476815683393,0.5746666666666667,0.044176665534847434,0.5746666666666667,0.044176665534847434
Asn + Gluc,Ec,C+S,Asn,Gluc,C,S,0.0105,0.0031806707887907337,C,0.017833333333333333,0.007377518402401839,S,0.0095,0.002202271554554524,0.027333333333333334,0.005,0.008330332793138846,Asn,Gluc,1.0313333333333332,0.13737410398049713,0.9888333333333333,0.10256913657517924,1.0103333333333333,0.06724912225779936,0.5746666666666667,0.044176665534847434,0.46399999999999997,0.01487055255642282,0.12183333333333334,0.04007777161691725,0.3625,0.04807476815683393,0.46399999999999997,0.01487055255642282,0.12183333333333334,0.04007777161691725
Asn + Gluc,Ec,F+S,Asn,Gluc,F,S,0.11324999999999999,0.05450898244020582,F,0.04850000000000001,0.023704781514847728,S,0.0095,0.002202271554554524,0.05800000000000001,0.05524999999999998,0.05948105440670443,Asn,Gluc,1.0313333333333332,0.13737410398049713,0.9888333333333333,0.10256913657517924,1.0103333333333333,0.06724912225779936,0.5746666666666667,0.044176665534847434,0.46399999999999997,0.01487055255642282,0.12183333333333334,0.04007777161691725,0.3625,0.04807476815683393,1.0103333333333333,0.06724912225779936,0.12183333333333334,0.04007777161691725
Asn + Gluc,Ec,M+S,Asn,Gluc,M,S,0.008166666666666668,0.001641476300299351,M,0.010666666666666666,0.0027888667551135846,S,0.0095,0.002202271554554524,0.020166666666666666,0.005,0.00391436102349058,Asn,Gluc,1.0313333333333332,0.13737410398049713,0.9888333333333333,0.10256913657517924,1.0103333333333333,0.06724912225779936,0.5746666666666667,0.044176665534847434,0.46399999999999997,0.01487055255642282,0.12183333333333334,0.04007777161691725,0.3625,0.04807476815683393,0.9888333333333333,0.10256913657517924,0.12183333333333334,0.04007777161691725
Asn + Gluc,Ec,R+S,Asn,Gluc,R,S,0.016333333333333335,0.0029287843515318386,R,0.010833333333333334,0.002625727412441064,S,0.0095,0.002202271554554524,0.020333333333333335,0.005,0.004508017549014446,Asn,Gluc,1.0313333333333332,0.13737410398049713,0.9888333333333333,0.10256913657517924,1.0103333333333333,0.06724912225779936,0.5746666666666667,0.044176665534847434,0.46399999999999997,0.01487055255642282,0.12183333333333334,0.04007777161691725,0.3625,0.04807476815683393,0.5746666666666667,0.044176665534847434,0.12183333333333334,0.04007777161691725
Asn + Gluc,Ec,S+S,Asn,Gluc,S,S,0.0095,0.002202271554554524,S,0.0095,0.002202271554554524,S,0.0095,0.002202271554554524,0.019,0.005,0.00381444622455213,Asn,Gluc,1.0313333333333332,0.13737410398049713,0.9888333333333333,0.10256913657517924,1.0103333333333333,0.06724912225779936,0.5746666666666667,0.044176665534847434,0.46399999999999997,0.01487055255642282,0.12183333333333334,0.04007777161691725,0.3625,0.04807476815683393,0.12183333333333334,0.04007777161691725,0.12183333333333334,0.04007777161691725
Asn + Gluc,Ec,WT+WT,Asn,Gluc,WT,WT,1.0313333333333332,0.13737410398049713,,,,,,,,1.0313333333333332,0.0,Asn,Gluc,1.0313333333333332,0.13737410398049713,0.9888333333333333,0.10256913657517924,1.0103333333333333,0.06724912225779936,0.5746666666666667,0.044176665534847434,0.46399999999999997,0.01487055255642282,0.12183333333333334,0.04007777161691725,0.3625,0.04807476815683393,1.0313333333333332,0.13737410398049713,1.0313333333333332,0.13737410398049713
Asn + Gly,Bs,C+C,Asn,Gly,C,C,0.006166666666666667,0.0006540472290116194,C,0.006166666666666667,0.0006540472290116194,C,0.006166666666666667,0.0006540472290116194,0.012333333333333333,0.005,0.0011328430311977617,Asn,Gly,0.05683333333333334,0.024775547981382328,0.11316666666666668,0.010672134015483715,0.07133333333333333,0.01858254856339978,0.04733333333333334,0.0042869310442060745,0.1945,0.06531143340436905,0.07983333333333333,0.02261182090068034,0.10166666666666667,0.02456917671482796,0.1945,0.06531143340436905,0.1945,0.06531143340436905
Asn + Gly,Bs,F+C,Asn,Gly,F,C,0.024166666666666666,0.0024686928615047367,F,0.006333333333333333,0.000988826464946088,C,0.006166666666666667,0.0006540472290116194,0.0125,0.011666666666666665,0.0027386127875258306,Asn,Gly,0.05683333333333334,0.024775547981382328,0.11316666666666668,0.010672134015483715,0.07133333333333333,0.01858254856339978,0.04733333333333334,0.0042869310442060745,0.1945,0.06531143340436905,0.07983333333333333,0.02261182090068034,0.10166666666666667,0.02456917671482796,0.1945,0.06531143340436905,0.07133333333333333,0.01858254856339978
Asn + Gly,Bs,M+C,Asn,Gly,M,C,0.008333333333333333,0.0019607254893136993,M,0.01,0.0031622776601683794,C,0.006166666666666667,0.0006540472290116194,0.016166666666666666,0.005,0.0037778594762407753,Asn,Gly,0.05683333333333334,0.024775547981382328,0.11316666666666668,0.010672134015483715,0.07133333333333333,0.01858254856339978,0.04733333333333334,0.0042869310442060745,0.1945,0.06531143340436905,0.07983333333333333,0.02261182090068034,0.10166666666666667,0.02456917671482796,0.1945,0.06531143340436905,0.11316666666666668,0.010672134015483715
Asn + Gly,Bs,R+C,Asn,Gly,R,C,0.02966666666666667,0.0018915014612148147,R,0.006833333333333334,0.0008724168218868267,C,0.006166666666666667,0.0006540472290116194,0.013000000000000001,0.01666666666666667,0.0021832697191750423,Asn,Gly,0.05683333333333334,0.024775547981382328,0.11316666666666668,0.010672134015483715,0.07133333333333333,0.01858254856339978,0.04733333333333334,0.0042869310442060745,0.1945,0.06531143340436905,0.07983333333333333,0.02261182090068034,0.10166666666666667,0.02456917671482796,0.1945,0.06531143340436905,0.04733333333333334,0.0042869310442060745
Asn + Gly,Bs,F+F,Asn,Gly,F,F,0.006333333333333333,0.000988826464946088,F,0.006333333333333333,0.000988826464946088,F,0.006333333333333333,0.000988826464946088,0.012666666666666666,0.005,0.00171269767715535,Asn,Gly,0.05683333333333334,0.024775547981382328,0.11316666666666668,0.010672134015483715,0.07133333333333333,0.01858254856339978,0.04733333333333334,0.0042869310442060745,0.1945,0.06531143340436905,0.07983333333333333,0.02261182090068034,0.10166666666666667,0.02456917671482796,0.07133333333333333,0.01858254856339978,0.07133333333333333,0.01858254856339978
Asn + Gly,Bs,M+F,Asn,Gly,M,F,0.0355,0.0073063898974345285,M,0.01,0.0031622776601683794,F,0.006333333333333333,0.000988826464946088,0.01633333333333333,0.019166666666666665,0.008022537697705827,Asn,Gly,0.05683333333333334,0.024775547981382328,0.11316666666666668,0.010672134015483715,0.07133333333333333,0.01858254856339978,0.04733333333333334,0.0042869310442060745,0.1945,0.06531143340436905,0.07983333333333333,0.02261182090068034,0.10166666666666667,0.02456917671482796,0.11316666666666668,0.010672134015483715,0.07133333333333333,0.01858254856339978
Asn + Gly,Bs,C+L,Asn,Gly,C,L,0.010333333333333333,0.0034123957045519267,C,0.006166666666666667,0.0006540472290116194,L,0.007666666666666666,0.0016865480854231355,0.013833333333333333,0.005,0.003862210075418822,Asn,Gly,0.05683333333333334,0.024775547981382328,0.11316666666666668,0.010672134015483715,0.07133333333333333,0.01858254856339978,0.04733333333333334,0.0042869310442060745,0.1945,0.06531143340436905,0.07983333333333333,0.02261182090068034,0.10166666666666667,0.02456917671482796,0.1945,0.06531143340436905,0.10166666666666667,0.02456917671482796
Asn + Gly,Bs,F+L,Asn,Gly,F,L,0.03466666666666667,0.006124631508189788,F,0.006333333333333333,0.000988826464946088,L,0.007666666666666666,0.0016865480854231355,0.013999999999999999,0.020666666666666673,0.0064291005073286375,Asn,Gly,0.05683333333333334,0.024775547981382328,0.11316666666666668,0.010672134015483715,0.07133333333333333,0.01858254856339978,0.04733333333333334,0.0042869310442060745,0.1945,0.06531143340436905,0.07983333333333333,0.02261182090068034,0.10166666666666667,0.02456917671482796,0.10166666666666667,0.02456917671482796,0.07133333333333333,0.01858254856339978
Asn + Gly,Bs,L+L,Asn,Gly,L,L,0.007666666666666666,0.0016865480854231355,L,0.007666666666666666,0.0016865480854231355,L,0.007666666666666666,0.0016865480854231355,0.015333333333333332,0.005,0.0029211869733608855,Asn,Gly,0.05683333333333334,0.024775547981382328,0.11316666666666668,0.010672134015483715,0.07133333333333333,0.01858254856339978,0.04733333333333334,0.0042869310442060745,0.1945,0.06531143340436905,0.07983333333333333,0.02261182090068034,0.10166666666666667,0.02456917671482796,0.10166666666666667,0.02456917671482796,0.10166666666666667,0.02456917671482796
Asn + Gly,Bs,M+L,Asn,Gly,M,L,0.03833333333333333,0.003508719297850871,M,0.01,0.0031622776601683794,L,0.007666666666666666,0.0016865480854231355,0.017666666666666667,0.020666666666666663,0.0050155314330144075,Asn,Gly,0.05683333333333334,0.024775547981382328,0.11316666666666668,0.010672134015483715,0.07133333333333333,0.01858254856339978,0.04733333333333334,0.0042869310442060745,0.1945,0.06531143340436905,0.07983333333333333,0.02261182090068034,0.10166666666666667,0.02456917671482796,0.11316666666666668,0.010672134015483715,0.10166666666666667,0.02456917671482796
Asn + Gly,Bs,R+L,Asn,Gly,R,L,0.15733333333333333,0.02435113504085134,R,0.006833333333333334,0.0008724168218868267,L,0.007666666666666666,0.0016865480854231355,0.014499999999999999,0.1428333333333333,0.02442505544176581,Asn,Gly,0.05683333333333334,0.024775547981382328,0.11316666666666668,0.010672134015483715,0.07133333333333333,0.01858254856339978,0.04733333333333334,0.0042869310442060745,0.1945,0.06531143340436905,0.07983333333333333,0.02261182090068034,0.10166666666666667,0.02456917671482796,0.10166666666666667,0.02456917671482796,0.04733333333333334,0.0042869310442060745
Asn + Gly,Bs,S+L,Asn,Gly,S,L,0.006666666666666667,0.0011737877907772672,S,0.005,0.0,L,0.007666666666666666,0.0016865480854231355,0.012666666666666666,0.005,0.0020548046676563255,Asn,Gly,0.05683333333333334,0.024775547981382328,0.11316666666666668,0.010672134015483715,0.07133333333333333,0.01858254856339978,0.04733333333333334,0.0042869310442060745,0.1945,0.06531143340436905,0.07983333333333333,0.02261182090068034,0.10166666666666667,0.02456917671482796,0.10166666666666667,0.02456917671482796,0.07983333333333333,0.02261182090068034
Asn + Gly,Bs,M+M,Asn,Gly,M,M,0.01,0.0031622776601683794,M,0.01,0.0031622776601683794,M,0.01,0.0031622776601683794,0.02,0.005,0.005477225575051661,Asn,Gly,0.05683333333333334,0.024775547981382328,0.11316666666666668,0.010672134015483715,0.07133333333333333,0.01858254856339978,0.04733333333333334,0.0042869310442060745,0.1945,0.06531143340436905,0.07983333333333333,0.02261182090068034,0.10166666666666667,0.02456917671482796,0.11316666666666668,0.010672134015483715,0.11316666666666668,0.010672134015483715
Asn + Gly,Bs,F+R,Asn,Gly,F,R,0.09649999999999999,0.02186740344287207,F,0.006333333333333333,0.000988826464946088,R,0.006833333333333334,0.0008724168218868267,0.013166666666666667,0.08333333333333331,0.021907127201489063,Asn,Gly,0.05683333333333334,0.024775547981382328,0.11316666666666668,0.010672134015483715,0.07133333333333333,0.01858254856339978,0.04733333333333334,0.0042869310442060745,0.1945,0.06531143340436905,0.07983333333333333,0.02261182090068034,0.10166666666666667,0.02456917671482796,0.07133333333333333,0.01858254856339978,0.04733333333333334,0.0042869310442060745
Asn + Gly,Bs,M+R,Asn,Gly,M,R,0.15016666666666667,0.028204511065509443,M,0.01,0.0031622776601683794,R,0.006833333333333334,0.0008724168218868267,0.016833333333333332,0.13333333333333333,0.028394639556711333,Asn,Gly,0.05683333333333334,0.024775547981382328,0.11316666666666668,0.010672134015483715,0.07133333333333333,0.01858254856339978,0.04733333333333334,0.0042869310442060745,0.1945,0.06531143340436905,0.07983333333333333,0.02261182090068034,0.10166666666666667,0.02456917671482796,0.11316666666666668,0.010672134015483715,0.04733333333333334,0.0042869310442060745
Asn + Gly,Bs,R+R,Asn,Gly,R,R,0.006833333333333334,0.0008724168218868267,R,0.006833333333333334,0.0008724168218868267,R,0.006833333333333334,0.0008724168218868267,0.013666666666666667,0.005,0.0015110702608857516,Asn,Gly,0.05683333333333334,0.024775547981382328,0.11316666666666668,0.010672134015483715,0.07133333333333333,0.01858254856339978,0.04733333333333334,0.0042869310442060745,0.1945,0.06531143340436905,0.07983333333333333,0.02261182090068034,0.10166666666666667,0.02456917671482796,0.04733333333333334,0.0042869310442060745,0.04733333333333334,0.0042869310442060745
Asn + Gly,Bs,C+S,Asn,Gly,C,S,0.005166666666666667,0.00016666666666666663,C,0.006166666666666667,0.0006540472290116194,S,0.005,0.0,0.011166666666666667,0.005,0.0006749485577105528,Asn,Gly,0.05683333333333334,0.024775547981382328,0.11316666666666668,0.010672134015483715,0.07133333333333333,0.01858254856339978,0.04733333333333334,0.0042869310442060745,0.1945,0.06531143340436905,0.07983333333333333,0.02261182090068034,0.10166666666666667,0.02456917671482796,0.1945,0.06531143340436905,0.07983333333333333,0.02261182090068034
Asn + Gly,Bs,F+S,Asn,Gly,F,S,0.029333333333333333,0.0035371049053019494,F,0.006333333333333333,0.000988826464946088,S,0.005,0.0,0.011333333333333334,0.018,0.0036727222722238184,Asn,Gly,0.05683333333333334,0.024775547981382328,0.11316666666666668,0.010672134015483715,0.07133333333333333,0.01858254856339978,0.04733333333333334,0.0042869310442060745,0.1945,0.06531143340436905,0.07983333333333333,0.02261182090068034,0.10166666666666667,0.02456917671482796,0.07983333333333333,0.02261182090068034,0.07133333333333333,0.01858254856339978
Asn + Gly,Bs,M+S,Asn,Gly,M,S,0.013833333333333335,0.0018870906472957549,M,0.01,0.0031622776601683794,S,0.005,0.0,0.015,0.005,0.0036825413929935822,Asn,Gly,0.05683333333333334,0.024775547981382328,0.11316666666666668,0.010672134015483715,0.07133333333333333,0.01858254856339978,0.04733333333333334,0.0042869310442060745,0.1945,0.06531143340436905,0.07983333333333333,0.02261182090068034,0.10166666666666667,0.02456917671482796,0.11316666666666668,0.010672134015483715,0.07983333333333333,0.02261182090068034
Asn + Gly,Bs,R+S,Asn,Gly,R,S,0.039,0.0020655911179772884,R,0.006833333333333334,0.0008724168218868267,S,0.005,0.0,0.011833333333333335,0.027166666666666665,0.0022422706745122843,Asn,Gly,0.05683333333333334,0.024775547981382328,0.11316666666666668,0.010672134015483715,0.07133333333333333,0.01858254856339978,0.04733333333333334,0.0042869310442060745,0.1945,0.06531143340436905,0.07983333333333333,0.02261182090068034,0.10166666666666667,0.02456917671482796,0.07983333333333333,0.02261182090068034,0.04733333333333334,0.0042869310442060745
Asn + Gly,Bs,S+S,Asn,Gly,S,S,0.005,0.0,S,0.005,0.0,S,0.005,0.0,0.01,0.005,0.0,Asn,Gly,0.05683333333333334,0.024775547981382328,0.11316666666666668,0.010672134015483715,0.07133333333333333,0.01858254856339978,0.04733333333333334,0.0042869310442060745,0.1945,0.06531143340436905,0.07983333333333333,0.02261182090068034,0.10166666666666667,0.02456917671482796,0.07983333333333333,0.02261182090068034,0.07983333333333333,0.02261182090068034
Asn + Gly,Bs,WT+WT,Asn,Gly,WT,WT,0.05683333333333334,0.024775547981382328,,,,,,,,0.05683333333333334,0.0,Asn,Gly,0.05683333333333334,0.024775547981382328,0.11316666666666668,0.010672134015483715,0.07133333333333333,0.01858254856339978,0.04733333333333334,0.0042869310442060745,0.1945,0.06531143340436905,0.07983333333333333,0.02261182090068034,0.10166666666666667,0.02456917671482796,0.05683333333333334,0.024775547981382328,0.05683333333333334,0.024775547981382328
Asn + Gly,Ec,C+C,Asn,Gly,C,C,0.013666666666666667,0.00275277637627501,C,0.013666666666666667,0.00275277637627501,C,0.013666666666666667,0.00275277637627501,0.027333333333333334,0.005,0.004767948545583659,Asn,Gly,0.7885,0.21293187486455223,0.9743333333333334,0.048725535171794454,0.9893333333333333,0.10474816360098052,0.6236666666666667,0.05742105691972048,0.163,0.007801709214439278,0.0785,0.024044056784716394,0.35683333333333334,0.05978038511455447,0.163,0.007801709214439278,0.163,0.007801709214439278
Asn + Gly,Ec,F+C,Asn,Gly,F,C,0.014666666666666666,0.0017061978522759636,F,0.010666666666666666,0.0027162065049951153,C,0.013666666666666667,0.00275277637627501,0.024333333333333332,0.005,0.004226897995772629,Asn,Gly,0.7885,0.21293187486455223,0.9743333333333334,0.048725535171794454,0.9893333333333333,0.10474816360098052,0.6236666666666667,0.05742105691972048,0.163,0.007801709214439278,0.0785,0.024044056784716394,0.35683333333333334,0.05978038511455447,0.9893333333333333,0.10474816360098052,0.163,0.007801709214439278
Asn + Gly,Ec,M+C,Asn,Gly,M,C,0.011500000000000002,0.002171788817234923,M,0.013333333333333334,0.0028007935383466674,C,0.013666666666666667,0.00275277637627501,0.027000000000000003,0.005,0.004487637339278753,Asn,Gly,0.7885,0.21293187486455223,0.9743333333333334,0.048725535171794454,0.9893333333333333,0.10474816360098052,0.6236666666666667,0.05742105691972048,0.163,0.007801709214439278,0.0785,0.024044056784716394,0.35683333333333334,0.05978038511455447,0.9743333333333334,0.048725535171794454,0.163,0.007801709214439278
Asn + Gly,Ec,R+C,Asn,Gly,R,C,0.010333333333333333,0.0019264244369066518,R,0.011833333333333335,0.002212339134139349,C,0.013666666666666667,0.00275277637627501,0.025500000000000002,0.005,0.004022851393394159,Asn,Gly,0.7885,0.21293187486455223,0.9743333333333334,0.048725535171794454,0.9893333333333333,0.10474816360098052,0.6236666666666667,0.05742105691972048,0.163,0.007801709214439278,0.0785,0.024044056784716394,0.35683333333333334,0.05978038511455447,0.6236666666666667,0.05742105691972048,0.163,0.007801709214439278
Asn + Gly,Ec,F+F,Asn,Gly,F,F,0.010666666666666666,0.0027162065049951153,F,0.010666666666666666,0.0027162065049951153,F,0.010666666666666666,0.0027162065049951153,0.021333333333333333,0.005,0.004704607670500627,Asn,Gly,0.7885,0.21293187486455223,0.9743333333333334,0.048725535171794454,0.9893333333333333,0.10474816360098052,0.6236666666666667,0.05742105691972048,0.163,0.007801709214439278,0.0785,0.024044056784716394,0.35683333333333334,0.05978038511455447,0.9893333333333333,0.10474816360098052,0.9893333333333333,0.10474816360098052
Asn + Gly,Ec,M+F,Asn,Gly,M,F,0.1681666666666667,0.09787284835154461,M,0.013333333333333334,0.0028007935383466674,F,0.010666666666666666,0.0027162065049951153,0.024,0.1441666666666667,0.09795058277859642,Asn,Gly,0.7885,0.21293187486455223,0.9743333333333334,0.048725535171794454,0.9893333333333333,0.10474816360098052,0.6236666666666667,0.05742105691972048,0.163,0.007801709214439278,0.0785,0.024044056784716394,0.35683333333333334,0.05978038511455447,0.9893333333333333,0.10474816360098052,0.9743333333333334,0.048725535171794454
Asn + Gly,Ec,C+L,Asn,Gly,C,L,0.007833333333333333,0.0010461569884316808,C,0.013666666666666667,0.00275277637627501,L,0.0105,0.0017654083569153814,0.02416666666666667,0.005,0.003433495141818157,Asn,Gly,0.7885,0.21293187486455223,0.9743333333333334,0.048725535171794454,0.9893333333333333,0.10474816360098052,0.6236666666666667,0.05742105691972048,0.163,0.007801709214439278,0.0785,0.024044056784716394,0.35683333333333334,0.05978038511455447,0.35683333333333334,0.05978038511455447,0.163,0.007801709214439278
Asn + Gly,Ec,F+L,Asn,Gly,F,L,0.0315,0.00698927750200262,F,0.010666666666666666,0.0027162065049951153,L,0.0105,0.0017654083569153814,0.021166666666666667,0.010333333333333333,0.007703534542302282,Asn,Gly,0.7885,0.21293187486455223,0.9743333333333334,0.048725535171794454,0.9893333333333333,0.10474816360098052,0.6236666666666667,0.05742105691972048,0.163,0.007801709214439278,0.0785,0.024044056784716394,0.35683333333333334,0.05978038511455447,0.9893333333333333,0.10474816360098052,0.35683333333333334,0.05978038511455447
Asn + Gly,Ec,L+L,Asn,Gly,L,L,0.0105,0.0017654083569153814,L,0.0105,0.0017654083569153814,L,0.0105,0.0017654083569153814,0.021,0.005,0.0030577769702841307,Asn,Gly,0.7885,0.21293187486455223,0.9743333333333334,0.048725535171794454,0.9893333333333333,0.10474816360098052,0.6236666666666667,0.05742105691972048,0.163,0.007801709214439278,0.0785,0.024044056784716394,0.35683333333333334,0.05978038511455447,0.35683333333333334,0.05978038511455447,0.35683333333333334,0.05978038511455447
Asn + Gly,Ec,M+L,Asn,Gly,M,L,0.013166666666666667,0.0018693433190413273,M,0.013333333333333334,0.0028007935383466674,L,0.0105,0.0017654083569153814,0.023833333333333335,0.005,0.003802046232695699,Asn,Gly,0.7885,0.21293187486455223,0.9743333333333334,0.048725535171794454,0.9893333333333333,0.10474816360098052,0.6236666666666667,0.05742105691972048,0.163,0.007801709214439278,0.0785,0.024044056784716394,0.35683333333333334,0.05978038511455447,0.9743333333333334,0.048725535171794454,0.35683333333333334,0.05978038511455447
Asn + Gly,Ec,R+L,Asn,Gly,R,L,0.013666666666666667,0.003363199534834517,R,0.011833333333333335,0.002212339134139349,L,0.0105,0.0017654083569153814,0.022333333333333337,0.005,0.004395704974429269,Asn,Gly,0.7885,0.21293187486455223,0.9743333333333334,0.048725535171794454,0.9893333333333333,0.10474816360098052,0.6236666666666667,0.05742105691972048,0.163,0.007801709214439278,0.0785,0.024044056784716394,0.35683333333333334,0.05978038511455447,0.6236666666666667,0.05742105691972048,0.35683333333333334,0.05978038511455447
Asn + Gly,Ec,S+L,Asn,Gly,S,L,0.008499999999999999,0.0013354150416006751,S,0.011333333333333334,0.0020439612955674524,L,0.0105,0.0017654083569153814,0.021833333333333337,0.005,0.0030129350769271114,Asn,Gly,0.7885,0.21293187486455223,0.9743333333333334,0.048725535171794454,0.9893333333333333,0.10474816360098052,0.6236666666666667,0.05742105691972048,0.163,0.007801709214439278,0.0785,0.024044056784716394,0.35683333333333334,0.05978038511455447,0.35683333333333334,0.05978038511455447,0.0785,0.024044056784716394
Asn + Gly,Ec,M+M,Asn,Gly,M,M,0.013333333333333334,0.0028007935383466674,M,0.013333333333333334,0.0028007935383466674,M,0.013333333333333334,0.0028007935383466674,0.02666666666666667,0.005,0.004851116709927038,Asn,Gly,0.7885,0.21293187486455223,0.9743333333333334,0.048725535171794454,0.9893333333333333,0.10474816360098052,0.6236666666666667,0.05742105691972048,0.163,0.007801709214439278,0.0785,0.024044056784716394,0.35683333333333334,0.05978038511455447,0.9743333333333334,0.048725535171794454,0.9743333333333334,0.048725535171794454
Asn + Gly,Ec,F+R,Asn,Gly,F,R,0.05683333333333334,0.01611710616429361,F,0.010666666666666666,0.0027162065049951153,R,0.011833333333333335,0.002212339134139349,0.0225,0.03433333333333334,0.016493433036615913,Asn,Gly,0.7885,0.21293187486455223,0.9743333333333334,0.048725535171794454,0.9893333333333333,0.10474816360098052,0.6236666666666667,0.05742105691972048,0.163,0.007801709214439278,0.0785,0.024044056784716394,0.35683333333333334,0.05978038511455447,0.9893333333333333,0.10474816360098052,0.6236666666666667,0.05742105691972048
Asn + Gly,Ec,M+R,Asn,Gly,M,R,0.029833333333333333,0.004527079019019266,M,0.013333333333333334,0.0028007935383466674,R,0.011833333333333335,0.002212339134139349,0.02516666666666667,0.005,0.005764835932906793,Asn,Gly,0.7885,0.21293187486455223,0.9743333333333334,0.048725535171794454,0.9893333333333333,0.10474816360098052,0.6236666666666667,0.05742105691972048,0.163,0.007801709214439278,0.0785,0.024044056784716394,0.35683333333333334,0.05978038511455447,0.9743333333333334,0.048725535171794454,0.6236666666666667,0.05742105691972048
Asn + Gly,Ec,R+R,Asn,Gly,R,R,0.011833333333333335,0.002212339134139349,R,0.011833333333333335,0.002212339134139349,R,0.011833333333333335,0.002212339134139349,0.02366666666666667,0.005,0.0038318837839022906,Asn,Gly,0.7885,0.21293187486455223,0.9743333333333334,0.048725535171794454,0.9893333333333333,0.10474816360098052,0.6236666666666667,0.05742105691972048,0.163,0.007801709214439278,0.0785,0.024044056784716394,0.35683333333333334,0.05978038511455447,0.6236666666666667,0.05742105691972048,0.6236666666666667,0.05742105691972048
Asn + Gly,Ec,C+S,Asn,Gly,C,S,0.008833333333333334,0.0016414763002993505,C,0.013666666666666667,0.00275277637627501,S,0.011333333333333334,0.0020439612955674524,0.025,0.005,0.0038013155617496425,Asn,Gly,0.7885,0.21293187486455223,0.9743333333333334,0.048725535171794454,0.9893333333333333,0.10474816360098052,0.6236666666666667,0.05742105691972048,0.163,0.007801709214439278,0.0785,0.024044056784716394,0.35683333333333334,0.05978038511455447,0.163,0.007801709214439278,0.0785,0.024044056784716394
Asn + Gly,Ec,F+S,Asn,Gly,F,S,0.0145,0.0011902380714238084,F,0.010666666666666666,0.0027162065049951153,S,0.011333333333333334,0.0020439612955674524,0.022,0.005,0.003601697130829052,Asn,Gly,0.7885,0.21293187486455223,0.9743333333333334,0.048725535171794454,0.9893333333333333,0.10474816360098052,0.6236666666666667,0.05742105691972048,0.163,0.007801709214439278,0.0785,0.024044056784716394,0.35683333333333334,0.05978038511455447,0.9893333333333333,0.10474816360098052,0.0785,0.024044056784716394
Asn + Gly,Ec,M+S,Asn,Gly,M,S,0.013666666666666666,0.0011450376024878446,M,0.013333333333333334,0.0028007935383466674,S,0.011333333333333334,0.0020439612955674524,0.02466666666666667,0.005,0.0036514837167011074,Asn,Gly,0.7885,0.21293187486455223,0.9743333333333334,0.048725535171794454,0.9893333333333333,0.10474816360098052,0.6236666666666667,0.05742105691972048,0.163,0.007801709214439278,0.0785,0.024044056784716394,0.35683333333333334,0.05978038511455447,0.9743333333333334,0.048725535171794454,0.0785,0.024044056784716394
Asn + Gly,Ec,R+S,Asn,Gly,R,S,0.012166666666666668,0.0022864334186190024,R,0.011833333333333335,0.002212339134139349,S,0.011333333333333334,0.0020439612955674524,0.02316666666666667,0.005,0.0037815340802378077,Asn,Gly,0.7885,0.21293187486455223,0.9743333333333334,0.048725535171794454,0.9893333333333333,0.10474816360098052,0.6236666666666667,0.05742105691972048,0.163,0.007801709214439278,0.0785,0.024044056784716394,0.35683333333333334,0.05978038511455447,0.6236666666666667,0.05742105691972048,0.0785,0.024044056784716394
Asn + Gly,Ec,S+S,Asn,Gly,S,S,0.011333333333333334,0.0020439612955674524,S,0.011333333333333334,0.0020439612955674524,S,0.011333333333333334,0.0020439612955674524,0.02266666666666667,0.005,0.003540244812627135,Asn,Gly,0.7885,0.21293187486455223,0.9743333333333334,0.048725535171794454,0.9893333333333333,0.10474816360098052,0.6236666666666667,0.05742105691972048,0.163,0.007801709214439278,0.0785,0.024044056784716394,0.35683333333333334,0.05978038511455447,0.0785,0.024044056784716394,0.0785,0.024044056784716394
Asn + Gly,Ec,WT+WT,Asn,Gly,WT,WT,0.7885,0.21293187486455223,,,,,,,,0.7885,0.0,Asn,Gly,0.7885,0.21293187486455223,0.9743333333333334,0.048725535171794454,0.9893333333333333,0.10474816360098052,0.6236666666666667,0.05742105691972048,0.163,0.007801709214439278,0.0785,0.024044056784716394,0.35683333333333334,0.05978038511455447,0.7885,0.21293187486455223,0.7885,0.21293187486455223
Asn + NoC,Bs,C+C,Asn,NoC,C,C,0.0135,0.004318564576337837,C,0.0135,0.004318564576337837,C,0.0135,0.004318564576337837,0.027,0.005,0.007479973261984297,Asn,NoC,0.11416666666666665,0.03075973197398038,0.0815,0.004971585930733438,0.072,0.01422204861005146,0.052333333333333336,0.00970795778958914,0.1985,0.07390523211067897,0.0405,0.0036583238420529866,0.09733333333333334,0.015753659186924725,0.1985,0.07390523211067897,0.1985,0.07390523211067897
Asn + NoC,Bs,F+C,Asn,NoC,F,C,0.030166666666666665,0.0012494443209327543,F,0.014,0.0034641016151377543,C,0.0135,0.004318564576337837,0.0275,0.005,0.005675483337224338,Asn,NoC,0.11416666666666665,0.03075973197398038,0.0815,0.004971585930733438,0.072,0.01422204861005146,0.052333333333333336,0.00970795778958914,0.1985,0.07390523211067897,0.0405,0.0036583238420529866,0.09733333333333334,0.015753659186924725,0.1985,0.07390523211067897,0.072,0.01422204861005146
Asn + NoC,Bs,M+C,Asn,NoC,M,C,0.019,0.005882176467941097,M,0.019666666666666666,0.011155467020454338,C,0.0135,0.004318564576337837,0.033166666666666664,0.005,0.013330207967036538,Asn,NoC,0.11416666666666665,0.03075973197398038,0.0815,0.004971585930733438,0.072,0.01422204861005146,0.052333333333333336,0.00970795778958914,0.1985,0.07390523211067897,0.0405,0.0036583238420529866,0.09733333333333334,0.015753659186924725,0.1985,0.07390523211067897,0.0815,0.004971585930733438
Asn + NoC,Bs,R+C,Asn,NoC,R,C,0.04650000000000001,0.003334166562526034,R,0.018833333333333334,0.007542840608447486,C,0.0135,0.004318564576337837,0.03233333333333333,0.014166666666666675,0.009309194976533208,Asn,NoC,0.11416666666666665,0.03075973197398038,0.0815,0.004971585930733438,0.072,0.01422204861005146,0.052333333333333336,0.00970795778958914,0.1985,0.07390523211067897,0.0405,0.0036583238420529866,0.09733333333333334,0.015753659186924725,0.1985,0.07390523211067897,0.052333333333333336,0.00970795778958914
Asn + NoC,Bs,F+F,Asn,NoC,F,F,0.014,0.0034641016151377543,F,0.014,0.0034641016151377543,F,0.014,0.0034641016151377543,0.028,0.005,0.005999999999999999,Asn,NoC,0.11416666666666665,0.03075973197398038,0.0815,0.004971585930733438,0.072,0.01422204861005146,0.052333333333333336,0.00970795778958914,0.1985,0.07390523211067897,0.0405,0.0036583238420529866,0.09733333333333334,0.015753659186924725,0.072,0.01422204861005146,0.072,0.01422204861005146
Asn + NoC,Bs,M+F,Asn,NoC,M,F,0.04066666666666666,0.004977728174356026,M,0.019666666666666666,0.011155467020454338,F,0.014,0.0034641016151377543,0.033666666666666664,0.006999999999999999,0.012697331303160603,Asn,NoC,0.11416666666666665,0.03075973197398038,0.0815,0.004971585930733438,0.072,0.01422204861005146,0.052333333333333336,0.00970795778958914,0.1985,0.07390523211067897,0.0405,0.0036583238420529866,0.09733333333333334,0.015753659186924725,0.0815,0.004971585930733438,0.072,0.01422204861005146
Asn + NoC,Bs,C+L,Asn,NoC,C,L,0.0155,0.00524563310446572,C,0.0135,0.004318564576337837,L,0.007833333333333333,0.0017966017304282486,0.021333333333333333,0.005,0.007028118129659209,Asn,NoC,0.11416666666666665,0.03075973197398038,0.0815,0.004971585930733438,0.072,0.01422204861005146,0.052333333333333336,0.00970795778958914,0.1985,0.07390523211067897,0.0405,0.0036583238420529866,0.09733333333333334,0.015753659186924725,0.1985,0.07390523211067897,0.09733333333333334,0.015753659186924725
Asn + NoC,Bs,F+L,Asn,NoC,F,L,0.03833333333333334,0.005383101130183027,F,0.014,0.0034641016151377543,L,0.007833333333333333,0.0017966017304282486,0.021833333333333333,0.016500000000000004,0.006648725859558022,Asn,NoC,0.11416666666666665,0.03075973197398038,0.0815,0.004971585930733438,0.072,0.01422204861005146,0.052333333333333336,0.00970795778958914,0.1985,0.07390523211067897,0.0405,0.0036583238420529866,0.09733333333333334,0.015753659186924725,0.09733333333333334,0.015753659186924725,0.072,0.01422204861005146
Asn + NoC,Bs,L+L,Asn,NoC,L,L,0.007833333333333333,0.0017966017304282486,L,0.007833333333333333,0.0017966017304282486,L,0.007833333333333333,0.0017966017304282486,0.015666666666666666,0.005,0.0031118054780678904,Asn,NoC,0.11416666666666665,0.03075973197398038,0.0815,0.004971585930733438,0.072,0.01422204861005146,0.052333333333333336,0.00970795778958914,0.1985,0.07390523211067897,0.0405,0.0036583238420529866,0.09733333333333334,0.015753659186924725,0.09733333333333334,0.015753659186924725,0.09733333333333334,0.015753659186924725
Asn + NoC,Bs,M+L,Asn,NoC,M,L,0.050333333333333334,0.0066365988611972355,M,0.019666666666666666,0.011155467020454338,L,0.007833333333333333,0.0017966017304282486,0.027499999999999997,0.022833333333333337,0.01310407061438035,Asn,NoC,0.11416666666666665,0.03075973197398038,0.0815,0.004971585930733438,0.072,0.01422204861005146,0.052333333333333336,0.00970795778958914,0.1985,0.07390523211067897,0.0405,0.0036583238420529866,0.09733333333333334,0.015753659186924725,0.09733333333333334,0.015753659186924725,0.0815,0.004971585930733438
Asn + NoC,Bs,R+L,Asn,NoC,R,L,0.07633333333333332,0.012300858145312916,R,0.018833333333333334,0.007542840608447486,L,0.007833333333333333,0.0017966017304282486,0.026666666666666665,0.04966666666666666,0.01454074734438823,Asn,NoC,0.11416666666666665,0.03075973197398038,0.0815,0.004971585930733438,0.072,0.01422204861005146,0.052333333333333336,0.00970795778958914,0.1985,0.07390523211067897,0.0405,0.0036583238420529866,0.09733333333333334,0.015753659186924725,0.09733333333333334,0.015753659186924725,0.052333333333333336,0.00970795778958914
Asn + NoC,Bs,S+L,Asn,NoC,S,L,0.008666666666666666,0.0011737877907772672,S,0.008666666666666668,0.0036666666666666666,L,0.007833333333333333,0.0017966017304282486,0.0165,0.005,0.0042485291572496005,Asn,NoC,0.11416666666666665,0.03075973197398038,0.0815,0.004971585930733438,0.072,0.01422204861005146,0.052333333333333336,0.00970795778958914,0.1985,0.07390523211067897,0.0405,0.0036583238420529866,0.09733333333333334,0.015753659186924725,0.09733333333333334,0.015753659186924725,0.0405,0.0036583238420529866
Asn + NoC,Bs,M+M,Asn,NoC,M,M,0.019666666666666666,0.011155467020454338,M,0.019666666666666666,0.011155467020454338,M,0.019666666666666666,0.011155467020454338,0.03933333333333333,0.005,0.019321835661585914,Asn,NoC,0.11416666666666665,0.03075973197398038,0.0815,0.004971585930733438,0.072,0.01422204861005146,0.052333333333333336,0.00970795778958914,0.1985,0.07390523211067897,0.0405,0.0036583238420529866,0.09733333333333334,0.015753659186924725,0.0815,0.004971585930733438,0.0815,0.004971585930733438
Asn + NoC,Bs,F+R,Asn,NoC,F,R,0.077,0.010636415436289301,F,0.014,0.0034641016151377543,R,0.018833333333333334,0.007542840608447486,0.03283333333333333,0.04416666666666667,0.013491767036892454,Asn,NoC,0.11416666666666665,0.03075973197398038,0.0815,0.004971585930733438,0.072,0.01422204861005146,0.052333333333333336,0.00970795778958914,0.1985,0.07390523211067897,0.0405,0.0036583238420529866,0.09733333333333334,0.015753659186924725,0.072,0.01422204861005146,0.052333333333333336,0.00970795778958914
Asn + NoC,Bs,M+R,Asn,NoC,M,R,0.08566666666666667,0.006108282173501082,M,0.019666666666666666,0.011155467020454338,R,0.018833333333333334,0.007542840608447486,0.0385,0.04716666666666667,0.014786818454285559,Asn,NoC,0.11416666666666665,0.03075973197398038,0.0815,0.004971585930733438,0.072,0.01422204861005146,0.052333333333333336,0.00970795778958914,0.1985,0.07390523211067897,0.0405,0.0036583238420529866,0.09733333333333334,0.015753659186924725,0.0815,0.004971585930733438,0.052333333333333336,0.00970795778958914
Asn + NoC,Bs,R+R,Asn,NoC,R,R,0.018833333333333334,0.007542840608447486,R,0.018833333333333334,0.007542840608447486,R,0.018833333333333334,0.007542840608447486,0.03766666666666667,0.005,0.01306458316722479,Asn,NoC,0.11416666666666665,0.03075973197398038,0.0815,0.004971585930733438,0.072,0.01422204861005146,0.052333333333333336,0.00970795778958914,0.1985,0.07390523211067897,0.0405,0.0036583238420529866,0.09733333333333334,0.015753659186924725,0.052333333333333336,0.00970795778958914,0.052333333333333336,0.00970795778958914
Asn + NoC,Bs,C+S,Asn,NoC,C,S,0.008,0.0012110601416389962,C,0.0135,0.004318564576337837,S,0.008666666666666668,0.0036666666666666666,0.022166666666666668,0.005,0.005793195241929199,Asn,NoC,0.11416666666666665,0.03075973197398038,0.0815,0.004971585930733438,0.072,0.01422204861005146,0.052333333333333336,0.00970795778958914,0.1985,0.07390523211067897,0.0405,0.0036583238420529866,0.09733333333333334,0.015753659186924725,0.1985,0.07390523211067897,0.0405,0.0036583238420529866
Asn + NoC,Bs,F+S,Asn,NoC,F,S,0.030833333333333334,0.006405292950191879,F,0.014,0.0034641016151377543,S,0.008666666666666668,0.0036666666666666666,0.02266666666666667,0.008166666666666666,0.00815304987242334,Asn,NoC,0.11416666666666665,0.03075973197398038,0.0815,0.004971585930733438,0.072,0.01422204861005146,0.052333333333333336,0.00970795778958914,0.1985,0.07390523211067897,0.0405,0.0036583238420529866,0.09733333333333334,0.015753659186924725,0.072,0.01422204861005146,0.0405,0.0036583238420529866
Asn + NoC,Bs,M+S,Asn,NoC,M,S,0.015833333333333335,0.001851425876933175,M,0.019666666666666666,0.011155467020454338,S,0.008666666666666668,0.0036666666666666666,0.028333333333333335,0.005,0.011887668680892255,Asn,NoC,0.11416666666666665,0.03075973197398038,0.0815,0.004971585930733438,0.072,0.01422204861005146,0.052333333333333336,0.00970795778958914,0.1985,0.07390523211067897,0.0405,0.0036583238420529866,0.09733333333333334,0.015753659186924725,0.0815,0.004971585930733438,0.0405,0.0036583238420529866
Asn + NoC,Bs,R+S,Asn,NoC,R,S,0.0705,0.010294820704282972,R,0.018833333333333334,0.007542840608447486,S,0.008666666666666668,0.0036666666666666666,0.027500000000000004,0.04299999999999999,0.013278637815010328,Asn,NoC,0.11416666666666665,0.03075973197398038,0.0815,0.004971585930733438,0.072,0.01422204861005146,0.052333333333333336,0.00970795778958914,0.1985,0.07390523211067897,0.0405,0.0036583238420529866,0.09733333333333334,0.015753659186924725,0.052333333333333336,0.00970795778958914,0.0405,0.0036583238420529866
Asn + NoC,Bs,S+S,Asn,NoC,S,S,0.008666666666666668,0.0036666666666666666,S,0.008666666666666668,0.0036666666666666666,S,0.008666666666666668,0.0036666666666666666,0.017333333333333336,0.005,0.006350852961085883,Asn,NoC,0.11416666666666665,0.03075973197398038,0.0815,0.004971585930733438,0.072,0.01422204861005146,0.052333333333333336,0.00970795778958914,0.1985,0.07390523211067897,0.0405,0.0036583238420529866,0.09733333333333334,0.015753659186924725,0.0405,0.0036583238420529866,0.0405,0.0036583238420529866
Asn + NoC,Bs,WT+WT,Asn,NoC,WT,WT,0.11416666666666665,0.03075973197398038,,,,,,,,0.11416666666666665,0.0,Asn,NoC,0.11416666666666665,0.03075973197398038,0.0815,0.004971585930733438,0.072,0.01422204861005146,0.052333333333333336,0.00970795778958914,0.1985,0.07390523211067897,0.0405,0.0036583238420529866,0.09733333333333334,0.015753659186924725,0.11416666666666665,0.03075973197398038,0.11416666666666665,0.03075973197398038
Asn + NoC,Ec,C+C,Asn,NoC,C,C,0.016,0.0035023801430836524,C,0.016,0.0035023801430836524,C,0.016,0.0035023801430836524,0.032,0.005,0.00606630035524124,Asn,NoC,0.08849999999999998,0.01502165104108067,0.11183333333333334,0.03588631741733579,0.09700000000000002,0.017591664692878463,0.078,0.016558985476169727,0.06516666666666666,0.0039447574210730784,0.036333333333333336,0.004630814663149936,0.10666666666666667,0.0368217930639512,0.06516666666666666,0.0039447574210730784,0.06516666666666666,0.0039447574210730784
Asn + NoC,Ec,F+C,Asn,NoC,F,C,0.034333333333333334,0.004005551702879947,F,0.016166666666666666,0.004331409829502527,C,0.016,0.0035023801430836524,0.03216666666666666,0.005,0.006860919925361483,Asn,NoC,0.08849999999999998,0.01502165104108067,0.11183333333333334,0.03588631741733579,0.09700000000000002,0.017591664692878463,0.078,0.016558985476169727,0.06516666666666666,0.0039447574210730784,0.036333333333333336,0.004630814663149936,0.10666666666666667,0.0368217930639512,0.09700000000000002,0.017591664692878463,0.06516666666666666,0.0039447574210730784
Asn + NoC,Ec,M+C,Asn,NoC,M,C,0.0165,0.0037036018504513508,M,0.015833333333333335,0.003995135931493585,C,0.016,0.0035023801430836524,0.03183333333333334,0.005,0.0064764530759084836,Asn,NoC,0.08849999999999998,0.01502165104108067,0.11183333333333334,0.03588631741733579,0.09700000000000002,0.017591664692878463,0.078,0.016558985476169727,0.06516666666666666,0.0039447574210730784,0.036333333333333336,0.004630814663149936,0.10666666666666667,0.0368217930639512,0.11183333333333334,0.03588631741733579,0.06516666666666666,0.0039447574210730784
Asn + NoC,Ec,R+C,Asn,NoC,R,C,0.017,0.003907258203224694,R,0.015333333333333332,0.003852848873813304,C,0.016,0.0035023801430836524,0.03133333333333333,0.005,0.006509821639475061,Asn,NoC,0.08849999999999998,0.01502165104108067,0.11183333333333334,0.03588631741733579,0.09700000000000002,0.017591664692878463,0.078,0.016558985476169727,0.06516666666666666,0.0039447574210730784,0.036333333333333336,0.004630814663149936,0.10666666666666667,0.0368217930639512,0.078,0.016558985476169727,0.06516666666666666,0.0039447574210730784
Asn + NoC,Ec,F+F,Asn,NoC,F,F,0.016166666666666666,0.004331409829502527,F,0.016166666666666666,0.004331409829502527,F,0.016166666666666666,0.004331409829502527,0.03233333333333333,0.005,0.0075022218931016255,Asn,NoC,0.08849999999999998,0.01502165104108067,0.11183333333333334,0.03588631741733579,0.09700000000000002,0.017591664692878463,0.078,0.016558985476169727,0.06516666666666666,0.0039447574210730784,0.036333333333333336,0.004630814663149936,0.10666666666666667,0.0368217930639512,0.09700000000000002,0.017591664692878463,0.09700000000000002,0.017591664692878463
Asn + NoC,Ec,M+F,Asn,NoC,M,F,0.04066666666666666,0.008456424250894176,M,0.015833333333333335,0.003995135931493585,F,0.016166666666666666,0.004331409829502527,0.032,0.008666666666666663,0.010306955580254207,Asn,NoC,0.08849999999999998,0.01502165104108067,0.11183333333333334,0.03588631741733579,0.09700000000000002,0.017591664692878463,0.078,0.016558985476169727,0.06516666666666666,0.0039447574210730784,0.036333333333333336,0.004630814663149936,0.10666666666666667,0.0368217930639512,0.11183333333333334,0.03588631741733579,0.09700000000000002,0.017591664692878463
Asn + NoC,Ec,C+L,Asn,NoC,C,L,0.0155,0.003324154027718933,C,0.016,0.0035023801430836524,L,0.014833333333333332,0.0031876497786160747,0.03083333333333333,0.005,0.005785998425317603,Asn,NoC,0.08849999999999998,0.01502165104108067,0.11183333333333334,0.03588631741733579,0.09700000000000002,0.017591664692878463,0.078,0.016558985476169727,0.06516666666666666,0.0039447574210730784,0.036333333333333336,0.004630814663149936,0.10666666666666667,0.0368217930639512,0.10666666666666667,0.0368217930639512,0.06516666666666666,0.0039447574210730784
Asn + NoC,Ec,F+L,Asn,NoC,F,L,0.04766666666666667,0.006955413559075965,F,0.016166666666666666,0.004331409829502527,L,0.014833333333333332,0.0031876497786160747,0.031,0.01666666666666667,0.008792041856133307,Asn,NoC,0.08849999999999998,0.01502165104108067,0.11183333333333334,0.03588631741733579,0.09700000000000002,0.017591664692878463,0.078,0.016558985476169727,0.06516666666666666,0.0039447574210730784,0.036333333333333336,0.004630814663149936,0.10666666666666667,0.0368217930639512,0.10666666666666667,0.0368217930639512,0.09700000000000002,0.017591664692878463
Asn + NoC,Ec,L+L,Asn,NoC,L,L,0.014833333333333332,0.0031876497786160747,L,0.014833333333333332,0.0031876497786160747,L,0.014833333333333332,0.0031876497786160747,0.029666666666666664,0.005,0.005521171373298725,Asn,NoC,0.08849999999999998,0.01502165104108067,0.11183333333333334,0.03588631741733579,0.09700000000000002,0.017591664692878463,0.078,0.016558985476169727,0.06516666666666666,0.0039447574210730784,0.036333333333333336,0.004630814663149936,0.10666666666666667,0.0368217930639512,0.10666666666666667,0.0368217930639512,0.10666666666666667,0.0368217930639512
Asn + NoC,Ec,M+L,Asn,NoC,M,L,0.0295,0.005110446816733999,M,0.015833333333333335,0.003995135931493585,L,0.014833333333333332,0.0031876497786160747,0.03066666666666667,0.005,0.007227647534909881,Asn,NoC,0.08849999999999998,0.01502165104108067,0.11183333333333334,0.03588631741733579,0.09700000000000002,0.017591664692878463,0.078,0.016558985476169727,0.06516666666666666,0.0039447574210730784,0.036333333333333336,0.004630814663149936,0.10666666666666667,0.0368217930639512,0.11183333333333334,0.03588631741733579,0.10666666666666667,0.0368217930639512
Asn + NoC,Ec,R+L,Asn,NoC,R,L,0.017333333333333336,0.0052068331172711035,R,0.015333333333333332,0.003852848873813304,L,0.014833333333333332,0.0031876497786160747,0.030166666666666665,0.005,0.007219187396561103,Asn,NoC,0.08849999999999998,0.01502165104108067,0.11183333333333334,0.03588631741733579,0.09700000000000002,0.017591664692878463,0.078,0.016558985476169727,0.06516666666666666,0.0039447574210730784,0.036333333333333336,0.004630814663149936,0.10666666666666667,0.0368217930639512,0.10666666666666667,0.0368217930639512,0.078,0.016558985476169727
Asn + NoC,Ec,S+L,Asn,NoC,S,L,0.0155,0.0034809002666934693,S,0.016333333333333335,0.0036117093521550766,L,0.014833333333333332,0.0031876497786160747,0.03116666666666667,0.005,0.005943250139630859,Asn,NoC,0.08849999999999998,0.01502165104108067,0.11183333333333334,0.03588631741733579,0.09700000000000002,0.017591664692878463,0.078,0.016558985476169727,0.06516666666666666,0.0039447574210730784,0.036333333333333336,0.004630814663149936,0.10666666666666667,0.0368217930639512,0.10666666666666667,0.0368217930639512,0.036333333333333336,0.004630814663149936
Asn + NoC,Ec,M+M,Asn,NoC,M,M,0.015833333333333335,0.003995135931493585,M,0.015833333333333335,0.003995135931493585,M,0.015833333333333335,0.003995135931493585,0.03166666666666667,0.005,0.006919778416490902,Asn,NoC,0.08849999999999998,0.01502165104108067,0.11183333333333334,0.03588631741733579,0.09700000000000002,0.017591664692878463,0.078,0.016558985476169727,0.06516666666666666,0.0039447574210730784,0.036333333333333336,0.004630814663149936,0.10666666666666667,0.0368217930639512,0.11183333333333334,0.03588631741733579,0.11183333333333334,0.03588631741733579
Asn + NoC,Ec,F+R,Asn,NoC,F,R,0.05533333333333334,0.006721441644303531,F,0.016166666666666666,0.004331409829502527,R,0.015333333333333332,0.003852848873813304,0.0315,0.02383333333333334,0.00887599759651462,Asn,NoC,0.08849999999999998,0.01502165104108067,0.11183333333333334,0.03588631741733579,0.09700000000000002,0.017591664692878463,0.078,0.016558985476169727,0.06516666666666666,0.0039447574210730784,0.036333333333333336,0.004630814663149936,0.10666666666666667,0.0368217930639512,0.09700000000000002,0.017591664692878463,0.078,0.016558985476169727
Asn + NoC,Ec,M+R,Asn,NoC,M,R,0.04833333333333333,0.0031587620641285686,M,0.015833333333333335,0.003995135931493585,R,0.015333333333333332,0.003852848873813304,0.03116666666666667,0.017166666666666663,0.006386183001866869,Asn,NoC,0.08849999999999998,0.01502165104108067,0.11183333333333334,0.03588631741733579,0.09700000000000002,0.017591664692878463,0.078,0.016558985476169727,0.06516666666666666,0.0039447574210730784,0.036333333333333336,0.004630814663149936,0.10666666666666667,0.0368217930639512,0.11183333333333334,0.03588631741733579,0.078,0.016558985476169727
Asn + NoC,Ec,R+R,Asn,NoC,R,R,0.015333333333333332,0.003852848873813304,R,0.015333333333333332,0.003852848873813304,R,0.015333333333333332,0.003852848873813304,0.030666666666666665,0.005,0.006673330003329173,Asn,NoC,0.08849999999999998,0.01502165104108067,0.11183333333333334,0.03588631741733579,0.09700000000000002,0.017591664692878463,0.078,0.016558985476169727,0.06516666666666666,0.0039447574210730784,0.036333333333333336,0.004630814663149936,0.10666666666666667,0.0368217930639512,0.078,0.016558985476169727,0.078,0.016558985476169727
Asn + NoC,Ec,C+S,Asn,NoC,C,S,0.015,0.0034928498393145962,C,0.016,0.0035023801430836524,S,0.016333333333333335,0.0036117093521550766,0.03233333333333334,0.005,0.006124631508189787,Asn,NoC,0.08849999999999998,0.01502165104108067,0.11183333333333334,0.03588631741733579,0.09700000000000002,0.017591664692878463,0.078,0.016558985476169727,0.06516666666666666,0.0039447574210730784,0.036333333333333336,0.004630814663149936,0.10666666666666667,0.0368217930639512,0.06516666666666666,0.0039447574210730784,0.036333333333333336,0.004630814663149936
Asn + NoC,Ec,F+S,Asn,NoC,F,S,0.0385,0.008170067319184097,F,0.016166666666666666,0.004331409829502527,S,0.016333333333333335,0.0036117093521550766,0.0325,0.005999999999999998,0.009927515074556954,Asn,NoC,0.08849999999999998,0.01502165104108067,0.11183333333333334,0.03588631741733579,0.09700000000000002,0.017591664692878463,0.078,0.016558985476169727,0.06516666666666666,0.0039447574210730784,0.036333333333333336,0.004630814663149936,0.10666666666666667,0.0368217930639512,0.09700000000000002,0.017591664692878463,0.036333333333333336,0.004630814663149936
Asn + NoC,Ec,M+S,Asn,NoC,M,S,0.022166666666666668,0.003134928671880395,M,0.015833333333333335,0.003995135931493585,S,0.016333333333333335,0.0036117093521550766,0.03216666666666667,0.005,0.006231639698613306,Asn,NoC,0.08849999999999998,0.01502165104108067,0.11183333333333334,0.03588631741733579,0.09700000000000002,0.017591664692878463,0.078,0.016558985476169727,0.06516666666666666,0.0039447574210730784,0.036333333333333336,0.004630814663149936,0.10666666666666667,0.0368217930639512,0.11183333333333334,0.03588631741733579,0.036333333333333336,0.004630814663149936
Asn + NoC,Ec,R+S,Asn,NoC,R,S,0.021,0.0032659863237109047,R,0.015333333333333332,0.003852848873813304,S,0.016333333333333335,0.0036117093521550766,0.03166666666666667,0.005,0.0062093120033990526,Asn,NoC,0.08849999999999998,0.01502165104108067,0.11183333333333334,0.03588631741733579,0.09700000000000002,0.017591664692878463,0.078,0.016558985476169727,0.06516666666666666,0.0039447574210730784,0.036333333333333336,0.004630814663149936,0.10666666666666667,0.0368217930639512,0.078,0.016558985476169727,0.036333333333333336,0.004630814663149936
Asn + NoC,Ec,S+S,Asn,NoC,S,S,0.016333333333333335,0.0036117093521550766,S,0.016333333333333335,0.0036117093521550766,S,0.016333333333333335,0.0036117093521550766,0.03266666666666667,0.005,0.006255664100104267,Asn,NoC,0.08849999999999998,0.01502165104108067,0.11183333333333334,0.03588631741733579,0.09700000000000002,0.017591664692878463,0.078,0.016558985476169727,0.06516666666666666,0.0039447574210730784,0.036333333333333336,0.004630814663149936,0.10666666666666667,0.0368217930639512,0.036333333333333336,0.004630814663149936,0.036333333333333336,0.004630814663149936
Asn + NoC,Ec,WT+WT,Asn,NoC,WT,WT,0.08849999999999998,0.01502165104108067,,,,,,,,0.08849999999999998,0.0,Asn,NoC,0.08849999999999998,0.01502165104108067,0.11183333333333334,0.03588631741733579,0.09700000000000002,0.017591664692878463,0.078,0.016558985476169727,0.06516666666666666,0.0039447574210730784,0.036333333333333336,0.004630814663149936,0.10666666666666667,0.0368217930639512,0.08849999999999998,0.01502165104108067,0.08849999999999998,0.01502165104108067
Asp + Fum,Bs,C+C,Asp,Fum,C,C,0.0055000000000000005,0.0003415650255319866,C,0.0055000000000000005,0.0003415650255319866,C,0.0055000000000000005,0.0003415650255319866,0.011000000000000001,0.005,0.0005916079783099616,Asp,Fum,0.08366666666666667,0.004286931044206072,0.06416666666666666,0.004277200538254484,0.042166666666666665,0.00293730791334136,0.0355,0.0021095023109728986,0.08650000000000001,0.0034326860231214482,0.04466666666666667,0.013250576507374226,0.0775,0.0018752777572046942,0.08650000000000001,0.0034326860231214482,0.08650000000000001,0.0034326860231214482
Asp + Fum,Bs,F+C,Asp,Fum,F,C,0.0295,0.00214087209644419,F,0.015833333333333335,0.0026002136664341857,C,0.0055000000000000005,0.0003415650255319866,0.021333333333333336,0.008166666666666662,0.003385426282037628,Asp,Fum,0.08366666666666667,0.004286931044206072,0.06416666666666666,0.004277200538254484,0.042166666666666665,0.00293730791334136,0.0355,0.0021095023109728986,0.08650000000000001,0.0034326860231214482,0.04466666666666667,0.013250576507374226,0.0775,0.0018752777572046942,0.08650000000000001,0.0034326860231214482,0.042166666666666665,0.00293730791334136
Asp + Fum,Bs,M+C,Asp,Fum,M,C,0.0175,0.0019278658321228341,M,0.006666666666666667,0.0010540925533894597,C,0.0055000000000000005,0.0003415650255319866,0.012166666666666668,0.005333333333333334,0.002223610677354389,Asp,Fum,0.08366666666666667,0.004286931044206072,0.06416666666666666,0.004277200538254484,0.042166666666666665,0.00293730791334136,0.0355,0.0021095023109728986,0.08650000000000001,0.0034326860231214482,0.04466666666666667,0.013250576507374226,0.0775,0.0018752777572046942,0.08650000000000001,0.0034326860231214482,0.06416666666666666,0.004277200538254484
Asp + Fum,Bs,R+C,Asp,Fum,R,C,0.06666666666666667,0.025760003450655395,R,0.009666666666666665,0.0017061978522759636,C,0.0055000000000000005,0.0003415650255319866,0.015166666666666665,0.051500000000000004,0.025818705536017013,Asp,Fum,0.08366666666666667,0.004286931044206072,0.06416666666666666,0.004277200538254484,0.042166666666666665,0.00293730791334136,0.0355,0.0021095023109728986,0.08650000000000001,0.0034326860231214482,0.04466666666666667,0.013250576507374226,0.0775,0.0018752777572046942,0.08650000000000001,0.0034326860231214482,0.0355,0.0021095023109728986
Asp + Fum,Bs,F+F,Asp,Fum,F,F,0.015833333333333335,0.0026002136664341857,F,0.015833333333333335,0.0026002136664341857,F,0.015833333333333335,0.0026002136664341857,0.03166666666666667,0.005,0.004503702180798963,Asp,Fum,0.08366666666666667,0.004286931044206072,0.06416666666666666,0.004277200538254484,0.042166666666666665,0.00293730791334136,0.0355,0.0021095023109728986,0.08650000000000001,0.0034326860231214482,0.04466666666666667,0.013250576507374226,0.0775,0.0018752777572046942,0.042166666666666665,0.00293730791334136,0.042166666666666665,0.00293730791334136
Asp + Fum,Bs,M+F,Asp,Fum,M,F,0.041666666666666664,0.009837569708915804,M,0.006666666666666667,0.0010540925533894597,F,0.015833333333333335,0.0026002136664341857,0.022500000000000003,0.01916666666666666,0.01022985825903761,Asp,Fum,0.08366666666666667,0.004286931044206072,0.06416666666666666,0.004277200538254484,0.042166666666666665,0.00293730791334136,0.0355,0.0021095023109728986,0.08650000000000001,0.0034326860231214482,0.04466666666666667,0.013250576507374226,0.0775,0.0018752777572046942,0.06416666666666666,0.004277200538254484,0.042166666666666665,0.00293730791334136
Asp + Fum,Bs,C+L,Asp,Fum,C,L,0.012666666666666666,0.002616188916046478,C,0.0055000000000000005,0.0003415650255319866,L,0.005333333333333333,0.0003333333333333334,0.010833333333333334,0.005,0.002659365003571759,Asp,Fum,0.08366666666666667,0.004286931044206072,0.06416666666666666,0.004277200538254484,0.042166666666666665,0.00293730791334136,0.0355,0.0021095023109728986,0.08650000000000001,0.0034326860231214482,0.04466666666666667,0.013250576507374226,0.0775,0.0018752777572046942,0.08650000000000001,0.0034326860231214482,0.0775,0.0018752777572046942
Asp + Fum,Bs,F+L,Asp,Fum,F,L,0.039,0.0038643671323171837,F,0.015833333333333335,0.0026002136664341857,L,0.005333333333333333,0.0003333333333333334,0.021166666666666667,0.017833333333333333,0.0046696419087073,Asp,Fum,0.08366666666666667,0.004286931044206072,0.06416666666666666,0.004277200538254484,0.042166666666666665,0.00293730791334136,0.0355,0.0021095023109728986,0.08650000000000001,0.0034326860231214482,0.04466666666666667,0.013250576507374226,0.0775,0.0018752777572046942,0.0775,0.0018752777572046942,0.042166666666666665,0.00293730791334136
Asp + Fum,Bs,L+L,Asp,Fum,L,L,0.005333333333333333,0.0003333333333333334,L,0.005333333333333333,0.0003333333333333334,L,0.005333333333333333,0.0003333333333333334,0.010666666666666666,0.005,0.0005773502691896258,Asp,Fum,0.08366666666666667,0.004286931044206072,0.06416666666666666,0.004277200538254484,0.042166666666666665,0.00293730791334136,0.0355,0.0021095023109728986,0.08650000000000001,0.0034326860231214482,0.04466666666666667,0.013250576507374226,0.0775,0.0018752777572046942,0.0775,0.0018752777572046942,0.0775,0.0018752777572046942
Asp + Fum,Bs,M+L,Asp,Fum,M,L,0.063,0.008103497187428813,M,0.006666666666666667,0.0010540925533894597,L,0.005333333333333333,0.0003333333333333334,0.012,0.051000000000000004,0.008178562764256866,Asp,Fum,0.08366666666666667,0.004286931044206072,0.06416666666666666,0.004277200538254484,0.042166666666666665,0.00293730791334136,0.0355,0.0021095023109728986,0.08650000000000001,0.0034326860231214482,0.04466666666666667,0.013250576507374226,0.0775,0.0018752777572046942,0.0775,0.0018752777572046942,0.06416666666666666,0.004277200538254484
Asp + Fum,Bs,R+L,Asp,Fum,R,L,0.0775,0.0029972209350218643,R,0.009666666666666665,0.0017061978522759636,L,0.005333333333333333,0.0003333333333333334,0.015,0.0625,0.0034649033977234575,Asp,Fum,0.08366666666666667,0.004286931044206072,0.06416666666666666,0.004277200538254484,0.042166666666666665,0.00293730791334136,0.0355,0.0021095023109728986,0.08650000000000001,0.0034326860231214482,0.04466666666666667,0.013250576507374226,0.0775,0.0018752777572046942,0.0775,0.0018752777572046942,0.0355,0.0021095023109728986
Asp + Fum,Bs,S+L,Asp,Fum,S,L,0.011666666666666665,0.0021395742047841614,S,0.005,0.0,L,0.005333333333333333,0.0003333333333333334,0.010333333333333333,0.005,0.002165384235854895,Asp,Fum,0.08366666666666667,0.004286931044206072,0.06416666666666666,0.004277200538254484,0.042166666666666665,0.00293730791334136,0.0355,0.0021095023109728986,0.08650000000000001,0.0034326860231214482,0.04466666666666667,0.013250576507374226,0.0775,0.0018752777572046942,0.0775,0.0018752777572046942,0.04466666666666667,0.013250576507374226
Asp + Fum,Bs,M+M,Asp,Fum,M,M,0.006666666666666667,0.0010540925533894597,M,0.006666666666666667,0.0010540925533894597,M,0.006666666666666667,0.0010540925533894597,0.013333333333333334,0.005,0.0018257418583505535,Asp,Fum,0.08366666666666667,0.004286931044206072,0.06416666666666666,0.004277200538254484,0.042166666666666665,0.00293730791334136,0.0355,0.0021095023109728986,0.08650000000000001,0.0034326860231214482,0.04466666666666667,0.013250576507374226,0.0775,0.0018752777572046942,0.06416666666666666,0.004277200538254484,0.06416666666666666,0.004277200538254484
Asp + Fum,Bs,F+R,Asp,Fum,F,R,0.09300000000000001,0.008193493353468551,F,0.015833333333333335,0.0026002136664341857,R,0.009666666666666665,0.0017061978522759636,0.025500000000000002,0.0675,0.00876387788342327,Asp,Fum,0.08366666666666667,0.004286931044206072,0.06416666666666666,0.004277200538254484,0.042166666666666665,0.00293730791334136,0.0355,0.0021095023109728986,0.08650000000000001,0.0034326860231214482,0.04466666666666667,0.013250576507374226,0.0775,0.0018752777572046942,0.042166666666666665,0.00293730791334136,0.0355,0.0021095023109728986
Asp + Fum,Bs,M+R,Asp,Fum,M,R,0.11266666666666668,0.011086528361534606,M,0.006666666666666667,0.0010540925533894597,R,0.009666666666666665,0.0017061978522759636,0.01633333333333333,0.09633333333333335,0.011266469426281393,Asp,Fum,0.08366666666666667,0.004286931044206072,0.06416666666666666,0.004277200538254484,0.042166666666666665,0.00293730791334136,0.0355,0.0021095023109728986,0.08650000000000001,0.0034326860231214482,0.04466666666666667,0.013250576507374226,0.0775,0.0018752777572046942,0.06416666666666666,0.004277200538254484,0.0355,0.0021095023109728986
Asp + Fum,Bs,R+R,Asp,Fum,R,R,0.009666666666666665,0.0017061978522759636,R,0.009666666666666665,0.0017061978522759636,R,0.009666666666666665,0.0017061978522759636,0.01933333333333333,0.005,0.002955221367906867,Asp,Fum,0.08366666666666667,0.004286931044206072,0.06416666666666666,0.004277200538254484,0.042166666666666665,0.00293730791334136,0.0355,0.0021095023109728986,0.08650000000000001,0.0034326860231214482,0.04466666666666667,0.013250576507374226,0.0775,0.0018752777572046942,0.0355,0.0021095023109728986,0.0355,0.0021095023109728986
Asp + Fum,Bs,C+S,Asp,Fum,C,S,0.005,0.0,C,0.0055000000000000005,0.0003415650255319866,S,0.005,0.0,0.0105,0.005,0.0003415650255319866,Asp,Fum,0.08366666666666667,0.004286931044206072,0.06416666666666666,0.004277200538254484,0.042166666666666665,0.00293730791334136,0.0355,0.0021095023109728986,0.08650000000000001,0.0034326860231214482,0.04466666666666667,0.013250576507374226,0.0775,0.0018752777572046942,0.08650000000000001,0.0034326860231214482,0.04466666666666667,0.013250576507374226
Asp + Fum,Bs,F+S,Asp,Fum,F,S,0.0295,0.0016072751268321594,F,0.015833333333333335,0.0026002136664341857,S,0.005,0.0,0.020833333333333336,0.008666666666666663,0.0030568684048294333,Asp,Fum,0.08366666666666667,0.004286931044206072,0.06416666666666666,0.004277200538254484,0.042166666666666665,0.00293730791334136,0.0355,0.0021095023109728986,0.08650000000000001,0.0034326860231214482,0.04466666666666667,0.013250576507374226,0.0775,0.0018752777572046942,0.04466666666666667,0.013250576507374226,0.042166666666666665,0.00293730791334136
Asp + Fum,Bs,M+S,Asp,Fum,M,S,0.041,0.02264950330581225,M,0.006666666666666667,0.0010540925533894597,S,0.005,0.0,0.011666666666666667,0.029333333333333336,0.022674018415603157,Asp,Fum,0.08366666666666667,0.004286931044206072,0.06416666666666666,0.004277200538254484,0.042166666666666665,0.00293730791334136,0.0355,0.0021095023109728986,0.08650000000000001,0.0034326860231214482,0.04466666666666667,0.013250576507374226,0.0775,0.0018752777572046942,0.06416666666666666,0.004277200538254484,0.04466666666666667,0.013250576507374226
Asp + Fum,Bs,R+S,Asp,Fum,R,S,0.13449999999999998,0.018147084246971097,R,0.009666666666666665,0.0017061978522759636,S,0.005,0.0,0.014666666666666665,0.11983333333333332,0.018227116551385127,Asp,Fum,0.08366666666666667,0.004286931044206072,0.06416666666666666,0.004277200538254484,0.042166666666666665,0.00293730791334136,0.0355,0.0021095023109728986,0.08650000000000001,0.0034326860231214482,0.04466666666666667,0.013250576507374226,0.0775,0.0018752777572046942,0.04466666666666667,0.013250576507374226,0.0355,0.0021095023109728986
Asp + Fum,Bs,S+S,Asp,Fum,S,S,0.005,0.0,S,0.005,0.0,S,0.005,0.0,0.01,0.005,0.0,Asp,Fum,0.08366666666666667,0.004286931044206072,0.06416666666666666,0.004277200538254484,0.042166666666666665,0.00293730791334136,0.0355,0.0021095023109728986,0.08650000000000001,0.0034326860231214482,0.04466666666666667,0.013250576507374226,0.0775,0.0018752777572046942,0.04466666666666667,0.013250576507374226,0.04466666666666667,0.013250576507374226
Asp + Fum,Bs,WT+WT,Asp,Fum,WT,WT,0.08366666666666667,0.004286931044206072,,,,,,,,0.08366666666666667,0.0,Asp,Fum,0.08366666666666667,0.004286931044206072,0.06416666666666666,0.004277200538254484,0.042166666666666665,0.00293730791334136,0.0355,0.0021095023109728986,0.08650000000000001,0.0034326860231214482,0.04466666666666667,0.013250576507374226,0.0775,0.0018752777572046942,0.08366666666666667,0.004286931044206072,0.08366666666666667,0.004286931044206072
Asp + Fum,Ec,C+C,Asp,Fum,C,C,0.005,0.0,C,0.005,0.0,C,0.005,0.0,0.01,0.005,0.0,Asp,Fum,0.5178333333333334,0.03020310874360085,0.8115,0.0713478567769675,0.6255000000000001,0.10040808400389548,0.31833333333333336,0.012945183574510546,0.03983333333333333,0.0010137937550497027,0.05333333333333334,0.013872434697789872,0.2828333333333333,0.0664281148644491,0.03983333333333333,0.0010137937550497027,0.03983333333333333,0.0010137937550497027
Asp + Fum,Ec,F+C,Asp,Fum,F,C,0.009166666666666667,0.0010137937550497031,F,0.005666666666666667,0.00033333333333333343,C,0.005,0.0,0.010666666666666668,0.005,0.0010671873729054746,Asp,Fum,0.5178333333333334,0.03020310874360085,0.8115,0.0713478567769675,0.6255000000000001,0.10040808400389548,0.31833333333333336,0.012945183574510546,0.03983333333333333,0.0010137937550497027,0.05333333333333334,0.013872434697789872,0.2828333333333333,0.0664281148644491,0.6255000000000001,0.10040808400389548,0.03983333333333333,0.0010137937550497027
Asp + Fum,Ec,M+C,Asp,Fum,M,C,0.005,0.0,M,0.005,0.0,C,0.005,0.0,0.01,0.005,0.0,Asp,Fum,0.5178333333333334,0.03020310874360085,0.8115,0.0713478567769675,0.6255000000000001,0.10040808400389548,0.31833333333333336,0.012945183574510546,0.03983333333333333,0.0010137937550497027,0.05333333333333334,0.013872434697789872,0.2828333333333333,0.0664281148644491,0.8115,0.0713478567769675,0.03983333333333333,0.0010137937550497027
Asp + Fum,Ec,R+C,Asp,Fum,R,C,0.005,0.0,R,0.005,0.0,C,0.005,0.0,0.01,0.005,0.0,Asp,Fum,0.5178333333333334,0.03020310874360085,0.8115,0.0713478567769675,0.6255000000000001,0.10040808400389548,0.31833333333333336,0.012945183574510546,0.03983333333333333,0.0010137937550497027,0.05333333333333334,0.013872434697789872,0.2828333333333333,0.0664281148644491,0.31833333333333336,0.012945183574510546,0.03983333333333333,0.0010137937550497027
Asp + Fum,Ec,F+F,Asp,Fum,F,F,0.005666666666666667,0.00033333333333333343,F,0.005666666666666667,0.00033333333333333343,F,0.005666666666666667,0.00033333333333333343,0.011333333333333334,0.005,0.0005773502691896259,Asp,Fum,0.5178333333333334,0.03020310874360085,0.8115,0.0713478567769675,0.6255000000000001,0.10040808400389548,0.31833333333333336,0.012945183574510546,0.03983333333333333,0.0010137937550497027,0.05333333333333334,0.013872434697789872,0.2828333333333333,0.0664281148644491,0.6255000000000001,0.10040808400389548,0.6255000000000001,0.10040808400389548
Asp + Fum,Ec,M+F,Asp,Fum,M,F,0.11416666666666668,0.05202782375272336,M,0.005,0.0,F,0.005666666666666667,0.00033333333333333343,0.010666666666666668,0.10350000000000001,0.052028891546481715,Asp,Fum,0.5178333333333334,0.03020310874360085,0.8115,0.0713478567769675,0.6255000000000001,0.10040808400389548,0.31833333333333336,0.012945183574510546,0.03983333333333333,0.0010137937550497027,0.05333333333333334,0.013872434697789872,0.2828333333333333,0.0664281148644491,0.8115,0.0713478567769675,0.6255000000000001,0.10040808400389548
Asp + Fum,Ec,C+L,Asp,Fum,C,L,0.005,0.0,C,0.005,0.0,L,0.005,0.0,0.01,0.005,0.0,Asp,Fum,0.5178333333333334,0.03020310874360085,0.8115,0.0713478567769675,0.6255000000000001,0.10040808400389548,0.31833333333333336,0.012945183574510546,0.03983333333333333,0.0010137937550497027,0.05333333333333334,0.013872434697789872,0.2828333333333333,0.0664281148644491,0.2828333333333333,0.0664281148644491,0.03983333333333333,0.0010137937550497027
Asp + Fum,Ec,F+L,Asp,Fum,F,L,0.016333333333333335,0.0005577733510227169,F,0.005666666666666667,0.00033333333333333343,L,0.005,0.0,0.010666666666666668,0.005666666666666667,0.0006497862896539308,Asp,Fum,0.5178333333333334,0.03020310874360085,0.8115,0.0713478567769675,0.6255000000000001,0.10040808400389548,0.31833333333333336,0.012945183574510546,0.03983333333333333,0.0010137937550497027,0.05333333333333334,0.013872434697789872,0.2828333333333333,0.0664281148644491,0.6255000000000001,0.10040808400389548,0.2828333333333333,0.0664281148644491
Asp + Fum,Ec,L+L,Asp,Fum,L,L,0.005,0.0,L,0.005,0.0,L,0.005,0.0,0.01,0.005,0.0,Asp,Fum,0.5178333333333334,0.03020310874360085,0.8115,0.0713478567769675,0.6255000000000001,0.10040808400389548,0.31833333333333336,0.012945183574510546,0.03983333333333333,0.0010137937550497027,0.05333333333333334,0.013872434697789872,0.2828333333333333,0.0664281148644491,0.2828333333333333,0.0664281148644491,0.2828333333333333,0.0664281148644491
Asp + Fum,Ec,M+L,Asp,Fum,M,L,0.006166666666666667,0.000749073501808141,M,0.005,0.0,L,0.005,0.0,0.01,0.005,0.000749073501808141,Asp,Fum,0.5178333333333334,0.03020310874360085,0.8115,0.0713478567769675,0.6255000000000001,0.10040808400389548,0.31833333333333336,0.012945183574510546,0.03983333333333333,0.0010137937550497027,0.05333333333333334,0.013872434697789872,0.2828333333333333,0.0664281148644491,0.8115,0.0713478567769675,0.2828333333333333,0.0664281148644491
Asp + Fum,Ec,R+L,Asp,Fum,R,L,0.005333333333333333,0.00021081851067789197,R,0.005,0.0,L,0.005,0.0,0.01,0.005,0.00021081851067789197,Asp,Fum,0.5178333333333334,0.03020310874360085,0.8115,0.0713478567769675,0.6255000000000001,0.10040808400389548,0.31833333333333336,0.012945183574510546,0.03983333333333333,0.0010137937550497027,0.05333333333333334,0.013872434697789872,0.2828333333333333,0.0664281148644491,0.31833333333333336,0.012945183574510546,0.2828333333333333,0.0664281148644491
Asp + Fum,Ec,S+L,Asp,Fum,S,L,0.005,0.0,S,0.005,0.0,L,0.005,0.0,0.01,0.005,0.0,Asp,Fum,0.5178333333333334,0.03020310874360085,0.8115,0.0713478567769675,0.6255000000000001,0.10040808400389548,0.31833333333333336,0.012945183574510546,0.03983333333333333,0.0010137937550497027,0.05333333333333334,0.013872434697789872,0.2828333333333333,0.0664281148644491,0.2828333333333333,0.0664281148644491,0.05333333333333334,0.013872434697789872
Asp + Fum,Ec,M+M,Asp,Fum,M,M,0.005,0.0,M,0.005,0.0,M,0.005,0.0,0.01,0.005,0.0,Asp,Fum,0.5178333333333334,0.03020310874360085,0.8115,0.0713478567769675,0.6255000000000001,0.10040808400389548,0.31833333333333336,0.012945183574510546,0.03983333333333333,0.0010137937550497027,0.05333333333333334,0.013872434697789872,0.2828333333333333,0.0664281148644491,0.8115,0.0713478567769675,0.8115,0.0713478567769675
Asp + Fum,Ec,F+R,Asp,Fum,F,R,0.020666666666666667,0.0012018504251546627,F,0.005666666666666667,0.00033333333333333343,R,0.005,0.0,0.010666666666666668,0.009999999999999998,0.0012472191289246467,Asp,Fum,0.5178333333333334,0.03020310874360085,0.8115,0.0713478567769675,0.6255000000000001,0.10040808400389548,0.31833333333333336,0.012945183574510546,0.03983333333333333,0.0010137937550497027,0.05333333333333334,0.013872434697789872,0.2828333333333333,0.0664281148644491,0.6255000000000001,0.10040808400389548,0.31833333333333336,0.012945183574510546
Asp + Fum,Ec,M+R,Asp,Fum,M,R,0.023833333333333335,0.0048950087958155005,M,0.005,0.0,R,0.005,0.0,0.01,0.013833333333333335,0.0048950087958155005,Asp,Fum,0.5178333333333334,0.03020310874360085,0.8115,0.0713478567769675,0.6255000000000001,0.10040808400389548,0.31833333333333336,0.012945183574510546,0.03983333333333333,0.0010137937550497027,0.05333333333333334,0.013872434697789872,0.2828333333333333,0.0664281148644491,0.8115,0.0713478567769675,0.31833333333333336,0.012945183574510546
Asp + Fum,Ec,R+R,Asp,Fum,R,R,0.005,0.0,R,0.005,0.0,R,0.005,0.0,0.01,0.005,0.0,Asp,Fum,0.5178333333333334,0.03020310874360085,0.8115,0.0713478567769675,0.6255000000000001,0.10040808400389548,0.31833333333333336,0.012945183574510546,0.03983333333333333,0.0010137937550497027,0.05333333333333334,0.013872434697789872,0.2828333333333333,0.0664281148644491,0.31833333333333336,0.012945183574510546,0.31833333333333336,0.012945183574510546
Asp + Fum,Ec,C+S,Asp,Fum,C,S,0.005,0.0,C,0.005,0.0,S,0.005,0.0,0.01,0.005,0.0,Asp,Fum,0.5178333333333334,0.03020310874360085,0.8115,0.0713478567769675,0.6255000000000001,0.10040808400389548,0.31833333333333336,0.012945183574510546,0.03983333333333333,0.0010137937550497027,0.05333333333333334,0.013872434697789872,0.2828333333333333,0.0664281148644491,0.05333333333333334,0.013872434697789872,0.03983333333333333,0.0010137937550497027
Asp + Fum,Ec,F+S,Asp,Fum,F,S,0.01675,0.0026887109674836123,F,0.005666666666666667,0.00033333333333333343,S,0.005,0.0,0.010666666666666668,0.006083333333333333,0.0027092947011681423,Asp,Fum,0.5178333333333334,0.03020310874360085,0.8115,0.0713478567769675,0.6255000000000001,0.10040808400389548,0.31833333333333336,0.012945183574510546,0.03983333333333333,0.0010137937550497027,0.05333333333333334,0.013872434697789872,0.2828333333333333,0.0664281148644491,0.6255000000000001,0.10040808400389548,0.05333333333333334,0.013872434697789872
Asp + Fum,Ec,M+S,Asp,Fum,M,S,0.011666666666666667,0.0008432740427115681,M,0.005,0.0,S,0.005,0.0,0.01,0.005,0.0008432740427115681,Asp,Fum,0.5178333333333334,0.03020310874360085,0.8115,0.0713478567769675,0.6255000000000001,0.10040808400389548,0.31833333333333336,0.012945183574510546,0.03983333333333333,0.0010137937550497027,0.05333333333333334,0.013872434697789872,0.2828333333333333,0.0664281148644491,0.8115,0.0713478567769675,0.05333333333333334,0.013872434697789872
Asp + Fum,Ec,R+S,Asp,Fum,R,S,0.006000000000000001,0.00036514837167011085,R,0.005,0.0,S,0.005,0.0,0.01,0.005,0.00036514837167011085,Asp,Fum,0.5178333333333334,0.03020310874360085,0.8115,0.0713478567769675,0.6255000000000001,0.10040808400389548,0.31833333333333336,0.012945183574510546,0.03983333333333333,0.0010137937550497027,0.05333333333333334,0.013872434697789872,0.2828333333333333,0.0664281148644491,0.31833333333333336,0.012945183574510546,0.05333333333333334,0.013872434697789872
Asp + Fum,Ec,S+S,Asp,Fum,S,S,0.005,0.0,S,0.005,0.0,S,0.005,0.0,0.01,0.005,0.0,Asp,Fum,0.5178333333333334,0.03020310874360085,0.8115,0.0713478567769675,0.6255000000000001,0.10040808400389548,0.31833333333333336,0.012945183574510546,0.03983333333333333,0.0010137937550497027,0.05333333333333334,0.013872434697789872,0.2828333333333333,0.0664281148644491,0.05333333333333334,0.013872434697789872,0.05333333333333334,0.013872434697789872
Asp + Fum,Ec,WT+WT,Asp,Fum,WT,WT,0.5178333333333334,0.03020310874360085,,,,,,,,0.5178333333333334,0.0,Asp,Fum,0.5178333333333334,0.03020310874360085,0.8115,0.0713478567769675,0.6255000000000001,0.10040808400389548,0.31833333333333336,0.012945183574510546,0.03983333333333333,0.0010137937550497027,0.05333333333333334,0.013872434697789872,0.2828333333333333,0.0664281148644491,0.5178333333333334,0.03020310874360085,0.5178333333333334,0.03020310874360085
Asp + Gluc,Bs,C+C,Asp,Gluc,C,C,0.005833333333333334,0.0005426273532033233,C,0.005833333333333334,0.0005426273532033233,C,0.005833333333333334,0.0005426273532033233,0.011666666666666667,0.005,0.0009398581453247786,Asp,Gluc,0.3443333333333333,0.014389039038255624,0.2511666666666667,0.008953273765004127,0.1955,0.03276049450176233,0.08083333333333333,0.0050359816432460425,0.15533333333333335,0.0155492050529208,0.13266666666666668,0.022892017046220382,0.15483333333333335,0.009884050002121822,0.15533333333333335,0.0155492050529208,0.15533333333333335,0.0155492050529208
Asp + Gluc,Bs,F+C,Asp,Gluc,F,C,0.04783333333333333,0.00615042907265646,F,0.021666666666666667,0.002985148423631748,C,0.005833333333333334,0.0005426273532033233,0.0275,0.02033333333333333,0.0068580852527023424,Asp,Gluc,0.3443333333333333,0.014389039038255624,0.2511666666666667,0.008953273765004127,0.1955,0.03276049450176233,0.08083333333333333,0.0050359816432460425,0.15533333333333335,0.0155492050529208,0.13266666666666668,0.022892017046220382,0.15483333333333335,0.009884050002121822,0.1955,0.03276049450176233,0.15533333333333335,0.0155492050529208
Asp + Gluc,Bs,M+C,Asp,Gluc,M,C,0.08233333333333333,0.053978184893940656,M,0.006999999999999999,0.0012649110640673518,C,0.005833333333333334,0.0005426273532033233,0.012833333333333332,0.06949999999999999,0.05399573028387419,Asp,Gluc,0.3443333333333333,0.014389039038255624,0.2511666666666667,0.008953273765004127,0.1955,0.03276049450176233,0.08083333333333333,0.0050359816432460425,0.15533333333333335,0.0155492050529208,0.13266666666666668,0.022892017046220382,0.15483333333333335,0.009884050002121822,0.2511666666666667,0.008953273765004127,0.15533333333333335,0.0155492050529208
Asp + Gluc,Bs,R+C,Asp,Gluc,R,C,0.125,0.021907380795826173,R,0.008333333333333333,0.0004216370213557837,C,0.005833333333333334,0.0005426273532033233,0.014166666666666668,0.11083333333333334,0.02191815584294344,Asp,Gluc,0.3443333333333333,0.014389039038255624,0.2511666666666667,0.008953273765004127,0.1955,0.03276049450176233,0.08083333333333333,0.0050359816432460425,0.15533333333333335,0.0155492050529208,0.13266666666666668,0.022892017046220382,0.15483333333333335,0.009884050002121822,0.15533333333333335,0.0155492050529208,0.08083333333333333,0.0050359816432460425
Asp + Gluc,Bs,F+F,Asp,Gluc,F,F,0.021666666666666667,0.002985148423631748,F,0.021666666666666667,0.002985148423631748,F,0.021666666666666667,0.002985148423631748,0.043333333333333335,0.005,0.00517042873786433,Asp,Gluc,0.3443333333333333,0.014389039038255624,0.2511666666666667,0.008953273765004127,0.1955,0.03276049450176233,0.08083333333333333,0.0050359816432460425,0.15533333333333335,0.0155492050529208,0.13266666666666668,0.022892017046220382,0.15483333333333335,0.009884050002121822,0.1955,0.03276049450176233,0.1955,0.03276049450176233
Asp + Gluc,Bs,M+F,Asp,Gluc,M,F,0.08883333333333333,0.018829793177597864,M,0.006999999999999999,0.0012649110640673518,F,0.021666666666666667,0.002985148423631748,0.028666666666666667,0.06016666666666667,0.019106863222994562,Asp,Gluc,0.3443333333333333,0.014389039038255624,0.2511666666666667,0.008953273765004127,0.1955,0.03276049450176233,0.08083333333333333,0.0050359816432460425,0.15533333333333335,0.0155492050529208,0.13266666666666668,0.022892017046220382,0.15483333333333335,0.009884050002121822,0.2511666666666667,0.008953273765004127,0.1955,0.03276049450176233
Asp + Gluc,Bs,C+L,Asp,Gluc,C,L,0.008333333333333333,0.0018737959096740261,C,0.005833333333333334,0.0005426273532033233,L,0.005,0.0,0.010833333333333334,0.005,0.0019507833184532707,Asp,Gluc,0.3443333333333333,0.014389039038255624,0.2511666666666667,0.008953273765004127,0.1955,0.03276049450176233,0.08083333333333333,0.0050359816432460425,0.15533333333333335,0.0155492050529208,0.13266666666666668,0.022892017046220382,0.15483333333333335,0.009884050002121822,0.15533333333333335,0.0155492050529208,0.15483333333333335,0.009884050002121822
Asp + Gluc,Bs,F+L,Asp,Gluc,F,L,0.06133333333333333,0.006406593825461732,F,0.021666666666666667,0.002985148423631748,L,0.005,0.0,0.02666666666666667,0.034666666666666665,0.007067924416372568,Asp,Gluc,0.3443333333333333,0.014389039038255624,0.2511666666666667,0.008953273765004127,0.1955,0.03276049450176233,0.08083333333333333,0.0050359816432460425,0.15533333333333335,0.0155492050529208,0.13266666666666668,0.022892017046220382,0.15483333333333335,0.009884050002121822,0.1955,0.03276049450176233,0.15483333333333335,0.009884050002121822
Asp + Gluc,Bs,L+L,Asp,Gluc,L,L,0.005,0.0,L,0.005,0.0,L,0.005,0.0,0.01,0.005,0.0,Asp,Gluc,0.3443333333333333,0.014389039038255624,0.2511666666666667,0.008953273765004127,0.1955,0.03276049450176233,0.08083333333333333,0.0050359816432460425,0.15533333333333335,0.0155492050529208,0.13266666666666668,0.022892017046220382,0.15483333333333335,0.009884050002121822,0.15483333333333335,0.009884050002121822,0.15483333333333335,0.009884050002121822
Asp + Gluc,Bs,M+L,Asp,Gluc,M,L,0.14233333333333334,0.012550343067466762,M,0.006999999999999999,0.0012649110640673518,L,0.005,0.0,0.012,0.13033333333333333,0.01261392528561633,Asp,Gluc,0.3443333333333333,0.014389039038255624,0.2511666666666667,0.008953273765004127,0.1955,0.03276049450176233,0.08083333333333333,0.0050359816432460425,0.15533333333333335,0.0155492050529208,0.13266666666666668,0.022892017046220382,0.15483333333333335,0.009884050002121822,0.2511666666666667,0.008953273765004127,0.15483333333333335,0.009884050002121822
Asp + Gluc,Bs,R+L,Asp,Gluc,R,L,0.163,0.026861372513952694,R,0.008333333333333333,0.0004216370213557837,L,0.005,0.0,0.013333333333333332,0.14966666666666667,0.026864681481661216,Asp,Gluc,0.3443333333333333,0.014389039038255624,0.2511666666666667,0.008953273765004127,0.1955,0.03276049450176233,0.08083333333333333,0.0050359816432460425,0.15533333333333335,0.0155492050529208,0.13266666666666668,0.022892017046220382,0.15483333333333335,0.009884050002121822,0.15483333333333335,0.009884050002121822,0.08083333333333333,0.0050359816432460425
Asp + Gluc,Bs,S+L,Asp,Gluc,S,L,0.006000000000000001,0.000632455532033676,S,0.005,0.0,L,0.005,0.0,0.01,0.005,0.000632455532033676,Asp,Gluc,0.3443333333333333,0.014389039038255624,0.2511666666666667,0.008953273765004127,0.1955,0.03276049450176233,0.08083333333333333,0.0050359816432460425,0.15533333333333335,0.0155492050529208,0.13266666666666668,0.022892017046220382,0.15483333333333335,0.009884050002121822,0.15483333333333335,0.009884050002121822,0.13266666666666668,0.022892017046220382
Asp + Gluc,Bs,M+M,Asp,Gluc,M,M,0.006999999999999999,0.0012649110640673518,M,0.006999999999999999,0.0012649110640673518,M,0.006999999999999999,0.0012649110640673518,0.013999999999999999,0.005,0.0021908902300206644,Asp,Gluc,0.3443333333333333,0.014389039038255624,0.2511666666666667,0.008953273765004127,0.1955,0.03276049450176233,0.08083333333333333,0.0050359816432460425,0.15533333333333335,0.0155492050529208,0.13266666666666668,0.022892017046220382,0.15483333333333335,0.009884050002121822,0.2511666666666667,0.008953273765004127,0.2511666666666667,0.008953273765004127
Asp + Gluc,Bs,F+R,Asp,Gluc,F,R,0.17216666666666666,0.023055609103016808,F,0.021666666666666667,0.002985148423631748,R,0.008333333333333333,0.0004216370213557837,0.03,0.14216666666666666,0.023251881644288496,Asp,Gluc,0.3443333333333333,0.014389039038255624,0.2511666666666667,0.008953273765004127,0.1955,0.03276049450176233,0.08083333333333333,0.0050359816432460425,0.15533333333333335,0.0155492050529208,0.13266666666666668,0.022892017046220382,0.15483333333333335,0.009884050002121822,0.1955,0.03276049450176233,0.08083333333333333,0.0050359816432460425
Asp + Gluc,Bs,M+R,Asp,Gluc,M,R,0.15166666666666667,0.020251200238778726,M,0.006999999999999999,0.0012649110640673518,R,0.008333333333333333,0.0004216370213557837,0.015333333333333332,0.13633333333333333,0.020295045919851703,Asp,Gluc,0.3443333333333333,0.014389039038255624,0.2511666666666667,0.008953273765004127,0.1955,0.03276049450176233,0.08083333333333333,0.0050359816432460425,0.15533333333333335,0.0155492050529208,0.13266666666666668,0.022892017046220382,0.15483333333333335,0.009884050002121822,0.2511666666666667,0.008953273765004127,0.08083333333333333,0.0050359816432460425
Asp + Gluc,Bs,R+R,Asp,Gluc,R,R,0.008333333333333333,0.0004216370213557837,R,0.008333333333333333,0.0004216370213557837,R,0.008333333333333333,0.0004216370213557837,0.016666666666666666,0.005,0.0007302967433402212,Asp,Gluc,0.3443333333333333,0.014389039038255624,0.2511666666666667,0.008953273765004127,0.1955,0.03276049450176233,0.08083333333333333,0.0050359816432460425,0.15533333333333335,0.0155492050529208,0.13266666666666668,0.022892017046220382,0.15483333333333335,0.009884050002121822,0.08083333333333333,0.0050359816432460425,0.08083333333333333,0.0050359816432460425
Asp + Gluc,Bs,C+S,Asp,Gluc,C,S,0.006000000000000001,0.000632455532033676,C,0.005833333333333334,0.0005426273532033233,S,0.005,0.0,0.010833333333333334,0.005,0.0008333333333333333,Asp,Gluc,0.3443333333333333,0.014389039038255624,0.2511666666666667,0.008953273765004127,0.1955,0.03276049450176233,0.08083333333333333,0.0050359816432460425,0.15533333333333335,0.0155492050529208,0.13266666666666668,0.022892017046220382,0.15483333333333335,0.009884050002121822,0.15533333333333335,0.0155492050529208,0.13266666666666668,0.022892017046220382
Asp + Gluc,Bs,F+S,Asp,Gluc,F,S,0.05416666666666667,0.004053119511904107,F,0.021666666666666667,0.002985148423631748,S,0.005,0.0,0.02666666666666667,0.0275,0.005033774815075551,Asp,Gluc,0.3443333333333333,0.014389039038255624,0.2511666666666667,0.008953273765004127,0.1955,0.03276049450176233,0.08083333333333333,0.0050359816432460425,0.15533333333333335,0.0155492050529208,0.13266666666666668,0.022892017046220382,0.15483333333333335,0.009884050002121822,0.1955,0.03276049450176233,0.13266666666666668,0.022892017046220382
Asp + Gluc,Bs,M+S,Asp,Gluc,M,S,0.03233333333333333,0.007102425250887505,M,0.006999999999999999,0.0012649110640673518,S,0.005,0.0,0.012,0.02033333333333333,0.007214183560490018,Asp,Gluc,0.3443333333333333,0.014389039038255624,0.2511666666666667,0.008953273765004127,0.1955,0.03276049450176233,0.08083333333333333,0.0050359816432460425,0.15533333333333335,0.0155492050529208,0.13266666666666668,0.022892017046220382,0.15483333333333335,0.009884050002121822,0.2511666666666667,0.008953273765004127,0.13266666666666668,0.022892017046220382
Asp + Gluc,Bs,R+S,Asp,Gluc,R,S,0.21333333333333335,0.03053922796084479,R,0.008333333333333333,0.0004216370213557837,S,0.005,0.0,0.013333333333333332,0.2,0.030542138468388588,Asp,Gluc,0.3443333333333333,0.014389039038255624,0.2511666666666667,0.008953273765004127,0.1955,0.03276049450176233,0.08083333333333333,0.0050359816432460425,0.15533333333333335,0.0155492050529208,0.13266666666666668,0.022892017046220382,0.15483333333333335,0.009884050002121822,0.13266666666666668,0.022892017046220382,0.08083333333333333,0.0050359816432460425
Asp + Gluc,Bs,S+S,Asp,Gluc,S,S,0.005,0.0,S,0.005,0.0,S,0.005,0.0,0.01,0.005,0.0,Asp,Gluc,0.3443333333333333,0.014389039038255624,0.2511666666666667,0.008953273765004127,0.1955,0.03276049450176233,0.08083333333333333,0.0050359816432460425,0.15533333333333335,0.0155492050529208,0.13266666666666668,0.022892017046220382,0.15483333333333335,0.009884050002121822,0.13266666666666668,0.022892017046220382,0.13266666666666668,0.022892017046220382
Asp + Gluc,Bs,WT+WT,Asp,Gluc,WT,WT,0.3443333333333333,0.014389039038255624,,,,,,,,0.3443333333333333,0.0,Asp,Gluc,0.3443333333333333,0.014389039038255624,0.2511666666666667,0.008953273765004127,0.1955,0.03276049450176233,0.08083333333333333,0.0050359816432460425,0.15533333333333335,0.0155492050529208,0.13266666666666668,0.022892017046220382,0.15483333333333335,0.009884050002121822,0.3443333333333333,0.014389039038255624,0.3443333333333333,0.014389039038255624
Asp + Gluc,Ec,C+C,Asp,Gluc,C,C,0.005,0.0,C,0.005,0.0,C,0.005,0.0,0.01,0.005,0.0,Asp,Gluc,0.785,0.14888877280260815,0.5445,0.11728903046178986,0.8175,0.13337384801126995,0.49583333333333335,0.06131145443099881,0.32216666666666666,0.02841644672446653,0.09316666666666666,0.024137683769943165,0.2555,0.08145049621293496,0.32216666666666666,0.02841644672446653,0.32216666666666666,0.02841644672446653
Asp + Gluc,Ec,F+C,Asp,Gluc,F,C,0.10783333333333334,0.023078729986240096,F,0.08883333333333333,0.01912836753213521,C,0.005,0.0,0.09383333333333334,0.013999999999999999,0.029975360251750474,Asp,Gluc,0.785,0.14888877280260815,0.5445,0.11728903046178986,0.8175,0.13337384801126995,0.49583333333333335,0.06131145443099881,0.32216666666666666,0.02841644672446653,0.09316666666666666,0.024137683769943165,0.2555,0.08145049621293496,0.8175,0.13337384801126995,0.32216666666666666,0.02841644672446653
Asp + Gluc,Ec,M+C,Asp,Gluc,M,C,0.005,0.0,M,0.005,0.0,C,0.005,0.0,0.01,0.005,0.0,Asp,Gluc,0.785,0.14888877280260815,0.5445,0.11728903046178986,0.8175,0.13337384801126995,0.49583333333333335,0.06131145443099881,0.32216666666666666,0.02841644672446653,0.09316666666666666,0.024137683769943165,0.2555,0.08145049621293496,0.5445,0.11728903046178986,0.32216666666666666,0.02841644672446653
Asp + Gluc,Ec,R+C,Asp,Gluc,R,C,0.0105,0.0010567244989431572,R,0.005,0.0,C,0.005,0.0,0.01,0.005,0.0010567244989431572,Asp,Gluc,0.785,0.14888877280260815,0.5445,0.11728903046178986,0.8175,0.13337384801126995,0.49583333333333335,0.06131145443099881,0.32216666666666666,0.02841644672446653,0.09316666666666666,0.024137683769943165,0.2555,0.08145049621293496,0.49583333333333335,0.06131145443099881,0.32216666666666666,0.02841644672446653
Asp + Gluc,Ec,F+F,Asp,Gluc,F,F,0.08883333333333333,0.01912836753213521,F,0.08883333333333333,0.01912836753213521,F,0.08883333333333333,0.01912836753213521,0.17766666666666667,0.005,0.033131304431509086,Asp,Gluc,0.785,0.14888877280260815,0.5445,0.11728903046178986,0.8175,0.13337384801126995,0.49583333333333335,0.06131145443099881,0.32216666666666666,0.02841644672446653,0.09316666666666666,0.024137683769943165,0.2555,0.08145049621293496,0.8175,0.13337384801126995,0.8175,0.13337384801126995
Asp + Gluc,Ec,M+F,Asp,Gluc,M,F,0.3551666666666667,0.08125245295442539,M,0.005,0.0,F,0.08883333333333333,0.01912836753213521,0.09383333333333334,0.26133333333333336,0.08347368181382414,Asp,Gluc,0.785,0.14888877280260815,0.5445,0.11728903046178986,0.8175,0.13337384801126995,0.49583333333333335,0.06131145443099881,0.32216666666666666,0.02841644672446653,0.09316666666666666,0.024137683769943165,0.2555,0.08145049621293496,0.8175,0.13337384801126995,0.5445,0.11728903046178986
Asp + Gluc,Ec,C+L,Asp,Gluc,C,L,0.005,0.0,C,0.005,0.0,L,0.005,0.0,0.01,0.005,0.0,Asp,Gluc,0.785,0.14888877280260815,0.5445,0.11728903046178986,0.8175,0.13337384801126995,0.49583333333333335,0.06131145443099881,0.32216666666666666,0.02841644672446653,0.09316666666666666,0.024137683769943165,0.2555,0.08145049621293496,0.32216666666666666,0.02841644672446653,0.2555,0.08145049621293496
Asp + Gluc,Ec,F+L,Asp,Gluc,F,L,0.1765,0.003471310991541956,F,0.08883333333333333,0.01912836753213521,L,0.005,0.0,0.09383333333333334,0.08266666666666665,0.019440793308001723,Asp,Gluc,0.785,0.14888877280260815,0.5445,0.11728903046178986,0.8175,0.13337384801126995,0.49583333333333335,0.06131145443099881,0.32216666666666666,0.02841644672446653,0.09316666666666666,0.024137683769943165,0.2555,0.08145049621293496,0.8175,0.13337384801126995,0.2555,0.08145049621293496
Asp + Gluc,Ec,L+L,Asp,Gluc,L,L,0.005,0.0,L,0.005,0.0,L,0.005,0.0,0.01,0.005,0.0,Asp,Gluc,0.785,0.14888877280260815,0.5445,0.11728903046178986,0.8175,0.13337384801126995,0.49583333333333335,0.06131145443099881,0.32216666666666666,0.02841644672446653,0.09316666666666666,0.024137683769943165,0.2555,0.08145049621293496,0.2555,0.08145049621293496,0.2555,0.08145049621293496
Asp + Gluc,Ec,M+L,Asp,Gluc,M,L,0.08316666666666667,0.012791707383214244,M,0.005,0.0,L,0.005,0.0,0.01,0.07316666666666667,0.012791707383214244,Asp,Gluc,0.785,0.14888877280260815,0.5445,0.11728903046178986,0.8175,0.13337384801126995,0.49583333333333335,0.06131145443099881,0.32216666666666666,0.02841644672446653,0.09316666666666666,0.024137683769943165,0.2555,0.08145049621293496,0.5445,0.11728903046178986,0.2555,0.08145049621293496
Asp + Gluc,Ec,R+L,Asp,Gluc,R,L,0.1465,0.03347511513547539,R,0.005,0.0,L,0.005,0.0,0.01,0.13649999999999998,0.03347511513547539,Asp,Gluc,0.785,0.14888877280260815,0.5445,0.11728903046178986,0.8175,0.13337384801126995,0.49583333333333335,0.06131145443099881,0.32216666666666666,0.02841644672446653,0.09316666666666666,0.024137683769943165,0.2555,0.08145049621293496,0.49583333333333335,0.06131145443099881,0.2555,0.08145049621293496
Asp + Gluc,Ec,S+L,Asp,Gluc,S,L,0.007166666666666666,0.0009098229375970787,S,0.005,0.0,L,0.005,0.0,0.01,0.005,0.0009098229375970787,Asp,Gluc,0.785,0.14888877280260815,0.5445,0.11728903046178986,0.8175,0.13337384801126995,0.49583333333333335,0.06131145443099881,0.32216666666666666,0.02841644672446653,0.09316666666666666,0.024137683769943165,0.2555,0.08145049621293496,0.2555,0.08145049621293496,0.09316666666666666,0.024137683769943165
Asp + Gluc,Ec,M+M,Asp,Gluc,M,M,0.005,0.0,M,0.005,0.0,M,0.005,0.0,0.01,0.005,0.0,Asp,Gluc,0.785,0.14888877280260815,0.5445,0.11728903046178986,0.8175,0.13337384801126995,0.49583333333333335,0.06131145443099881,0.32216666666666666,0.02841644672446653,0.09316666666666666,0.024137683769943165,0.2555,0.08145049621293496,0.5445,0.11728903046178986,0.5445,0.11728903046178986
Asp + Gluc,Ec,F+R,Asp,Gluc,F,R,0.21616666666666665,0.01340750204591113,F,0.08883333333333333,0.01912836753213521,R,0.005,0.0,0.09383333333333334,0.12233333333333331,0.02335927129761448,Asp,Gluc,0.785,0.14888877280260815,0.5445,0.11728903046178986,0.8175,0.13337384801126995,0.49583333333333335,0.06131145443099881,0.32216666666666666,0.02841644672446653,0.09316666666666666,0.024137683769943165,0.2555,0.08145049621293496,0.8175,0.13337384801126995,0.49583333333333335,0.06131145443099881
Asp + Gluc,Ec,M+R,Asp,Gluc,M,R,0.08950000000000001,0.009390598135014262,M,0.005,0.0,R,0.005,0.0,0.01,0.07950000000000002,0.009390598135014262,Asp,Gluc,0.785,0.14888877280260815,0.5445,0.11728903046178986,0.8175,0.13337384801126995,0.49583333333333335,0.06131145443099881,0.32216666666666666,0.02841644672446653,0.09316666666666666,0.024137683769943165,0.2555,0.08145049621293496,0.5445,0.11728903046178986,0.49583333333333335,0.06131145443099881
Asp + Gluc,Ec,R+R,Asp,Gluc,R,R,0.005,0.0,R,0.005,0.0,R,0.005,0.0,0.01,0.005,0.0,Asp,Gluc,0.785,0.14888877280260815,0.5445,0.11728903046178986,0.8175,0.13337384801126995,0.49583333333333335,0.06131145443099881,0.32216666666666666,0.02841644672446653,0.09316666666666666,0.024137683769943165,0.2555,0.08145049621293496,0.49583333333333335,0.06131145443099881,0.49583333333333335,0.06131145443099881
Asp + Gluc,Ec,C+S,Asp,Gluc,C,S,0.005166666666666667,0.0001666666666666667,C,0.005,0.0,S,0.005,0.0,0.01,0.005,0.0001666666666666667,Asp,Gluc,0.785,0.14888877280260815,0.5445,0.11728903046178986,0.8175,0.13337384801126995,0.49583333333333335,0.06131145443099881,0.32216666666666666,0.02841644672446653,0.09316666666666666,0.024137683769943165,0.2555,0.08145049621293496,0.32216666666666666,0.02841644672446653,0.09316666666666666,0.024137683769943165
Asp + Gluc,Ec,F+S,Asp,Gluc,F,S,0.1345,0.03936263033216488,F,0.08883333333333333,0.01912836753213521,S,0.005,0.0,0.09383333333333334,0.04066666666666667,0.043764267514847216,Asp,Gluc,0.785,0.14888877280260815,0.5445,0.11728903046178986,0.8175,0.13337384801126995,0.49583333333333335,0.06131145443099881,0.32216666666666666,0.02841644672446653,0.09316666666666666,0.024137683769943165,0.2555,0.08145049621293496,0.8175,0.13337384801126995,0.09316666666666666,0.024137683769943165
Asp + Gluc,Ec,M+S,Asp,Gluc,M,S,0.011166666666666667,0.0012494443209327543,M,0.005,0.0,S,0.005,0.0,0.01,0.005,0.0012494443209327543,Asp,Gluc,0.785,0.14888877280260815,0.5445,0.11728903046178986,0.8175,0.13337384801126995,0.49583333333333335,0.06131145443099881,0.32216666666666666,0.02841644672446653,0.09316666666666666,0.024137683769943165,0.2555,0.08145049621293496,0.5445,0.11728903046178986,0.09316666666666666,0.024137683769943165
Asp + Gluc,Ec,R+S,Asp,Gluc,R,S,0.0205,0.0026551836094703503,R,0.005,0.0,S,0.005,0.0,0.01,0.0105,0.0026551836094703503,Asp,Gluc,0.785,0.14888877280260815,0.5445,0.11728903046178986,0.8175,0.13337384801126995,0.49583333333333335,0.06131145443099881,0.32216666666666666,0.02841644672446653,0.09316666666666666,0.024137683769943165,0.2555,0.08145049621293496,0.49583333333333335,0.06131145443099881,0.09316666666666666,0.024137683769943165
Asp + Gluc,Ec,S+S,Asp,Gluc,S,S,0.005,0.0,S,0.005,0.0,S,0.005,0.0,0.01,0.005,0.0,Asp,Gluc,0.785,0.14888877280260815,0.5445,0.11728903046178986,0.8175,0.13337384801126995,0.49583333333333335,0.06131145443099881,0.32216666666666666,0.02841644672446653,0.09316666666666666,0.024137683769943165,0.2555,0.08145049621293496,0.09316666666666666,0.024137683769943165,0.09316666666666666,0.024137683769943165
Asp + Gluc,Ec,WT+WT,Asp,Gluc,WT,WT,0.785,0.14888877280260815,,,,,,,,0.785,0.0,Asp,Gluc,0.785,0.14888877280260815,0.5445,0.11728903046178986,0.8175,0.13337384801126995,0.49583333333333335,0.06131145443099881,0.32216666666666666,0.02841644672446653,0.09316666666666666,0.024137683769943165,0.2555,0.08145049621293496,0.785,0.14888877280260815,0.785,0.14888877280260815
Asp + Gly,Bs,C+C,Asp,Gly,C,C,0.005333333333333333,0.00021081851067789205,C,0.005333333333333333,0.00021081851067789205,C,0.005333333333333333,0.00021081851067789205,0.010666666666666666,0.005,0.0003651483716701109,Asp,Gly,0.06433333333333334,0.007351492667781453,0.06983333333333333,0.0024278476979506854,0.068,0.004932882862316248,0.0405,0.003373919580152042,0.09349999999999999,0.007544313531837517,0.04833333333333334,0.013420548092798263,0.1235,0.001335415041600677,0.09349999999999999,0.007544313531837517,0.09349999999999999,0.007544313531837517
Asp + Gly,Bs,F+C,Asp,Gly,F,C,0.028333333333333332,0.0033433183781652887,F,0.007666666666666666,0.0014063348739819326,C,0.005333333333333333,0.00021081851067789205,0.013,0.015333333333333332,0.00363318042491699,Asp,Gly,0.06433333333333334,0.007351492667781453,0.06983333333333333,0.0024278476979506854,0.068,0.004932882862316248,0.0405,0.003373919580152042,0.09349999999999999,0.007544313531837517,0.04833333333333334,0.013420548092798263,0.1235,0.001335415041600677,0.09349999999999999,0.007544313531837517,0.068,0.004932882862316248
Asp + Gly,Bs,M+C,Asp,Gly,M,C,0.019333333333333334,0.0031587620641285686,M,0.005666666666666667,0.0004944132324730441,C,0.005333333333333333,0.00021081851067789205,0.011,0.008333333333333335,0.003204163957519444,Asp,Gly,0.06433333333333334,0.007351492667781453,0.06983333333333333,0.0024278476979506854,0.068,0.004932882862316248,0.0405,0.003373919580152042,0.09349999999999999,0.007544313531837517,0.04833333333333334,0.013420548092798263,0.1235,0.001335415041600677,0.09349999999999999,0.007544313531837517,0.06983333333333333,0.0024278476979506854
Asp + Gly,Bs,R+C,Asp,Gly,R,C,0.04883333333333333,0.008688753906311564,R,0.007666666666666666,0.0009545214042184232,C,0.005333333333333333,0.00021081851067789205,0.013,0.035833333333333335,0.008743569065318807,Asp,Gly,0.06433333333333334,0.007351492667781453,0.06983333333333333,0.0024278476979506854,0.068,0.004932882862316248,0.0405,0.003373919580152042,0.09349999999999999,0.007544313531837517,0.04833333333333334,0.013420548092798263,0.1235,0.001335415041600677,0.09349999999999999,0.007544313531837517,0.0405,0.003373919580152042
Asp + Gly,Bs,F+F,Asp,Gly,F,F,0.007666666666666666,0.0014063348739819326,F,0.007666666666666666,0.0014063348739819326,F,0.007666666666666666,0.0014063348739819326,0.015333333333333332,0.005,0.0024358434541926818,Asp,Gly,0.06433333333333334,0.007351492667781453,0.06983333333333333,0.0024278476979506854,0.068,0.004932882862316248,0.0405,0.003373919580152042,0.09349999999999999,0.007544313531837517,0.04833333333333334,0.013420548092798263,0.1235,0.001335415041600677,0.068,0.004932882862316248,0.068,0.004932882862316248
Asp + Gly,Bs,M+F,Asp,Gly,M,F,0.035333333333333335,0.009898372481260631,M,0.005666666666666667,0.0004944132324730441,F,0.007666666666666666,0.0014063348739819326,0.013333333333333332,0.022000000000000002,0.010009995004993758,Asp,Gly,0.06433333333333334,0.007351492667781453,0.06983333333333333,0.0024278476979506854,0.068,0.004932882862316248,0.0405,0.003373919580152042,0.09349999999999999,0.007544313531837517,0.04833333333333334,0.013420548092798263,0.1235,0.001335415041600677,0.06983333333333333,0.0024278476979506854,0.068,0.004932882862316248
Asp + Gly,Bs,C+L,Asp,Gly,C,L,0.008,0.0018973665961010276,C,0.005333333333333333,0.00021081851067789205,L,0.005,0.0,0.010333333333333333,0.005,0.001909042808436847,Asp,Gly,0.06433333333333334,0.007351492667781453,0.06983333333333333,0.0024278476979506854,0.068,0.004932882862316248,0.0405,0.003373919580152042,0.09349999999999999,0.007544313531837517,0.04833333333333334,0.013420548092798263,0.1235,0.001335415041600677,0.1235,0.001335415041600677,0.09349999999999999,0.007544313531837517
Asp + Gly,Bs,F+L,Asp,Gly,F,L,0.03983333333333333,0.004315990938101906,F,0.007666666666666666,0.0014063348739819326,L,0.005,0.0,0.012666666666666666,0.027166666666666665,0.004539334263474717,Asp,Gly,0.06433333333333334,0.007351492667781453,0.06983333333333333,0.0024278476979506854,0.068,0.004932882862316248,0.0405,0.003373919580152042,0.09349999999999999,0.007544313531837517,0.04833333333333334,0.013420548092798263,0.1235,0.001335415041600677,0.1235,0.001335415041600677,0.068,0.004932882862316248
Asp + Gly,Bs,L+L,Asp,Gly,L,L,0.005,0.0,L,0.005,0.0,L,0.005,0.0,0.01,0.005,0.0,Asp,Gly,0.06433333333333334,0.007351492667781453,0.06983333333333333,0.0024278476979506854,0.068,0.004932882862316248,0.0405,0.003373919580152042,0.09349999999999999,0.007544313531837517,0.04833333333333334,0.013420548092798263,0.1235,0.001335415041600677,0.1235,0.001335415041600677,0.1235,0.001335415041600677
Asp + Gly,Bs,M+L,Asp,Gly,M,L,0.052,0.005234500931320961,M,0.005666666666666667,0.0004944132324730441,L,0.005,0.0,0.010666666666666668,0.04133333333333333,0.005257798440834761,Asp,Gly,0.06433333333333334,0.007351492667781453,0.06983333333333333,0.0024278476979506854,0.068,0.004932882862316248,0.0405,0.003373919580152042,0.09349999999999999,0.007544313531837517,0.04833333333333334,0.013420548092798263,0.1235,0.001335415041600677,0.1235,0.001335415041600677,0.06983333333333333,0.0024278476979506854
Asp + Gly,Bs,R+L,Asp,Gly,R,L,0.09849999999999999,0.01334603561611712,R,0.007666666666666666,0.0009545214042184232,L,0.005,0.0,0.012666666666666666,0.08583333333333332,0.013380126224284201,Asp,Gly,0.06433333333333334,0.007351492667781453,0.06983333333333333,0.0024278476979506854,0.068,0.004932882862316248,0.0405,0.003373919580152042,0.09349999999999999,0.007544313531837517,0.04833333333333334,0.013420548092798263,0.1235,0.001335415041600677,0.1235,0.001335415041600677,0.0405,0.003373919580152042
Asp + Gly,Bs,S+L,Asp,Gly,S,L,0.009166666666666667,0.0026383917660406527,S,0.005,0.0,L,0.005,0.0,0.01,0.005,0.0026383917660406527,Asp,Gly,0.06433333333333334,0.007351492667781453,0.06983333333333333,0.0024278476979506854,0.068,0.004932882862316248,0.0405,0.003373919580152042,0.09349999999999999,0.007544313531837517,0.04833333333333334,0.013420548092798263,0.1235,0.001335415041600677,0.1235,0.001335415041600677,0.04833333333333334,0.013420548092798263
Asp + Gly,Bs,M+M,Asp,Gly,M,M,0.005666666666666667,0.0004944132324730441,M,0.005666666666666667,0.0004944132324730441,M,0.005666666666666667,0.0004944132324730441,0.011333333333333334,0.005,0.0008563488385776752,Asp,Gly,0.06433333333333334,0.007351492667781453,0.06983333333333333,0.0024278476979506854,0.068,0.004932882862316248,0.0405,0.003373919580152042,0.09349999999999999,0.007544313531837517,0.04833333333333334,0.013420548092798263,0.1235,0.001335415041600677,0.06983333333333333,0.0024278476979506854,0.06983333333333333,0.0024278476979506854
Asp + Gly,Bs,F+R,Asp,Gly,F,R,0.08366666666666667,0.02103911700724259,F,0.007666666666666666,0.0014063348739819326,R,0.007666666666666666,0.0009545214042184232,0.015333333333333332,0.06833333333333333,0.02110766053671826,Asp,Gly,0.06433333333333334,0.007351492667781453,0.06983333333333333,0.0024278476979506854,0.068,0.004932882862316248,0.0405,0.003373919580152042,0.09349999999999999,0.007544313531837517,0.04833333333333334,0.013420548092798263,0.1235,0.001335415041600677,0.068,0.004932882862316248,0.0405,0.003373919580152042
Asp + Gly,Bs,M+R,Asp,Gly,M,R,0.13283333333333333,0.01412661003606708,M,0.005666666666666667,0.0004944132324730441,R,0.007666666666666666,0.0009545214042184232,0.013333333333333332,0.1195,0.014167450958682253,Asp,Gly,0.06433333333333334,0.007351492667781453,0.06983333333333333,0.0024278476979506854,0.068,0.004932882862316248,0.0405,0.003373919580152042,0.09349999999999999,0.007544313531837517,0.04833333333333334,0.013420548092798263,0.1235,0.001335415041600677,0.06983333333333333,0.0024278476979506854,0.0405,0.003373919580152042
Asp + Gly,Bs,R+R,Asp,Gly,R,R,0.007666666666666666,0.0009545214042184232,R,0.007666666666666666,0.0009545214042184232,R,0.007666666666666666,0.0009545214042184232,0.015333333333333332,0.005,0.0016532795690182987,Asp,Gly,0.06433333333333334,0.007351492667781453,0.06983333333333333,0.0024278476979506854,0.068,0.004932882862316248,0.0405,0.003373919580152042,0.09349999999999999,0.007544313531837517,0.04833333333333334,0.013420548092798263,0.1235,0.001335415041600677,0.0405,0.003373919580152042,0.0405,0.003373919580152042
Asp + Gly,Bs,C+S,Asp,Gly,C,S,0.005,0.0,C,0.005333333333333333,0.00021081851067789205,S,0.005,0.0,0.010333333333333333,0.005,0.00021081851067789205,Asp,Gly,0.06433333333333334,0.007351492667781453,0.06983333333333333,0.0024278476979506854,0.068,0.004932882862316248,0.0405,0.003373919580152042,0.09349999999999999,0.007544313531837517,0.04833333333333334,0.013420548092798263,0.1235,0.001335415041600677,0.09349999999999999,0.007544313531837517,0.04833333333333334,0.013420548092798263
Asp + Gly,Bs,F+S,Asp,Gly,F,S,0.03366666666666667,0.0012292725943057177,F,0.007666666666666666,0.0014063348739819326,S,0.005,0.0,0.012666666666666666,0.021000000000000005,0.0018678567634829197,Asp,Gly,0.06433333333333334,0.007351492667781453,0.06983333333333333,0.0024278476979506854,0.068,0.004932882862316248,0.0405,0.003373919580152042,0.09349999999999999,0.007544313531837517,0.04833333333333334,0.013420548092798263,0.1235,0.001335415041600677,0.068,0.004932882862316248,0.04833333333333334,0.013420548092798263
Asp + Gly,Bs,M+S,Asp,Gly,M,S,0.03266666666666667,0.004716401641553064,M,0.005666666666666667,0.0004944132324730441,S,0.005,0.0,0.010666666666666668,0.022000000000000002,0.00474224513167433,Asp,Gly,0.06433333333333334,0.007351492667781453,0.06983333333333333,0.0024278476979506854,0.068,0.004932882862316248,0.0405,0.003373919580152042,0.09349999999999999,0.007544313531837517,0.04833333333333334,0.013420548092798263,0.1235,0.001335415041600677,0.06983333333333333,0.0024278476979506854,0.04833333333333334,0.013420548092798263
Asp + Gly,Bs,R+S,Asp,Gly,R,S,0.10066666666666667,0.0076840382901469505,R,0.007666666666666666,0.0009545214042184232,S,0.005,0.0,0.012666666666666666,0.088,0.007743097284391794,Asp,Gly,0.06433333333333334,0.007351492667781453,0.06983333333333333,0.0024278476979506854,0.068,0.004932882862316248,0.0405,0.003373919580152042,0.09349999999999999,0.007544313531837517,0.04833333333333334,0.013420548092798263,0.1235,0.001335415041600677,0.04833333333333334,0.013420548092798263,0.0405,0.003373919580152042
Asp + Gly,Bs,S+S,Asp,Gly,S,S,0.005,0.0,S,0.005,0.0,S,0.005,0.0,0.01,0.005,0.0,Asp,Gly,0.06433333333333334,0.007351492667781453,0.06983333333333333,0.0024278476979506854,0.068,0.004932882862316248,0.0405,0.003373919580152042,0.09349999999999999,0.007544313531837517,0.04833333333333334,0.013420548092798263,0.1235,0.001335415041600677,0.04833333333333334,0.013420548092798263,0.04833333333333334,0.013420548092798263
Asp + Gly,Bs,WT+WT,Asp,Gly,WT,WT,0.06433333333333334,0.007351492667781453,,,,,,,,0.06433333333333334,0.0,Asp,Gly,0.06433333333333334,0.007351492667781453,0.06983333333333333,0.0024278476979506854,0.068,0.004932882862316248,0.0405,0.003373919580152042,0.09349999999999999,0.007544313531837517,0.04833333333333334,0.013420548092798263,0.1235,0.001335415041600677,0.06433333333333334,0.007351492667781453,0.06433333333333334,0.007351492667781453
Asp + Gly,Ec,C+C,Asp,Gly,C,C,0.005,0.0,C,0.005,0.0,C,0.005,0.0,0.01,0.005,0.0,Asp,Gly,1.0106666666666666,0.13303124110941428,0.7853333333333333,0.0620745072025904,1.2366666666666666,0.007605553526499185,0.7120000000000001,0.01734166466442404,0.1955,0.0023345235059857527,0.08383333333333333,0.0237085310477989,0.3591666666666667,0.07016761677899887,0.1955,0.0023345235059857527,0.1955,0.0023345235059857527
Asp + Gly,Ec,F+C,Asp,Gly,F,C,0.0105,0.0007637626158259734,F,0.006166666666666667,0.00047726070210921183,C,0.005,0.0,0.011166666666666667,0.005,0.0009006170724070866,Asp,Gly,1.0106666666666666,0.13303124110941428,0.7853333333333333,0.0620745072025904,1.2366666666666666,0.007605553526499185,0.7120000000000001,0.01734166466442404,0.1955,0.0023345235059857527,0.08383333333333333,0.0237085310477989,0.3591666666666667,0.07016761677899887,1.2366666666666666,0.007605553526499185,0.1955,0.0023345235059857527
Asp + Gly,Ec,M+C,Asp,Gly,M,C,0.005,0.0,M,0.005,0.0,C,0.005,0.0,0.01,0.005,0.0,Asp,Gly,1.0106666666666666,0.13303124110941428,0.7853333333333333,0.0620745072025904,1.2366666666666666,0.007605553526499185,0.7120000000000001,0.01734166466442404,0.1955,0.0023345235059857527,0.08383333333333333,0.0237085310477989,0.3591666666666667,0.07016761677899887,0.7853333333333333,0.0620745072025904,0.1955,0.0023345235059857527
Asp + Gly,Ec,R+C,Asp,Gly,R,C,0.005666666666666667,0.0004944132324730443,R,0.005,0.0,C,0.005,0.0,0.01,0.005,0.0004944132324730443,Asp,Gly,1.0106666666666666,0.13303124110941428,0.7853333333333333,0.0620745072025904,1.2366666666666666,0.007605553526499185,0.7120000000000001,0.01734166466442404,0.1955,0.0023345235059857527,0.08383333333333333,0.0237085310477989,0.3591666666666667,0.07016761677899887,0.7120000000000001,0.01734166466442404,0.1955,0.0023345235059857527
Asp + Gly,Ec,F+F,Asp,Gly,F,F,0.006166666666666667,0.00047726070210921183,F,0.006166666666666667,0.00047726070210921183,F,0.006166666666666667,0.00047726070210921183,0.012333333333333333,0.005,0.0008266397845091497,Asp,Gly,1.0106666666666666,0.13303124110941428,0.7853333333333333,0.0620745072025904,1.2366666666666666,0.007605553526499185,0.7120000000000001,0.01734166466442404,0.1955,0.0023345235059857527,0.08383333333333333,0.0237085310477989,0.3591666666666667,0.07016761677899887,1.2366666666666666,0.007605553526499185,1.2366666666666666,0.007605553526499185
Asp + Gly,Ec,M+F,Asp,Gly,M,F,0.2135,0.0655996697146157,M,0.005,0.0,F,0.006166666666666667,0.00047726070210921183,0.011166666666666667,0.20233333333333334,0.06560140581149497,Asp,Gly,1.0106666666666666,0.13303124110941428,0.7853333333333333,0.0620745072025904,1.2366666666666666,0.007605553526499185,0.7120000000000001,0.01734166466442404,0.1955,0.0023345235059857527,0.08383333333333333,0.0237085310477989,0.3591666666666667,0.07016761677899887,1.2366666666666666,0.007605553526499185,0.7853333333333333,0.0620745072025904
Asp + Gly,Ec,C+L,Asp,Gly,C,L,0.009666666666666667,0.004666666666666667,C,0.005,0.0,L,0.005,0.0,0.01,0.005,0.004666666666666667,Asp,Gly,1.0106666666666666,0.13303124110941428,0.7853333333333333,0.0620745072025904,1.2366666666666666,0.007605553526499185,0.7120000000000001,0.01734166466442404,0.1955,0.0023345235059857527,0.08383333333333333,0.0237085310477989,0.3591666666666667,0.07016761677899887,0.3591666666666667,0.07016761677899887,0.1955,0.0023345235059857527
Asp + Gly,Ec,F+L,Asp,Gly,F,L,0.036333333333333336,0.006993647911577411,F,0.006166666666666667,0.00047726070210921183,L,0.005,0.0,0.011166666666666667,0.02516666666666667,0.007009913614937695,Asp,Gly,1.0106666666666666,0.13303124110941428,0.7853333333333333,0.0620745072025904,1.2366666666666666,0.007605553526499185,0.7120000000000001,0.01734166466442404,0.1955,0.0023345235059857527,0.08383333333333333,0.0237085310477989,0.3591666666666667,0.07016761677899887,1.2366666666666666,0.007605553526499185,0.3591666666666667,0.07016761677899887
Asp + Gly,Ec,L+L,Asp,Gly,L,L,0.005,0.0,L,0.005,0.0,L,0.005,0.0,0.01,0.005,0.0,Asp,Gly,1.0106666666666666,0.13303124110941428,0.7853333333333333,0.0620745072025904,1.2366666666666666,0.007605553526499185,0.7120000000000001,0.01734166466442404,0.1955,0.0023345235059857527,0.08383333333333333,0.0237085310477989,0.3591666666666667,0.07016761677899887,0.3591666666666667,0.07016761677899887,0.3591666666666667,0.07016761677899887
Asp + Gly,Ec,M+L,Asp,Gly,M,L,0.014333333333333332,0.0007149203529842409,M,0.005,0.0,L,0.005,0.0,0.01,0.005,0.0007149203529842409,Asp,Gly,1.0106666666666666,0.13303124110941428,0.7853333333333333,0.0620745072025904,1.2366666666666666,0.007605553526499185,0.7120000000000001,0.01734166466442404,0.1955,0.0023345235059857527,0.08383333333333333,0.0237085310477989,0.3591666666666667,0.07016761677899887,0.7853333333333333,0.0620745072025904,0.3591666666666667,0.07016761677899887
Asp + Gly,Ec,R+L,Asp,Gly,R,L,0.008166666666666668,0.001701306687356646,R,0.005,0.0,L,0.005,0.0,0.01,0.005,0.001701306687356646,Asp,Gly,1.0106666666666666,0.13303124110941428,0.7853333333333333,0.0620745072025904,1.2366666666666666,0.007605553526499185,0.7120000000000001,0.01734166466442404,0.1955,0.0023345235059857527,0.08383333333333333,0.0237085310477989,0.3591666666666667,0.07016761677899887,0.7120000000000001,0.01734166466442404,0.3591666666666667,0.07016761677899887
Asp + Gly,Ec,S+L,Asp,Gly,S,L,0.006000000000000001,0.00044721359549995795,S,0.005,0.0,L,0.005,0.0,0.01,0.005,0.00044721359549995795,Asp,Gly,1.0106666666666666,0.13303124110941428,0.7853333333333333,0.0620745072025904,1.2366666666666666,0.007605553526499185,0.7120000000000001,0.01734166466442404,0.1955,0.0023345235059857527,0.08383333333333333,0.0237085310477989,0.3591666666666667,0.07016761677899887,0.3591666666666667,0.07016761677899887,0.08383333333333333,0.0237085310477989
Asp + Gly,Ec,M+M,Asp,Gly,M,M,0.005,0.0,M,0.005,0.0,M,0.005,0.0,0.01,0.005,0.0,Asp,Gly,1.0106666666666666,0.13303124110941428,0.7853333333333333,0.0620745072025904,1.2366666666666666,0.007605553526499185,0.7120000000000001,0.01734166466442404,0.1955,0.0023345235059857527,0.08383333333333333,0.0237085310477989,0.3591666666666667,0.07016761677899887,0.7853333333333333,0.0620745072025904,0.7853333333333333,0.0620745072025904
Asp + Gly,Ec,F+R,Asp,Gly,F,R,0.041833333333333333,0.008518280995078238,F,0.006166666666666667,0.00047726070210921183,R,0.005,0.0,0.011166666666666667,0.03066666666666667,0.008531640457080273,Asp,Gly,1.0106666666666666,0.13303124110941428,0.7853333333333333,0.0620745072025904,1.2366666666666666,0.007605553526499185,0.7120000000000001,0.01734166466442404,0.1955,0.0023345235059857527,0.08383333333333333,0.0237085310477989,0.3591666666666667,0.07016761677899887,1.2366666666666666,0.007605553526499185,0.7120000000000001,0.01734166466442404
Asp + Gly,Ec,M+R,Asp,Gly,M,R,0.04083333333333333,0.011728644896624294,M,0.005,0.0,R,0.005,0.0,0.01,0.03083333333333333,0.011728644896624294,Asp,Gly,1.0106666666666666,0.13303124110941428,0.7853333333333333,0.0620745072025904,1.2366666666666666,0.007605553526499185,0.7120000000000001,0.01734166466442404,0.1955,0.0023345235059857527,0.08383333333333333,0.0237085310477989,0.3591666666666667,0.07016761677899887,0.7853333333333333,0.0620745072025904,0.7120000000000001,0.01734166466442404
Asp + Gly,Ec,R+R,Asp,Gly,R,R,0.005,0.0,R,0.005,0.0,R,0.005,0.0,0.01,0.005,0.0,Asp,Gly,1.0106666666666666,0.13303124110941428,0.7853333333333333,0.0620745072025904,1.2366666666666666,0.007605553526499185,0.7120000000000001,0.01734166466442404,0.1955,0.0023345235059857527,0.08383333333333333,0.0237085310477989,0.3591666666666667,0.07016761677899887,0.7120000000000001,0.01734166466442404,0.7120000000000001,0.01734166466442404
Asp + Gly,Ec,C+S,Asp,Gly,C,S,0.005,0.0,C,0.005,0.0,S,0.005,0.0,0.01,0.005,0.0,Asp,Gly,1.0106666666666666,0.13303124110941428,0.7853333333333333,0.0620745072025904,1.2366666666666666,0.007605553526499185,0.7120000000000001,0.01734166466442404,0.1955,0.0023345235059857527,0.08383333333333333,0.0237085310477989,0.3591666666666667,0.07016761677899887,0.1955,0.0023345235059857527,0.08383333333333333,0.0237085310477989
Asp + Gly,Ec,F+S,Asp,Gly,F,S,0.01325,0.0022126530078919585,F,0.006166666666666667,0.00047726070210921183,S,0.005,0.0,0.011166666666666667,0.005,0.002263539509509633,Asp,Gly,1.0106666666666666,0.13303124110941428,0.7853333333333333,0.0620745072025904,1.2366666666666666,0.007605553526499185,0.7120000000000001,0.01734166466442404,0.1955,0.0023345235059857527,0.08383333333333333,0.0237085310477989,0.3591666666666667,0.07016761677899887,1.2366666666666666,0.007605553526499185,0.08383333333333333,0.0237085310477989
Asp + Gly,Ec,M+S,Asp,Gly,M,S,0.018,0.0014375905768565205,M,0.005,0.0,S,0.005,0.0,0.01,0.007999999999999998,0.0014375905768565205,Asp,Gly,1.0106666666666666,0.13303124110941428,0.7853333333333333,0.0620745072025904,1.2366666666666666,0.007605553526499185,0.7120000000000001,0.01734166466442404,0.1955,0.0023345235059857527,0.08383333333333333,0.0237085310477989,0.3591666666666667,0.07016761677899887,0.7853333333333333,0.0620745072025904,0.08383333333333333,0.0237085310477989
Asp + Gly,Ec,R+S,Asp,Gly,R,S,0.0135,0.002171788817234923,R,0.005,0.0,S,0.005,0.0,0.01,0.005,0.002171788817234923,Asp,Gly,1.0106666666666666,0.13303124110941428,0.7853333333333333,0.0620745072025904,1.2366666666666666,0.007605553526499185,0.7120000000000001,0.01734166466442404,0.1955,0.0023345235059857527,0.08383333333333333,0.0237085310477989,0.3591666666666667,0.07016761677899887,0.7120000000000001,0.01734166466442404,0.08383333333333333,0.0237085310477989
Asp + Gly,Ec,S+S,Asp,Gly,S,S,0.005,0.0,S,0.005,0.0,S,0.005,0.0,0.01,0.005,0.0,Asp,Gly,1.0106666666666666,0.13303124110941428,0.7853333333333333,0.0620745072025904,1.2366666666666666,0.007605553526499185,0.7120000000000001,0.01734166466442404,0.1955,0.0023345235059857527,0.08383333333333333,0.0237085310477989,0.3591666666666667,0.07016761677899887,0.08383333333333333,0.0237085310477989,0.08383333333333333,0.0237085310477989
Asp + Gly,Ec,WT+WT,Asp,Gly,WT,WT,1.0106666666666666,0.13303124110941428,,,,,,,,1.0106666666666666,0.0,Asp,Gly,1.0106666666666666,0.13303124110941428,0.7853333333333333,0.0620745072025904,1.2366666666666666,0.007605553526499185,0.7120000000000001,0.01734166466442404,0.1955,0.0023345235059857527,0.08383333333333333,0.0237085310477989,0.3591666666666667,0.07016761677899887,1.0106666666666666,0.13303124110941428,1.0106666666666666,0.13303124110941428
Asp + NoC,Bs,C+C,Asp,NoC,C,C,0.005666666666666667,0.00042163702135578394,C,0.005666666666666667,0.00042163702135578394,C,0.005666666666666667,0.00042163702135578394,0.011333333333333334,0.005,0.0007302967433402215,Asp,NoC,0.09583333333333333,0.03397981426932434,0.23916666666666667,0.08521674978808126,0.07566666666666666,0.010445626410661598,0.057166666666666664,0.006949420439464317,0.107,0.020839065877977028,0.042833333333333334,0.007704616220884147,0.134,0.009237604307034014,0.107,0.020839065877977028,0.107,0.020839065877977028
Asp + NoC,Bs,F+C,Asp,NoC,F,C,0.0395,0.004787135538781689,F,0.018666666666666668,0.004013864859597432,C,0.005666666666666667,0.00042163702135578394,0.024333333333333335,0.015166666666666665,0.006261433985562377,Asp,NoC,0.09583333333333333,0.03397981426932434,0.23916666666666667,0.08521674978808126,0.07566666666666666,0.010445626410661598,0.057166666666666664,0.006949420439464317,0.107,0.020839065877977028,0.042833333333333334,0.007704616220884147,0.134,0.009237604307034014,0.107,0.020839065877977028,0.07566666666666666,0.010445626410661598
Asp + NoC,Bs,M+C,Asp,NoC,M,C,0.0305,0.003293933818400121,M,0.011666666666666665,0.005232377832092955,C,0.005666666666666667,0.00042163702135578394,0.017333333333333333,0.013166666666666667,0.006197221599681228,Asp,NoC,0.09583333333333333,0.03397981426932434,0.23916666666666667,0.08521674978808126,0.07566666666666666,0.010445626410661598,0.057166666666666664,0.006949420439464317,0.107,0.020839065877977028,0.042833333333333334,0.007704616220884147,0.134,0.009237604307034014,0.23916666666666667,0.08521674978808126,0.107,0.020839065877977028
Asp + NoC,Bs,R+C,Asp,NoC,R,C,0.057499999999999996,0.008666987173560757,R,0.012166666666666666,0.002088327347690278,C,0.005666666666666667,0.00042163702135578394,0.017833333333333333,0.03966666666666666,0.008924996109554086,Asp,NoC,0.09583333333333333,0.03397981426932434,0.23916666666666667,0.08521674978808126,0.07566666666666666,0.010445626410661598,0.057166666666666664,0.006949420439464317,0.107,0.020839065877977028,0.042833333333333334,0.007704616220884147,0.134,0.009237604307034014,0.107,0.020839065877977028,0.057166666666666664,0.006949420439464317
Asp + NoC,Bs,F+F,Asp,NoC,F,F,0.018666666666666668,0.004013864859597432,F,0.018666666666666668,0.004013864859597432,F,0.018666666666666668,0.004013864859597432,0.037333333333333336,0.005,0.006952217871538071,Asp,NoC,0.09583333333333333,0.03397981426932434,0.23916666666666667,0.08521674978808126,0.07566666666666666,0.010445626410661598,0.057166666666666664,0.006949420439464317,0.107,0.020839065877977028,0.042833333333333334,0.007704616220884147,0.134,0.009237604307034014,0.07566666666666666,0.010445626410661598,0.07566666666666666,0.010445626410661598
Asp + NoC,Bs,M+F,Asp,NoC,M,F,0.050499999999999996,0.009222255689363641,M,0.011666666666666665,0.005232377832092955,F,0.018666666666666668,0.004013864859597432,0.030333333333333334,0.020166666666666663,0.011337499234350092,Asp,NoC,0.09583333333333333,0.03397981426932434,0.23916666666666667,0.08521674978808126,0.07566666666666666,0.010445626410661598,0.057166666666666664,0.006949420439464317,0.107,0.020839065877977028,0.042833333333333334,0.007704616220884147,0.134,0.009237604307034014,0.23916666666666667,0.08521674978808126,0.07566666666666666,0.010445626410661598
Asp + NoC,Bs,C+L,Asp,NoC,C,L,0.019666666666666666,0.008834276679187972,C,0.005666666666666667,0.00042163702135578394,L,0.0055000000000000005,0.00034156502553198657,0.011166666666666668,0.008499999999999997,0.008850925877493773,Asp,NoC,0.09583333333333333,0.03397981426932434,0.23916666666666667,0.08521674978808126,0.07566666666666666,0.010445626410661598,0.057166666666666664,0.006949420439464317,0.107,0.020839065877977028,0.042833333333333334,0.007704616220884147,0.134,0.009237604307034014,0.134,0.009237604307034014,0.107,0.020839065877977028
Asp + NoC,Bs,F+L,Asp,NoC,F,L,0.042333333333333334,0.002431277670508062,F,0.018666666666666668,0.004013864859597432,L,0.0055000000000000005,0.00034156502553198657,0.02416666666666667,0.018166666666666664,0.0047051980711643685,Asp,NoC,0.09583333333333333,0.03397981426932434,0.23916666666666667,0.08521674978808126,0.07566666666666666,0.010445626410661598,0.057166666666666664,0.006949420439464317,0.107,0.020839065877977028,0.042833333333333334,0.007704616220884147,0.134,0.009237604307034014,0.134,0.009237604307034014,0.07566666666666666,0.010445626410661598
Asp + NoC,Bs,L+L,Asp,NoC,L,L,0.0055000000000000005,0.00034156502553198657,L,0.0055000000000000005,0.00034156502553198657,L,0.0055000000000000005,0.00034156502553198657,0.011000000000000001,0.005,0.0005916079783099615,Asp,NoC,0.09583333333333333,0.03397981426932434,0.23916666666666667,0.08521674978808126,0.07566666666666666,0.010445626410661598,0.057166666666666664,0.006949420439464317,0.107,0.020839065877977028,0.042833333333333334,0.007704616220884147,0.134,0.009237604307034014,0.134,0.009237604307034014,0.134,0.009237604307034014
Asp + NoC,Bs,M+L,Asp,NoC,M,L,0.05316666666666667,0.004094033599167343,M,0.011666666666666665,0.005232377832092955,L,0.0055000000000000005,0.00034156502553198657,0.017166666666666667,0.036000000000000004,0.006652484915845773,Asp,NoC,0.09583333333333333,0.03397981426932434,0.23916666666666667,0.08521674978808126,0.07566666666666666,0.010445626410661598,0.057166666666666664,0.006949420439464317,0.107,0.020839065877977028,0.042833333333333334,0.007704616220884147,0.134,0.009237604307034014,0.23916666666666667,0.08521674978808126,0.134,0.009237604307034014
Asp + NoC,Bs,R+L,Asp,NoC,R,L,0.050499999999999996,0.0034616951531487197,R,0.012166666666666666,0.002088327347690278,L,0.0055000000000000005,0.00034156502553198657,0.017666666666666667,0.032833333333333325,0.004057229487114466,Asp,NoC,0.09583333333333333,0.03397981426932434,0.23916666666666667,0.08521674978808126,0.07566666666666666,0.010445626410661598,0.057166666666666664,0.006949420439464317,0.107,0.020839065877977028,0.042833333333333334,0.007704616220884147,0.134,0.009237604307034014,0.134,0.009237604307034014,0.057166666666666664,0.006949420439464317
Asp + NoC,Bs,S+L,Asp,NoC,S,L,0.014166666666666668,0.0036915820155832622,S,0.005,0.0,L,0.0055000000000000005,0.00034156502553198657,0.0105,0.005,0.0037073500569064755,Asp,NoC,0.09583333333333333,0.03397981426932434,0.23916666666666667,0.08521674978808126,0.07566666666666666,0.010445626410661598,0.057166666666666664,0.006949420439464317,0.107,0.020839065877977028,0.042833333333333334,0.007704616220884147,0.134,0.009237604307034014,0.134,0.009237604307034014,0.042833333333333334,0.007704616220884147
Asp + NoC,Bs,M+M,Asp,NoC,M,M,0.011666666666666665,0.005232377832092955,M,0.011666666666666665,0.005232377832092955,M,0.011666666666666665,0.005232377832092955,0.02333333333333333,0.005,0.009062744249582094,Asp,NoC,0.09583333333333333,0.03397981426932434,0.23916666666666667,0.08521674978808126,0.07566666666666666,0.010445626410661598,0.057166666666666664,0.006949420439464317,0.107,0.020839065877977028,0.042833333333333334,0.007704616220884147,0.134,0.009237604307034014,0.23916666666666667,0.08521674978808126,0.23916666666666667,0.08521674978808126
Asp + NoC,Bs,F+R,Asp,NoC,F,R,0.0665,0.0058008620049092696,F,0.018666666666666668,0.004013864859597432,R,0.012166666666666666,0.002088327347690278,0.030833333333333334,0.035666666666666666,0.007356780696896042,Asp,NoC,0.09583333333333333,0.03397981426932434,0.23916666666666667,0.08521674978808126,0.07566666666666666,0.010445626410661598,0.057166666666666664,0.006949420439464317,0.107,0.020839065877977028,0.042833333333333334,0.007704616220884147,0.134,0.009237604307034014,0.07566666666666666,0.010445626410661598,0.057166666666666664,0.006949420439464317
Asp + NoC,Bs,M+R,Asp,NoC,M,R,0.07783333333333332,0.012397356349014269,M,0.011666666666666665,0.005232377832092955,R,0.012166666666666666,0.002088327347690278,0.02383333333333333,0.05399999999999999,0.01361739084161622,Asp,NoC,0.09583333333333333,0.03397981426932434,0.23916666666666667,0.08521674978808126,0.07566666666666666,0.010445626410661598,0.057166666666666664,0.006949420439464317,0.107,0.020839065877977028,0.042833333333333334,0.007704616220884147,0.134,0.009237604307034014,0.23916666666666667,0.08521674978808126,0.057166666666666664,0.006949420439464317
Asp + NoC,Bs,R+R,Asp,NoC,R,R,0.012166666666666666,0.002088327347690278,R,0.012166666666666666,0.002088327347690278,R,0.012166666666666666,0.002088327347690278,0.024333333333333332,0.005,0.003617089069035118,Asp,NoC,0.09583333333333333,0.03397981426932434,0.23916666666666667,0.08521674978808126,0.07566666666666666,0.010445626410661598,0.057166666666666664,0.006949420439464317,0.107,0.020839065877977028,0.042833333333333334,0.007704616220884147,0.134,0.009237604307034014,0.057166666666666664,0.006949420439464317,0.057166666666666664,0.006949420439464317
Asp + NoC,Bs,C+S,Asp,NoC,C,S,0.006833333333333334,0.0004013864859597432,C,0.005666666666666667,0.00042163702135578394,S,0.005,0.0,0.010666666666666668,0.005,0.0005821416398857661,Asp,NoC,0.09583333333333333,0.03397981426932434,0.23916666666666667,0.08521674978808126,0.07566666666666666,0.010445626410661598,0.057166666666666664,0.006949420439464317,0.107,0.020839065877977028,0.042833333333333334,0.007704616220884147,0.134,0.009237604307034014,0.107,0.020839065877977028,0.042833333333333334,0.007704616220884147
Asp + NoC,Bs,F+S,Asp,NoC,F,S,0.04416666666666667,0.0030156996608489465,F,0.018666666666666668,0.004013864859597432,S,0.005,0.0,0.02366666666666667,0.020499999999999997,0.0050205134752887145,Asp,NoC,0.09583333333333333,0.03397981426932434,0.23916666666666667,0.08521674978808126,0.07566666666666666,0.010445626410661598,0.057166666666666664,0.006949420439464317,0.107,0.020839065877977028,0.042833333333333334,0.007704616220884147,0.134,0.009237604307034014,0.07566666666666666,0.010445626410661598,0.042833333333333334,0.007704616220884147
Asp + NoC,Bs,M+S,Asp,NoC,M,S,0.028833333333333332,0.002468692861504738,M,0.011666666666666665,0.005232377832092955,S,0.005,0.0,0.016666666666666666,0.012166666666666666,0.0057855183192365945,Asp,NoC,0.09583333333333333,0.03397981426932434,0.23916666666666667,0.08521674978808126,0.07566666666666666,0.010445626410661598,0.057166666666666664,0.006949420439464317,0.107,0.020839065877977028,0.042833333333333334,0.007704616220884147,0.134,0.009237604307034014,0.23916666666666667,0.08521674978808126,0.042833333333333334,0.007704616220884147
Asp + NoC,Bs,R+S,Asp,NoC,R,S,0.0735,0.007932002689527195,R,0.012166666666666666,0.002088327347690278,S,0.005,0.0,0.017166666666666667,0.05633333333333333,0.008202303199576187,Asp,NoC,0.09583333333333333,0.03397981426932434,0.23916666666666667,0.08521674978808126,0.07566666666666666,0.010445626410661598,0.057166666666666664,0.006949420439464317,0.107,0.020839065877977028,0.042833333333333334,0.007704616220884147,0.134,0.009237604307034014,0.057166666666666664,0.006949420439464317,0.042833333333333334,0.007704616220884147
Asp + NoC,Bs,S+S,Asp,NoC,S,S,0.005,0.0,S,0.005,0.0,S,0.005,0.0,0.01,0.005,0.0,Asp,NoC,0.09583333333333333,0.03397981426932434,0.23916666666666667,0.08521674978808126,0.07566666666666666,0.010445626410661598,0.057166666666666664,0.006949420439464317,0.107,0.020839065877977028,0.042833333333333334,0.007704616220884147,0.134,0.009237604307034014,0.042833333333333334,0.007704616220884147,0.042833333333333334,0.007704616220884147
Asp + NoC,Bs,WT+WT,Asp,NoC,WT,WT,0.09583333333333333,0.03397981426932434,,,,,,,,0.09583333333333333,0.0,Asp,NoC,0.09583333333333333,0.03397981426932434,0.23916666666666667,0.08521674978808126,0.07566666666666666,0.010445626410661598,0.057166666666666664,0.006949420439464317,0.107,0.020839065877977028,0.042833333333333334,0.007704616220884147,0.134,0.009237604307034014,0.09583333333333333,0.03397981426932434,0.09583333333333333,0.03397981426932434
Asp + NoC,Ec,C+C,Asp,NoC,C,C,0.005,0.0,C,0.005,0.0,C,0.005,0.0,0.01,0.005,0.0,Asp,NoC,0.15316666666666665,0.040731164699499785,0.2578333333333333,0.0350375195722782,0.149,0.019582304937536505,0.13333333333333333,0.024580028026383077,0.051166666666666666,0.0017207879332187077,0.034999999999999996,0.004837354648979129,0.15366666666666667,0.021790925736288592,0.051166666666666666,0.0017207879332187077,0.051166666666666666,0.0017207879332187077
Asp + NoC,Ec,F+C,Asp,NoC,F,C,0.017166666666666667,0.000909822937597079,F,0.007833333333333333,0.001536590742882148,C,0.005,0.0,0.012833333333333332,0.005,0.00178574603146385,Asp,NoC,0.15316666666666665,0.040731164699499785,0.2578333333333333,0.0350375195722782,0.149,0.019582304937536505,0.13333333333333333,0.024580028026383077,0.051166666666666666,0.0017207879332187077,0.034999999999999996,0.004837354648979129,0.15366666666666667,0.021790925736288592,0.149,0.019582304937536505,0.051166666666666666,0.0017207879332187077
Asp + NoC,Ec,M+C,Asp,NoC,M,C,0.005,0.0,M,0.005,0.0,C,0.005,0.0,0.01,0.005,0.0,Asp,NoC,0.15316666666666665,0.040731164699499785,0.2578333333333333,0.0350375195722782,0.149,0.019582304937536505,0.13333333333333333,0.024580028026383077,0.051166666666666666,0.0017207879332187077,0.034999999999999996,0.004837354648979129,0.15366666666666667,0.021790925736288592,0.2578333333333333,0.0350375195722782,0.051166666666666666,0.0017207879332187077
Asp + NoC,Ec,R+C,Asp,NoC,R,C,0.005166666666666667,0.00016666666666666663,R,0.005,0.0,C,0.005,0.0,0.01,0.005,0.00016666666666666663,Asp,NoC,0.15316666666666665,0.040731164699499785,0.2578333333333333,0.0350375195722782,0.149,0.019582304937536505,0.13333333333333333,0.024580028026383077,0.051166666666666666,0.0017207879332187077,0.034999999999999996,0.004837354648979129,0.15366666666666667,0.021790925736288592,0.13333333333333333,0.024580028026383077,0.051166666666666666,0.0017207879332187077
Asp + NoC,Ec,F+F,Asp,NoC,F,F,0.007833333333333333,0.001536590742882148,F,0.007833333333333333,0.001536590742882148,F,0.007833333333333333,0.001536590742882148,0.015666666666666666,0.005,0.0026614532371118855,Asp,NoC,0.15316666666666665,0.040731164699499785,0.2578333333333333,0.0350375195722782,0.149,0.019582304937536505,0.13333333333333333,0.024580028026383077,0.051166666666666666,0.0017207879332187077,0.034999999999999996,0.004837354648979129,0.15366666666666667,0.021790925736288592,0.149,0.019582304937536505,0.149,0.019582304937536505
Asp + NoC,Ec,M+F,Asp,NoC,M,F,0.023333333333333334,0.005829046043545872,M,0.005,0.0,F,0.007833333333333333,0.001536590742882148,0.012833333333333332,0.010500000000000002,0.0060281745901134024,Asp,NoC,0.15316666666666665,0.040731164699499785,0.2578333333333333,0.0350375195722782,0.149,0.019582304937536505,0.13333333333333333,0.024580028026383077,0.051166666666666666,0.0017207879332187077,0.034999999999999996,0.004837354648979129,0.15366666666666667,0.021790925736288592,0.2578333333333333,0.0350375195722782,0.149,0.019582304937536505
Asp + NoC,Ec,C+L,Asp,NoC,C,L,0.005,0.0,C,0.005,0.0,L,0.005,0.0,0.01,0.005,0.0,Asp,NoC,0.15316666666666665,0.040731164699499785,0.2578333333333333,0.0350375195722782,0.149,0.019582304937536505,0.13333333333333333,0.024580028026383077,0.051166666666666666,0.0017207879332187077,0.034999999999999996,0.004837354648979129,0.15366666666666667,0.021790925736288592,0.15366666666666667,0.021790925736288592,0.051166666666666666,0.0017207879332187077
Asp + NoC,Ec,F+L,Asp,NoC,F,L,0.034999999999999996,0.002943920288775949,F,0.007833333333333333,0.001536590742882148,L,0.005,0.0,0.012833333333333332,0.022166666666666664,0.003320809807528546,Asp,NoC,0.15316666666666665,0.040731164699499785,0.2578333333333333,0.0350375195722782,0.149,0.019582304937536505,0.13333333333333333,0.024580028026383077,0.051166666666666666,0.0017207879332187077,0.034999999999999996,0.004837354648979129,0.15366666666666667,0.021790925736288592,0.15366666666666667,0.021790925736288592,0.149,0.019582304937536505
Asp + NoC,Ec,L+L,Asp,NoC,L,L,0.005,0.0,L,0.005,0.0,L,0.005,0.0,0.01,0.005,0.0,Asp,NoC,0.15316666666666665,0.040731164699499785,0.2578333333333333,0.0350375195722782,0.149,0.019582304937536505,0.13333333333333333,0.024580028026383077,0.051166666666666666,0.0017207879332187077,0.034999999999999996,0.004837354648979129,0.15366666666666667,0.021790925736288592,0.15366666666666667,0.021790925736288592,0.15366666666666667,0.021790925736288592
Asp + NoC,Ec,M+L,Asp,NoC,M,L,0.025666666666666667,0.0024585451886114363,M,0.005,0.0,L,0.005,0.0,0.01,0.01566666666666667,0.0024585451886114363,Asp,NoC,0.15316666666666665,0.040731164699499785,0.2578333333333333,0.0350375195722782,0.149,0.019582304937536505,0.13333333333333333,0.024580028026383077,0.051166666666666666,0.0017207879332187077,0.034999999999999996,0.004837354648979129,0.15366666666666667,0.021790925736288592,0.2578333333333333,0.0350375195722782,0.15366666666666667,0.021790925736288592
Asp + NoC,Ec,R+L,Asp,NoC,R,L,0.009,0.00254296414970142,R,0.005,0.0,L,0.005,0.0,0.01,0.005,0.00254296414970142,Asp,NoC,0.15316666666666665,0.040731164699499785,0.2578333333333333,0.0350375195722782,0.149,0.019582304937536505,0.13333333333333333,0.024580028026383077,0.051166666666666666,0.0017207879332187077,0.034999999999999996,0.004837354648979129,0.15366666666666667,0.021790925736288592,0.15366666666666667,0.021790925736288592,0.13333333333333333,0.024580028026383077
Asp + NoC,Ec,S+L,Asp,NoC,S,L,0.005,0.0,S,0.005,0.0,L,0.005,0.0,0.01,0.005,0.0,Asp,NoC,0.15316666666666665,0.040731164699499785,0.2578333333333333,0.0350375195722782,0.149,0.019582304937536505,0.13333333333333333,0.024580028026383077,0.051166666666666666,0.0017207879332187077,0.034999999999999996,0.004837354648979129,0.15366666666666667,0.021790925736288592,0.15366666666666667,0.021790925736288592,0.034999999999999996,0.004837354648979129
Asp + NoC,Ec,M+M,Asp,NoC,M,M,0.005,0.0,M,0.005,0.0,M,0.005,0.0,0.01,0.005,0.0,Asp,NoC,0.15316666666666665,0.040731164699499785,0.2578333333333333,0.0350375195722782,0.149,0.019582304937536505,0.13333333333333333,0.024580028026383077,0.051166666666666666,0.0017207879332187077,0.034999999999999996,0.004837354648979129,0.15366666666666667,0.021790925736288592,0.2578333333333333,0.0350375195722782,0.2578333333333333,0.0350375195722782
Asp + NoC,Ec,F+R,Asp,NoC,F,R,0.034333333333333334,0.0023190036174568123,F,0.007833333333333333,0.001536590742882148,R,0.005,0.0,0.012833333333333332,0.021500000000000002,0.0027818858511608436,Asp,NoC,0.15316666666666665,0.040731164699499785,0.2578333333333333,0.0350375195722782,0.149,0.019582304937536505,0.13333333333333333,0.024580028026383077,0.051166666666666666,0.0017207879332187077,0.034999999999999996,0.004837354648979129,0.15366666666666667,0.021790925736288592,0.149,0.019582304937536505,0.13333333333333333,0.024580028026383077
Asp + NoC,Ec,M+R,Asp,NoC,M,R,0.036333333333333336,0.001021980647783726,M,0.005,0.0,R,0.005,0.0,0.01,0.026333333333333334,0.001021980647783726,Asp,NoC,0.15316666666666665,0.040731164699499785,0.2578333333333333,0.0350375195722782,0.149,0.019582304937536505,0.13333333333333333,0.024580028026383077,0.051166666666666666,0.0017207879332187077,0.034999999999999996,0.004837354648979129,0.15366666666666667,0.021790925736288592,0.2578333333333333,0.0350375195722782,0.13333333333333333,0.024580028026383077
Asp + NoC,Ec,R+R,Asp,NoC,R,R,0.005,0.0,R,0.005,0.0,R,0.005,0.0,0.01,0.005,0.0,Asp,NoC,0.15316666666666665,0.040731164699499785,0.2578333333333333,0.0350375195722782,0.149,0.019582304937536505,0.13333333333333333,0.024580028026383077,0.051166666666666666,0.0017207879332187077,0.034999999999999996,0.004837354648979129,0.15366666666666667,0.021790925736288592,0.13333333333333333,0.024580028026383077,0.13333333333333333,0.024580028026383077
Asp + NoC,Ec,C+S,Asp,NoC,C,S,0.005,0.0,C,0.005,0.0,S,0.005,0.0,0.01,0.005,0.0,Asp,NoC,0.15316666666666665,0.040731164699499785,0.2578333333333333,0.0350375195722782,0.149,0.019582304937536505,0.13333333333333333,0.024580028026383077,0.051166666666666666,0.0017207879332187077,0.034999999999999996,0.004837354648979129,0.15366666666666667,0.021790925736288592,0.051166666666666666,0.0017207879332187077,0.034999999999999996,0.004837354648979129
Asp + NoC,Ec,F+S,Asp,NoC,F,S,0.02475,0.0019311050377094124,F,0.007833333333333333,0.001536590742882148,S,0.005,0.0,0.012833333333333332,0.01191666666666667,0.002467848815826809,Asp,NoC,0.15316666666666665,0.040731164699499785,0.2578333333333333,0.0350375195722782,0.149,0.019582304937536505,0.13333333333333333,0.024580028026383077,0.051166666666666666,0.0017207879332187077,0.034999999999999996,0.004837354648979129,0.15366666666666667,0.021790925736288592,0.149,0.019582304937536505,0.034999999999999996,0.004837354648979129
Asp + NoC,Ec,M+S,Asp,NoC,M,S,0.015666666666666666,0.0013333333333333335,M,0.005,0.0,S,0.005,0.0,0.01,0.005666666666666665,0.0013333333333333335,Asp,NoC,0.15316666666666665,0.040731164699499785,0.2578333333333333,0.0350375195722782,0.149,0.019582304937536505,0.13333333333333333,0.024580028026383077,0.051166666666666666,0.0017207879332187077,0.034999999999999996,0.004837354648979129,0.15366666666666667,0.021790925736288592,0.2578333333333333,0.0350375195722782,0.034999999999999996,0.004837354648979129
Asp + NoC,Ec,R+S,Asp,NoC,R,S,0.010333333333333333,0.0008027729719194865,R,0.005,0.0,S,0.005,0.0,0.01,0.005,0.0008027729719194865,Asp,NoC,0.15316666666666665,0.040731164699499785,0.2578333333333333,0.0350375195722782,0.149,0.019582304937536505,0.13333333333333333,0.024580028026383077,0.051166666666666666,0.0017207879332187077,0.034999999999999996,0.004837354648979129,0.15366666666666667,0.021790925736288592,0.13333333333333333,0.024580028026383077,0.034999999999999996,0.004837354648979129
Asp + NoC,Ec,S+S,Asp,NoC,S,S,0.005,0.0,S,0.005,0.0,S,0.005,0.0,0.01,0.005,0.0,Asp,NoC,0.15316666666666665,0.040731164699499785,0.2578333333333333,0.0350375195722782,0.149,0.019582304937536505,0.13333333333333333,0.024580028026383077,0.051166666666666666,0.0017207879332187077,0.034999999999999996,0.004837354648979129,0.15366666666666667,0.021790925736288592,0.034999999999999996,0.004837354648979129,0.034999999999999996,0.004837354648979129
Asp + NoC,Ec,WT+WT,Asp,NoC,WT,WT,0.15316666666666665,0.040731164699499785,,,,,,,,0.15316666666666665,0.0,Asp,NoC,0.15316666666666665,0.040731164699499785,0.2578333333333333,0.0350375195722782,0.149,0.019582304937536505,0.13333333333333333,0.024580028026383077,0.051166666666666666,0.0017207879332187077,0.034999999999999996,0.004837354648979129,0.15366666666666667,0.021790925736288592,0.15316666666666665,0.040731164699499785,0.15316666666666665,0.040731164699499785
GNAc + Fum,Bs,C+C,GNAc,Fum,C,C,0.005,0.0,C,0.005,0.0,C,0.005,0.0,0.01,0.005,0.0,GNAc,Fum,0.11233333333333334,0.004944132324730442,0.13633333333333333,0.007477373276165306,0.142,0.006496152707564688,0.04783333333333333,0.0031455435848902875,0.0425,0.0012583057392117922,0.005,0.0,0.15233333333333335,0.00886064958742366,0.0425,0.0012583057392117922,0.0425,0.0012583057392117922
GNAc + Fum,Bs,F+C,GNAc,Fum,F,C,0.04133333333333333,0.006069962474714688,F,0.008166666666666668,0.0020069324297987156,C,0.005,0.0,0.013166666666666667,0.028166666666666666,0.006393138683168247,GNAc,Fum,0.11233333333333334,0.004944132324730442,0.13633333333333333,0.007477373276165306,0.142,0.006496152707564688,0.04783333333333333,0.0031455435848902875,0.0425,0.0012583057392117922,0.005,0.0,0.15233333333333335,0.00886064958742366,0.142,0.006496152707564688,0.0425,0.0012583057392117922
GNAc + Fum,Bs,M+C,GNAc,Fum,M,C,0.013666666666666667,0.005174724898753341,M,0.005333333333333333,0.0003333333333333334,C,0.005,0.0,0.010333333333333333,0.005,0.005185449728701348,GNAc,Fum,0.11233333333333334,0.004944132324730442,0.13633333333333333,0.007477373276165306,0.142,0.006496152707564688,0.04783333333333333,0.0031455435848902875,0.0425,0.0012583057392117922,0.005,0.0,0.15233333333333335,0.00886064958742366,0.13633333333333333,0.007477373276165306,0.0425,0.0012583057392117922
GNAc + Fum,Bs,R+C,GNAc,Fum,R,C,0.06083333333333333,0.029575233632964666,R,0.005666666666666667,0.0004944132324730441,C,0.005,0.0,0.010666666666666668,0.050166666666666665,0.02957936593115019,GNAc,Fum,0.11233333333333334,0.004944132324730442,0.13633333333333333,0.007477373276165306,0.142,0.006496152707564688,0.04783333333333333,0.0031455435848902875,0.0425,0.0012583057392117922,0.005,0.0,0.15233333333333335,0.00886064958742366,0.04783333333333333,0.0031455435848902875,0.0425,0.0012583057392117922
GNAc + Fum,Bs,F+F,GNAc,Fum,F,F,0.008166666666666668,0.0020069324297987156,F,0.008166666666666668,0.0020069324297987156,F,0.008166666666666668,0.0020069324297987156,0.016333333333333335,0.005,0.0034761089357690346,GNAc,Fum,0.11233333333333334,0.004944132324730442,0.13633333333333333,0.007477373276165306,0.142,0.006496152707564688,0.04783333333333333,0.0031455435848902875,0.0425,0.0012583057392117922,0.005,0.0,0.15233333333333335,0.00886064958742366,0.142,0.006496152707564688,0.142,0.006496152707564688
GNAc + Fum,Bs,M+F,GNAc,Fum,M,F,0.04833333333333333,0.011438725647747849,M,0.005333333333333333,0.0003333333333333334,F,0.008166666666666668,0.0020069324297987156,0.013500000000000002,0.03483333333333333,0.011618232797346303,GNAc,Fum,0.11233333333333334,0.004944132324730442,0.13633333333333333,0.007477373276165306,0.142,0.006496152707564688,0.04783333333333333,0.0031455435848902875,0.0425,0.0012583057392117922,0.005,0.0,0.15233333333333335,0.00886064958742366,0.142,0.006496152707564688,0.13633333333333333,0.007477373276165306
GNAc + Fum,Bs,C+L,GNAc,Fum,C,L,0.010333333333333333,0.0018378731669453628,C,0.005,0.0,L,0.005,0.0,0.01,0.005,0.0018378731669453628,GNAc,Fum,0.11233333333333334,0.004944132324730442,0.13633333333333333,0.007477373276165306,0.142,0.006496152707564688,0.04783333333333333,0.0031455435848902875,0.0425,0.0012583057392117922,0.005,0.0,0.15233333333333335,0.00886064958742366,0.15233333333333335,0.00886064958742366,0.0425,0.0012583057392117922
GNAc + Fum,Bs,F+L,GNAc,Fum,F,L,0.0555,0.022461448454333188,F,0.008166666666666668,0.0020069324297987156,L,0.005,0.0,0.013166666666666667,0.042333333333333334,0.022550930012849683,GNAc,Fum,0.11233333333333334,0.004944132324730442,0.13633333333333333,0.007477373276165306,0.142,0.006496152707564688,0.04783333333333333,0.0031455435848902875,0.0425,0.0012583057392117922,0.005,0.0,0.15233333333333335,0.00886064958742366,0.15233333333333335,0.00886064958742366,0.142,0.006496152707564688
GNAc + Fum,Bs,L+L,GNAc,Fum,L,L,0.005,0.0,L,0.005,0.0,L,0.005,0.0,0.01,0.005,0.0,GNAc,Fum,0.11233333333333334,0.004944132324730442,0.13633333333333333,0.007477373276165306,0.142,0.006496152707564688,0.04783333333333333,0.0031455435848902875,0.0425,0.0012583057392117922,0.005,0.0,0.15233333333333335,0.00886064958742366,0.15233333333333335,0.00886064958742366,0.15233333333333335,0.00886064958742366
GNAc + Fum,Bs,M+L,GNAc,Fum,M,L,0.18183333333333332,0.03925677577749406,M,0.005333333333333333,0.0003333333333333334,L,0.005,0.0,0.010333333333333333,0.17149999999999999,0.03925819093584874,GNAc,Fum,0.11233333333333334,0.004944132324730442,0.13633333333333333,0.007477373276165306,0.142,0.006496152707564688,0.04783333333333333,0.0031455435848902875,0.0425,0.0012583057392117922,0.005,0.0,0.15233333333333335,0.00886064958742366,0.15233333333333335,0.00886064958742366,0.13633333333333333,0.007477373276165306
GNAc + Fum,Bs,R+L,GNAc,Fum,R,L,0.17316666666666666,0.06089084039857263,R,0.005666666666666667,0.0004944132324730441,L,0.005,0.0,0.010666666666666668,0.1625,0.0608928476004275,GNAc,Fum,0.11233333333333334,0.004944132324730442,0.13633333333333333,0.007477373276165306,0.142,0.006496152707564688,0.04783333333333333,0.0031455435848902875,0.0425,0.0012583057392117922,0.005,0.0,0.15233333333333335,0.00886064958742366,0.15233333333333335,0.00886064958742366,0.04783333333333333,0.0031455435848902875
GNAc + Fum,Bs,S+L,GNAc,Fum,S,L,0.14933333333333335,0.06507721908966642,S,0.005,0.0,L,0.005,0.0,0.01,0.13933333333333334,0.06507721908966642,GNAc,Fum,0.11233333333333334,0.004944132324730442,0.13633333333333333,0.007477373276165306,0.142,0.006496152707564688,0.04783333333333333,0.0031455435848902875,0.0425,0.0012583057392117922,0.005,0.0,0.15233333333333335,0.00886064958742366,0.15233333333333335,0.00886064958742366,0.005,0.0
GNAc + Fum,Bs,M+M,GNAc,Fum,M,M,0.005333333333333333,0.0003333333333333334,M,0.005333333333333333,0.0003333333333333334,M,0.005333333333333333,0.0003333333333333334,0.010666666666666666,0.005,0.0005773502691896258,GNAc,Fum,0.11233333333333334,0.004944132324730442,0.13633333333333333,0.007477373276165306,0.142,0.006496152707564688,0.04783333333333333,0.0031455435848902875,0.0425,0.0012583057392117922,0.005,0.0,0.15233333333333335,0.00886064958742366,0.13633333333333333,0.007477373276165306,0.13633333333333333,0.007477373276165306
GNAc + Fum,Bs,F+R,GNAc,Fum,F,R,0.04566666666666667,0.0027888667551135855,F,0.008166666666666668,0.0020069324297987156,R,0.005666666666666667,0.0004944132324730441,0.013833333333333335,0.03183333333333333,0.003471310991541956,GNAc,Fum,0.11233333333333334,0.004944132324730442,0.13633333333333333,0.007477373276165306,0.142,0.006496152707564688,0.04783333333333333,0.0031455435848902875,0.0425,0.0012583057392117922,0.005,0.0,0.15233333333333335,0.00886064958742366,0.142,0.006496152707564688,0.04783333333333333,0.0031455435848902875
GNAc + Fum,Bs,M+R,GNAc,Fum,M,R,0.20766666666666667,0.06645834117032347,M,0.005333333333333333,0.0003333333333333334,R,0.005666666666666667,0.0004944132324730441,0.011,0.19666666666666666,0.06646101614229703,GNAc,Fum,0.11233333333333334,0.004944132324730442,0.13633333333333333,0.007477373276165306,0.142,0.006496152707564688,0.04783333333333333,0.0031455435848902875,0.0425,0.0012583057392117922,0.005,0.0,0.15233333333333335,0.00886064958742366,0.13633333333333333,0.007477373276165306,0.04783333333333333,0.0031455435848902875
GNAc + Fum,Bs,R+R,GNAc,Fum,R,R,0.005666666666666667,0.0004944132324730441,R,0.005666666666666667,0.0004944132324730441,R,0.005666666666666667,0.0004944132324730441,0.011333333333333334,0.005,0.0008563488385776752,GNAc,Fum,0.11233333333333334,0.004944132324730442,0.13633333333333333,0.007477373276165306,0.142,0.006496152707564688,0.04783333333333333,0.0031455435848902875,0.0425,0.0012583057392117922,0.005,0.0,0.15233333333333335,0.00886064958742366,0.04783333333333333,0.0031455435848902875,0.04783333333333333,0.0031455435848902875
GNAc + Fum,Bs,C+S,GNAc,Fum,C,S,0.006000000000000001,0.000632455532033676,C,0.005,0.0,S,0.005,0.0,0.01,0.005,0.000632455532033676,GNAc,Fum,0.11233333333333334,0.004944132324730442,0.13633333333333333,0.007477373276165306,0.142,0.006496152707564688,0.04783333333333333,0.0031455435848902875,0.0425,0.0012583057392117922,0.005,0.0,0.15233333333333335,0.00886064958742366,0.0425,0.0012583057392117922,0.005,0.0
GNAc + Fum,Bs,F+S,GNAc,Fum,F,S,0.0355,0.0027049337638224463,F,0.008166666666666668,0.0020069324297987156,S,0.005,0.0,0.013166666666666667,0.02233333333333333,0.003368151487751767,GNAc,Fum,0.11233333333333334,0.004944132324730442,0.13633333333333333,0.007477373276165306,0.142,0.006496152707564688,0.04783333333333333,0.0031455435848902875,0.0425,0.0012583057392117922,0.005,0.0,0.15233333333333335,0.00886064958742366,0.142,0.006496152707564688,0.005,0.0
GNAc + Fum,Bs,M+S,GNAc,Fum,M,S,0.013,0.0015055453054181624,M,0.005333333333333333,0.0003333333333333334,S,0.005,0.0,0.010333333333333333,0.005,0.0015420044674960506,GNAc,Fum,0.11233333333333334,0.004944132324730442,0.13633333333333333,0.007477373276165306,0.142,0.006496152707564688,0.04783333333333333,0.0031455435848902875,0.0425,0.0012583057392117922,0.005,0.0,0.15233333333333335,0.00886064958742366,0.13633333333333333,0.007477373276165306,0.005,0.0
GNAc + Fum,Bs,R+S,GNAc,Fum,R,S,0.10633333333333334,0.031031883245748685,R,0.005666666666666667,0.0004944132324730441,S,0.005,0.0,0.010666666666666668,0.09566666666666666,0.031035821597344936,GNAc,Fum,0.11233333333333334,0.004944132324730442,0.13633333333333333,0.007477373276165306,0.142,0.006496152707564688,0.04783333333333333,0.0031455435848902875,0.0425,0.0012583057392117922,0.005,0.0,0.15233333333333335,0.00886064958742366,0.04783333333333333,0.0031455435848902875,0.005,0.0
GNAc + Fum,Bs,S+S,GNAc,Fum,S,S,0.005,0.0,S,0.005,0.0,S,0.005,0.0,0.01,0.005,0.0,GNAc,Fum,0.11233333333333334,0.004944132324730442,0.13633333333333333,0.007477373276165306,0.142,0.006496152707564688,0.04783333333333333,0.0031455435848902875,0.0425,0.0012583057392117922,0.005,0.0,0.15233333333333335,0.00886064958742366,0.005,0.0,0.005,0.0
GNAc + Fum,Bs,WT+WT,GNAc,Fum,WT,WT,0.11233333333333334,0.004944132324730442,,,,,,,,0.11233333333333334,0.0,GNAc,Fum,0.11233333333333334,0.004944132324730442,0.13633333333333333,0.007477373276165306,0.142,0.006496152707564688,0.04783333333333333,0.0031455435848902875,0.0425,0.0012583057392117922,0.005,0.0,0.15233333333333335,0.00886064958742366,0.11233333333333334,0.004944132324730442,0.11233333333333334,0.004944132324730442
GNAc + Fum,Ec,C+C,GNAc,Fum,C,C,0.005,0.0,C,0.005,0.0,C,0.005,0.0,0.01,0.005,0.0,GNAc,Fum,0.1135,0.008705362332110788,0.166,0.004809712396114067,0.15616666666666668,0.030155614918471,0.11850000000000001,0.016016137695045788,0.09166666666666667,0.007495183638696104,0.059,0.009602083107326244,0.11016666666666668,0.006052088711988429,0.09166666666666667,0.007495183638696104,0.09166666666666667,0.007495183638696104
GNAc + Fum,Ec,F+C,GNAc,Fum,F,C,0.13216666666666665,0.005985630942329958,F,0.07583333333333334,0.01843441829236219,C,0.005,0.0,0.08083333333333334,0.051333333333333314,0.019381835711705833,GNAc,Fum,0.1135,0.008705362332110788,0.166,0.004809712396114067,0.15616666666666668,0.030155614918471,0.11850000000000001,0.016016137695045788,0.09166666666666667,0.007495183638696104,0.059,0.009602083107326244,0.11016666666666668,0.006052088711988429,0.15616666666666668,0.030155614918471,0.09166666666666667,0.007495183638696104
GNAc + Fum,Ec,M+C,GNAc,Fum,M,C,0.005166666666666667,0.00016666666666666653,M,0.005,0.0,C,0.005,0.0,0.01,0.005,0.00016666666666666653,GNAc,Fum,0.1135,0.008705362332110788,0.166,0.004809712396114067,0.15616666666666668,0.030155614918471,0.11850000000000001,0.016016137695045788,0.09166666666666667,0.007495183638696104,0.059,0.009602083107326244,0.11016666666666668,0.006052088711988429,0.166,0.004809712396114067,0.09166666666666667,0.007495183638696104
GNAc + Fum,Ec,R+C,GNAc,Fum,R,C,0.01,0.00270801280154532,R,0.005,0.0,C,0.005,0.0,0.01,0.005,0.00270801280154532,GNAc,Fum,0.1135,0.008705362332110788,0.166,0.004809712396114067,0.15616666666666668,0.030155614918471,0.11850000000000001,0.016016137695045788,0.09166666666666667,0.007495183638696104,0.059,0.009602083107326244,0.11016666666666668,0.006052088711988429,0.11850000000000001,0.016016137695045788,0.09166666666666667,0.007495183638696104
GNAc + Fum,Ec,F+F,GNAc,Fum,F,F,0.07583333333333334,0.01843441829236219,F,0.07583333333333334,0.01843441829236219,F,0.07583333333333334,0.01843441829236219,0.15166666666666667,0.005,0.03192934909034842,GNAc,Fum,0.1135,0.008705362332110788,0.166,0.004809712396114067,0.15616666666666668,0.030155614918471,0.11850000000000001,0.016016137695045788,0.09166666666666667,0.007495183638696104,0.059,0.009602083107326244,0.11016666666666668,0.006052088711988429,0.15616666666666668,0.030155614918471,0.15616666666666668,0.030155614918471
GNAc + Fum,Ec,M+F,GNAc,Fum,M,F,0.3428333333333333,0.10230556083506791,M,0.005,0.0,F,0.07583333333333334,0.01843441829236219,0.08083333333333334,0.262,0.10395314115290387,GNAc,Fum,0.1135,0.008705362332110788,0.166,0.004809712396114067,0.15616666666666668,0.030155614918471,0.11850000000000001,0.016016137695045788,0.09166666666666667,0.007495183638696104,0.059,0.009602083107326244,0.11016666666666668,0.006052088711988429,0.166,0.004809712396114067,0.15616666666666668,0.030155614918471
GNAc + Fum,Ec,C+L,GNAc,Fum,C,L,0.007333333333333333,0.0008027729719194864,C,0.005,0.0,L,0.005,0.0,0.01,0.005,0.0008027729719194864,GNAc,Fum,0.1135,0.008705362332110788,0.166,0.004809712396114067,0.15616666666666668,0.030155614918471,0.11850000000000001,0.016016137695045788,0.09166666666666667,0.007495183638696104,0.059,0.009602083107326244,0.11016666666666668,0.006052088711988429,0.11016666666666668,0.006052088711988429,0.09166666666666667,0.007495183638696104
GNAc + Fum,Ec,F+L,GNAc,Fum,F,L,0.08516666666666667,0.004392544188103795,F,0.07583333333333334,0.01843441829236219,L,0.005,0.0,0.08083333333333334,0.005,0.018950520368111852,GNAc,Fum,0.1135,0.008705362332110788,0.166,0.004809712396114067,0.15616666666666668,0.030155614918471,0.11850000000000001,0.016016137695045788,0.09166666666666667,0.007495183638696104,0.059,0.009602083107326244,0.11016666666666668,0.006052088711988429,0.15616666666666668,0.030155614918471,0.11016666666666668,0.006052088711988429
GNAc + Fum,Ec,L+L,GNAc,Fum,L,L,0.005,0.0,L,0.005,0.0,L,0.005,0.0,0.01,0.005,0.0,GNAc,Fum,0.1135,0.008705362332110788,0.166,0.004809712396114067,0.15616666666666668,0.030155614918471,0.11850000000000001,0.016016137695045788,0.09166666666666667,0.007495183638696104,0.059,0.009602083107326244,0.11016666666666668,0.006052088711988429,0.11016666666666668,0.006052088711988429,0.11016666666666668,0.006052088711988429
GNAc + Fum,Ec,M+L,GNAc,Fum,M,L,0.0595,0.007973915809270458,M,0.005,0.0,L,0.005,0.0,0.01,0.049499999999999995,0.007973915809270458,GNAc,Fum,0.1135,0.008705362332110788,0.166,0.004809712396114067,0.15616666666666668,0.030155614918471,0.11850000000000001,0.016016137695045788,0.09166666666666667,0.007495183638696104,0.059,0.009602083107326244,0.11016666666666668,0.006052088711988429,0.166,0.004809712396114067,0.11016666666666668,0.006052088711988429
GNAc + Fum,Ec,R+L,GNAc,Fum,R,L,0.014666666666666666,0.003684803628116127,R,0.005,0.0,L,0.005,0.0,0.01,0.005,0.003684803628116127,GNAc,Fum,0.1135,0.008705362332110788,0.166,0.004809712396114067,0.15616666666666668,0.030155614918471,0.11850000000000001,0.016016137695045788,0.09166666666666667,0.007495183638696104,0.059,0.009602083107326244,0.11016666666666668,0.006052088711988429,0.11850000000000001,0.016016137695045788,0.11016666666666668,0.006052088711988429
GNAc + Fum,Ec,S+L,GNAc,Fum,S,L,0.005,0.0,S,0.005,0.0,L,0.005,0.0,0.01,0.005,0.0,GNAc,Fum,0.1135,0.008705362332110788,0.166,0.004809712396114067,0.15616666666666668,0.030155614918471,0.11850000000000001,0.016016137695045788,0.09166666666666667,0.007495183638696104,0.059,0.009602083107326244,0.11016666666666668,0.006052088711988429,0.11016666666666668,0.006052088711988429,0.059,0.009602083107326244
GNAc + Fum,Ec,M+M,GNAc,Fum,M,M,0.005,0.0,M,0.005,0.0,M,0.005,0.0,0.01,0.005,0.0,GNAc,Fum,0.1135,0.008705362332110788,0.166,0.004809712396114067,0.15616666666666668,0.030155614918471,0.11850000000000001,0.016016137695045788,0.09166666666666667,0.007495183638696104,0.059,0.009602083107326244,0.11016666666666668,0.006052088711988429,0.166,0.004809712396114067,0.166,0.004809712396114067
GNAc + Fum,Ec,F+R,GNAc,Fum,F,R,0.14316666666666666,0.007621971165285558,F,0.07583333333333334,0.01843441829236219,R,0.005,0.0,0.08083333333333334,0.062333333333333324,0.01994798792415471,GNAc,Fum,0.1135,0.008705362332110788,0.166,0.004809712396114067,0.15616666666666668,0.030155614918471,0.11850000000000001,0.016016137695045788,0.09166666666666667,0.007495183638696104,0.059,0.009602083107326244,0.11016666666666668,0.006052088711988429,0.15616666666666668,0.030155614918471,0.11850000000000001,0.016016137695045788
GNAc + Fum,Ec,M+R,GNAc,Fum,M,R,0.08650000000000001,0.012298373876248842,M,0.005,0.0,R,0.005,0.0,0.01,0.07650000000000001,0.012298373876248842,GNAc,Fum,0.1135,0.008705362332110788,0.166,0.004809712396114067,0.15616666666666668,0.030155614918471,0.11850000000000001,0.016016137695045788,0.09166666666666667,0.007495183638696104,0.059,0.009602083107326244,0.11016666666666668,0.006052088711988429,0.166,0.004809712396114067,0.11850000000000001,0.016016137695045788
GNAc + Fum,Ec,R+R,GNAc,Fum,R,R,0.005,0.0,R,0.005,0.0,R,0.005,0.0,0.01,0.005,0.0,GNAc,Fum,0.1135,0.008705362332110788,0.166,0.004809712396114067,0.15616666666666668,0.030155614918471,0.11850000000000001,0.016016137695045788,0.09166666666666667,0.007495183638696104,0.059,0.009602083107326244,0.11016666666666668,0.006052088711988429,0.11850000000000001,0.016016137695045788,0.11850000000000001,0.016016137695045788
GNAc + Fum,Ec,C+S,GNAc,Fum,C,S,0.005,0.0,C,0.005,0.0,S,0.005,0.0,0.01,0.005,0.0,GNAc,Fum,0.1135,0.008705362332110788,0.166,0.004809712396114067,0.15616666666666668,0.030155614918471,0.11850000000000001,0.016016137695045788,0.09166666666666667,0.007495183638696104,0.059,0.009602083107326244,0.11016666666666668,0.006052088711988429,0.09166666666666667,0.007495183638696104,0.059,0.009602083107326244
GNAc + Fum,Ec,F+S,GNAc,Fum,F,S,0.11775000000000001,0.01153527199505933,F,0.07583333333333334,0.01843441829236219,S,0.005,0.0,0.08083333333333334,0.03691666666666667,0.021746040508050603,GNAc,Fum,0.1135,0.008705362332110788,0.166,0.004809712396114067,0.15616666666666668,0.030155614918471,0.11850000000000001,0.016016137695045788,0.09166666666666667,0.007495183638696104,0.059,0.009602083107326244,0.11016666666666668,0.006052088711988429,0.15616666666666668,0.030155614918471,0.059,0.009602083107326244
GNAc + Fum,Ec,M+S,GNAc,Fum,M,S,0.02266666666666667,0.0014757295747452434,M,0.005,0.0,S,0.005,0.0,0.01,0.012666666666666668,0.0014757295747452434,GNAc,Fum,0.1135,0.008705362332110788,0.166,0.004809712396114067,0.15616666666666668,0.030155614918471,0.11850000000000001,0.016016137695045788,0.09166666666666667,0.007495183638696104,0.059,0.009602083107326244,0.11016666666666668,0.006052088711988429,0.166,0.004809712396114067,0.059,0.009602083107326244
GNAc + Fum,Ec,R+S,GNAc,Fum,R,S,0.013999999999999999,0.0006324555320336759,R,0.005,0.0,S,0.005,0.0,0.01,0.005,0.0006324555320336759,GNAc,Fum,0.1135,0.008705362332110788,0.166,0.004809712396114067,0.15616666666666668,0.030155614918471,0.11850000000000001,0.016016137695045788,0.09166666666666667,0.007495183638696104,0.059,0.009602083107326244,0.11016666666666668,0.006052088711988429,0.11850000000000001,0.016016137695045788,0.059,0.009602083107326244
GNAc + Fum,Ec,S+S,GNAc,Fum,S,S,0.005,0.0,S,0.005,0.0,S,0.005,0.0,0.01,0.005,0.0,GNAc,Fum,0.1135,0.008705362332110788,0.166,0.004809712396114067,0.15616666666666668,0.030155614918471,0.11850000000000001,0.016016137695045788,0.09166666666666667,0.007495183638696104,0.059,0.009602083107326244,0.11016666666666668,0.006052088711988429,0.059,0.009602083107326244,0.059,0.009602083107326244
GNAc + Fum,Ec,WT+WT,GNAc,Fum,WT,WT,0.1135,0.008705362332110788,,,,,,,,0.1135,0.0,GNAc,Fum,0.1135,0.008705362332110788,0.166,0.004809712396114067,0.15616666666666668,0.030155614918471,0.11850000000000001,0.016016137695045788,0.09166666666666667,0.007495183638696104,0.059,0.009602083107326244,0.11016666666666668,0.006052088711988429,0.1135,0.008705362332110788,0.1135,0.008705362332110788
GNAc + Gluc,Bs,C+C,GNAc,Gluc,C,C,0.005333333333333333,0.0003333333333333334,C,0.005333333333333333,0.0003333333333333334,C,0.005333333333333333,0.0003333333333333334,0.010666666666666666,0.005,0.0005773502691896258,GNAc,Gluc,0.14016666666666666,0.008471193015810176,0.2535,0.018400634047046675,0.12633333333333333,0.017787011490910377,0.08900000000000001,0.007118052168020871,0.14516666666666667,0.020651741922763915,0.005,0.0,0.12283333333333334,0.008280163712820603,0.14516666666666667,0.020651741922763915,0.14516666666666667,0.020651741922763915
GNAc + Gluc,Bs,F+C,GNAc,Gluc,F,C,0.043166666666666666,0.008255974267832424,F,0.009,0.0024083189157584595,C,0.005333333333333333,0.0003333333333333334,0.014333333333333333,0.028833333333333332,0.008606522074695576,GNAc,Gluc,0.14016666666666666,0.008471193015810176,0.2535,0.018400634047046675,0.12633333333333333,0.017787011490910377,0.08900000000000001,0.007118052168020871,0.14516666666666667,0.020651741922763915,0.005,0.0,0.12283333333333334,0.008280163712820603,0.14516666666666667,0.020651741922763915,0.12633333333333333,0.017787011490910377
GNAc + Gluc,Bs,M+C,GNAc,Gluc,M,C,0.011500000000000002,0.0037036018504513508,M,0.006333333333333333,0.0008819171036881969,C,0.005333333333333333,0.0003333333333333334,0.011666666666666665,0.005,0.0038217215434350475,GNAc,Gluc,0.14016666666666666,0.008471193015810176,0.2535,0.018400634047046675,0.12633333333333333,0.017787011490910377,0.08900000000000001,0.007118052168020871,0.14516666666666667,0.020651741922763915,0.005,0.0,0.12283333333333334,0.008280163712820603,0.2535,0.018400634047046675,0.14516666666666667,0.020651741922763915
GNAc + Gluc,Bs,R+C,GNAc,Gluc,R,C,0.018833333333333334,0.0034584839324639212,R,0.0065,0.0006191391873668902,C,0.005333333333333333,0.0003333333333333334,0.011833333333333333,0.007000000000000001,0.0035292429153510464,GNAc,Gluc,0.14016666666666666,0.008471193015810176,0.2535,0.018400634047046675,0.12633333333333333,0.017787011490910377,0.08900000000000001,0.007118052168020871,0.14516666666666667,0.020651741922763915,0.005,0.0,0.12283333333333334,0.008280163712820603,0.14516666666666667,0.020651741922763915,0.08900000000000001,0.007118052168020871
GNAc + Gluc,Bs,F+F,GNAc,Gluc,F,F,0.009,0.0024083189157584595,F,0.009,0.0024083189157584595,F,0.009,0.0024083189157584595,0.018,0.005,0.004171330722922843,GNAc,Gluc,0.14016666666666666,0.008471193015810176,0.2535,0.018400634047046675,0.12633333333333333,0.017787011490910377,0.08900000000000001,0.007118052168020871,0.14516666666666667,0.020651741922763915,0.005,0.0,0.12283333333333334,0.008280163712820603,0.12633333333333333,0.017787011490910377,0.12633333333333333,0.017787011490910377
GNAc + Gluc,Bs,M+F,GNAc,Gluc,M,F,0.051666666666666666,0.010950393194361155,M,0.006333333333333333,0.0008819171036881969,F,0.009,0.0024083189157584595,0.015333333333333332,0.036333333333333336,0.011246727919216722,GNAc,Gluc,0.14016666666666666,0.008471193015810176,0.2535,0.018400634047046675,0.12633333333333333,0.017787011490910377,0.08900000000000001,0.007118052168020871,0.14516666666666667,0.020651741922763915,0.005,0.0,0.12283333333333334,0.008280163712820603,0.2535,0.018400634047046675,0.12633333333333333,0.017787011490910377
GNAc + Gluc,Bs,C+L,GNAc,Gluc,C,L,0.009666666666666665,0.0022459840703897356,C,0.005333333333333333,0.0003333333333333334,L,0.005,0.0,0.010333333333333333,0.005,0.002270584848790187,GNAc,Gluc,0.14016666666666666,0.008471193015810176,0.2535,0.018400634047046675,0.12633333333333333,0.017787011490910377,0.08900000000000001,0.007118052168020871,0.14516666666666667,0.020651741922763915,0.005,0.0,0.12283333333333334,0.008280163712820603,0.14516666666666667,0.020651741922763915,0.12283333333333334,0.008280163712820603
GNAc + Gluc,Bs,F+L,GNAc,Gluc,F,L,0.03283333333333333,0.0072130283361274685,F,0.009,0.0024083189157584595,L,0.005,0.0,0.013999999999999999,0.018833333333333334,0.007604457756985556,GNAc,Gluc,0.14016666666666666,0.008471193015810176,0.2535,0.018400634047046675,0.12633333333333333,0.017787011490910377,0.08900000000000001,0.007118052168020871,0.14516666666666667,0.020651741922763915,0.005,0.0,0.12283333333333334,0.008280163712820603,0.12633333333333333,0.017787011490910377,0.12283333333333334,0.008280163712820603
GNAc + Gluc,Bs,L+L,GNAc,Gluc,L,L,0.005,0.0,L,0.005,0.0,L,0.005,0.0,0.01,0.005,0.0,GNAc,Gluc,0.14016666666666666,0.008471193015810176,0.2535,0.018400634047046675,0.12633333333333333,0.017787011490910377,0.08900000000000001,0.007118052168020871,0.14516666666666667,0.020651741922763915,0.005,0.0,0.12283333333333334,0.008280163712820603,0.12283333333333334,0.008280163712820603,0.12283333333333334,0.008280163712820603
GNAc + Gluc,Bs,M+L,GNAc,Gluc,M,L,0.043500000000000004,0.026160721192913107,M,0.006333333333333333,0.0008819171036881969,L,0.005,0.0,0.011333333333333334,0.03216666666666667,0.02617558234521461,GNAc,Gluc,0.14016666666666666,0.008471193015810176,0.2535,0.018400634047046675,0.12633333333333333,0.017787011490910377,0.08900000000000001,0.007118052168020871,0.14516666666666667,0.020651741922763915,0.005,0.0,0.12283333333333334,0.008280163712820603,0.2535,0.018400634047046675,0.12283333333333334,0.008280163712820603
GNAc + Gluc,Bs,R+L,GNAc,Gluc,R,L,0.05633333333333334,0.035966342290783174,R,0.0065,0.0006191391873668902,L,0.005,0.0,0.0115,0.044833333333333336,0.03597167095244689,GNAc,Gluc,0.14016666666666666,0.008471193015810176,0.2535,0.018400634047046675,0.12633333333333333,0.017787011490910377,0.08900000000000001,0.007118052168020871,0.14516666666666667,0.020651741922763915,0.005,0.0,0.12283333333333334,0.008280163712820603,0.12283333333333334,0.008280163712820603,0.08900000000000001,0.007118052168020871
GNAc + Gluc,Bs,S+L,GNAc,Gluc,S,L,0.052333333333333336,0.039229807261542564,S,0.005,0.0,L,0.005,0.0,0.01,0.042333333333333334,0.039229807261542564,GNAc,Gluc,0.14016666666666666,0.008471193015810176,0.2535,0.018400634047046675,0.12633333333333333,0.017787011490910377,0.08900000000000001,0.007118052168020871,0.14516666666666667,0.020651741922763915,0.005,0.0,0.12283333333333334,0.008280163712820603,0.12283333333333334,0.008280163712820603,0.005,0.0
GNAc + Gluc,Bs,M+M,GNAc,Gluc,M,M,0.006333333333333333,0.0008819171036881969,M,0.006333333333333333,0.0008819171036881969,M,0.006333333333333333,0.0008819171036881969,0.012666666666666666,0.005,0.0015275252316519468,GNAc,Gluc,0.14016666666666666,0.008471193015810176,0.2535,0.018400634047046675,0.12633333333333333,0.017787011490910377,0.08900000000000001,0.007118052168020871,0.14516666666666667,0.020651741922763915,0.005,0.0,0.12283333333333334,0.008280163712820603,0.2535,0.018400634047046675,0.2535,0.018400634047046675
GNAc + Gluc,Bs,F+R,GNAc,Gluc,F,R,0.046000000000000006,0.004697517074654086,F,0.009,0.0024083189157584595,R,0.0065,0.0006191391873668902,0.0155,0.030500000000000006,0.005315072906367326,GNAc,Gluc,0.14016666666666666,0.008471193015810176,0.2535,0.018400634047046675,0.12633333333333333,0.017787011490910377,0.08900000000000001,0.007118052168020871,0.14516666666666667,0.020651741922763915,0.005,0.0,0.12283333333333334,0.008280163712820603,0.12633333333333333,0.017787011490910377,0.08900000000000001,0.007118052168020871
GNAc + Gluc,Bs,M+R,GNAc,Gluc,M,R,0.03283333333333333,0.004812599205326694,M,0.006333333333333333,0.0008819171036881969,R,0.0065,0.0006191391873668902,0.012833333333333332,0.02,0.004931756504757938,GNAc,Gluc,0.14016666666666666,0.008471193015810176,0.2535,0.018400634047046675,0.12633333333333333,0.017787011490910377,0.08900000000000001,0.007118052168020871,0.14516666666666667,0.020651741922763915,0.005,0.0,0.12283333333333334,0.008280163712820603,0.2535,0.018400634047046675,0.08900000000000001,0.007118052168020871
GNAc + Gluc,Bs,R+R,GNAc,Gluc,R,R,0.0065,0.0006191391873668902,R,0.0065,0.0006191391873668902,R,0.0065,0.0006191391873668902,0.013,0.005,0.0010723805294763607,GNAc,Gluc,0.14016666666666666,0.008471193015810176,0.2535,0.018400634047046675,0.12633333333333333,0.017787011490910377,0.08900000000000001,0.007118052168020871,0.14516666666666667,0.020651741922763915,0.005,0.0,0.12283333333333334,0.008280163712820603,0.08900000000000001,0.007118052168020871,0.08900000000000001,0.007118052168020871
GNAc + Gluc,Bs,C+S,GNAc,Gluc,C,S,0.006666666666666667,0.0014757295747452439,C,0.005333333333333333,0.0003333333333333334,S,0.005,0.0,0.010333333333333333,0.005,0.0015129074290546958,GNAc,Gluc,0.14016666666666666,0.008471193015810176,0.2535,0.018400634047046675,0.12633333333333333,0.017787011490910377,0.08900000000000001,0.007118052168020871,0.14516666666666667,0.020651741922763915,0.005,0.0,0.12283333333333334,0.008280163712820603,0.14516666666666667,0.020651741922763915,0.005,0.0
GNAc + Gluc,Bs,F+S,GNAc,Gluc,F,S,0.03383333333333333,0.0022864334186190032,F,0.009,0.0024083189157584595,S,0.005,0.0,0.013999999999999999,0.019833333333333335,0.003320809807528547,GNAc,Gluc,0.14016666666666666,0.008471193015810176,0.2535,0.018400634047046675,0.12633333333333333,0.017787011490910377,0.08900000000000001,0.007118052168020871,0.14516666666666667,0.020651741922763915,0.005,0.0,0.12283333333333334,0.008280163712820603,0.12633333333333333,0.017787011490910377,0.005,0.0
GNAc + Gluc,Bs,M+S,GNAc,Gluc,M,S,0.011833333333333333,0.002427847697950686,M,0.006333333333333333,0.0008819171036881969,S,0.005,0.0,0.011333333333333334,0.005,0.0025830645021412495,GNAc,Gluc,0.14016666666666666,0.008471193015810176,0.2535,0.018400634047046675,0.12633333333333333,0.017787011490910377,0.08900000000000001,0.007118052168020871,0.14516666666666667,0.020651741922763915,0.005,0.0,0.12283333333333334,0.008280163712820603,0.2535,0.018400634047046675,0.005,0.0
GNAc + Gluc,Bs,R+S,GNAc,Gluc,R,S,0.04900000000000001,0.018710068590645695,R,0.0065,0.0006191391873668902,S,0.005,0.0,0.0115,0.037500000000000006,0.018720309826495925,GNAc,Gluc,0.14016666666666666,0.008471193015810176,0.2535,0.018400634047046675,0.12633333333333333,0.017787011490910377,0.08900000000000001,0.007118052168020871,0.14516666666666667,0.020651741922763915,0.005,0.0,0.12283333333333334,0.008280163712820603,0.08900000000000001,0.007118052168020871,0.005,0.0
GNAc + Gluc,Bs,S+S,GNAc,Gluc,S,S,0.005,0.0,S,0.005,0.0,S,0.005,0.0,0.01,0.005,0.0,GNAc,Gluc,0.14016666666666666,0.008471193015810176,0.2535,0.018400634047046675,0.12633333333333333,0.017787011490910377,0.08900000000000001,0.007118052168020871,0.14516666666666667,0.020651741922763915,0.005,0.0,0.12283333333333334,0.008280163712820603,0.005,0.0,0.005,0.0
GNAc + Gluc,Bs,WT+WT,GNAc,Gluc,WT,WT,0.14016666666666666,0.008471193015810176,,,,,,,,0.14016666666666666,0.0,GNAc,Gluc,0.14016666666666666,0.008471193015810176,0.2535,0.018400634047046675,0.12633333333333333,0.017787011490910377,0.08900000000000001,0.007118052168020871,0.14516666666666667,0.020651741922763915,0.005,0.0,0.12283333333333334,0.008280163712820603,0.14016666666666666,0.008471193015810176,0.14016666666666666,0.008471193015810176
GNAc + Gluc,Ec,C+C,GNAc,Gluc,C,C,0.005,0.0,C,0.005,0.0,C,0.005,0.0,0.01,0.005,0.0,GNAc,Gluc,0.06916666666666667,0.006640364782483293,0.08183333333333333,0.0056119911301109925,0.06116666666666667,0.006332017407149514,0.05633333333333334,0.008604908160140028,0.10149999999999999,0.008044666970525671,0.053,0.007514430561703707,0.059166666666666666,0.0038679595539652593,0.10149999999999999,0.008044666970525671,0.10149999999999999,0.008044666970525671
GNAc + Gluc,Ec,F+C,GNAc,Gluc,F,C,0.10633333333333334,0.0067065473813116205,F,0.10433333333333333,0.015947134887217548,C,0.005,0.0,0.10933333333333334,0.005,0.017299967886932298,GNAc,Gluc,0.06916666666666667,0.006640364782483293,0.08183333333333333,0.0056119911301109925,0.06116666666666667,0.006332017407149514,0.05633333333333334,0.008604908160140028,0.10149999999999999,0.008044666970525671,0.053,0.007514430561703707,0.059166666666666666,0.0038679595539652593,0.10149999999999999,0.008044666970525671,0.06116666666666667,0.006332017407149514
GNAc + Gluc,Ec,M+C,GNAc,Gluc,M,C,0.006999999999999999,0.0003651483716701109,M,0.005,0.0,C,0.005,0.0,0.01,0.005,0.0003651483716701109,GNAc,Gluc,0.06916666666666667,0.006640364782483293,0.08183333333333333,0.0056119911301109925,0.06116666666666667,0.006332017407149514,0.05633333333333334,0.008604908160140028,0.10149999999999999,0.008044666970525671,0.053,0.007514430561703707,0.059166666666666666,0.0038679595539652593,0.10149999999999999,0.008044666970525671,0.08183333333333333,0.0056119911301109925
GNAc + Gluc,Ec,R+C,GNAc,Gluc,R,C,0.021166666666666667,0.008596187785550316,R,0.0055000000000000005,0.0003415650255319866,C,0.005,0.0,0.0105,0.010666666666666666,0.00860297106301719,GNAc,Gluc,0.06916666666666667,0.006640364782483293,0.08183333333333333,0.0056119911301109925,0.06116666666666667,0.006332017407149514,0.05633333333333334,0.008604908160140028,0.10149999999999999,0.008044666970525671,0.053,0.007514430561703707,0.059166666666666666,0.0038679595539652593,0.10149999999999999,0.008044666970525671,0.05633333333333334,0.008604908160140028
GNAc + Gluc,Ec,F+F,GNAc,Gluc,F,F,0.10433333333333333,0.015947134887217548,F,0.10433333333333333,0.015947134887217548,F,0.10433333333333333,0.015947134887217548,0.20866666666666667,0.005,0.02762124785981497,GNAc,Gluc,0.06916666666666667,0.006640364782483293,0.08183333333333333,0.0056119911301109925,0.06116666666666667,0.006332017407149514,0.05633333333333334,0.008604908160140028,0.10149999999999999,0.008044666970525671,0.053,0.007514430561703707,0.059166666666666666,0.0038679595539652593,0.06116666666666667,0.006332017407149514,0.06116666666666667,0.006332017407149514
GNAc + Gluc,Ec,M+F,GNAc,Gluc,M,F,0.16733333333333333,0.04940490304053277,M,0.005,0.0,F,0.10433333333333333,0.015947134887217548,0.10933333333333334,0.057999999999999996,0.05191488760996748,GNAc,Gluc,0.06916666666666667,0.006640364782483293,0.08183333333333333,0.0056119911301109925,0.06116666666666667,0.006332017407149514,0.05633333333333334,0.008604908160140028,0.10149999999999999,0.008044666970525671,0.053,0.007514430561703707,0.059166666666666666,0.0038679595539652593,0.08183333333333333,0.0056119911301109925,0.06116666666666667,0.006332017407149514
GNAc + Gluc,Ec,C+L,GNAc,Gluc,C,L,0.013166666666666667,0.0007923242882669811,C,0.005,0.0,L,0.005,0.0,0.01,0.005,0.0007923242882669811,GNAc,Gluc,0.06916666666666667,0.006640364782483293,0.08183333333333333,0.0056119911301109925,0.06116666666666667,0.006332017407149514,0.05633333333333334,0.008604908160140028,0.10149999999999999,0.008044666970525671,0.053,0.007514430561703707,0.059166666666666666,0.0038679595539652593,0.10149999999999999,0.008044666970525671,0.059166666666666666,0.0038679595539652593
GNAc + Gluc,Ec,F+L,GNAc,Gluc,F,L,0.11233333333333333,0.006080935600528737,F,0.10433333333333333,0.015947134887217548,L,0.005,0.0,0.10933333333333334,0.005,0.017067187492052955,GNAc,Gluc,0.06916666666666667,0.006640364782483293,0.08183333333333333,0.0056119911301109925,0.06116666666666667,0.006332017407149514,0.05633333333333334,0.008604908160140028,0.10149999999999999,0.008044666970525671,0.053,0.007514430561703707,0.059166666666666666,0.0038679595539652593,0.06116666666666667,0.006332017407149514,0.059166666666666666,0.0038679595539652593
GNAc + Gluc,Ec,L+L,GNAc,Gluc,L,L,0.005,0.0,L,0.005,0.0,L,0.005,0.0,0.01,0.005,0.0,GNAc,Gluc,0.06916666666666667,0.006640364782483293,0.08183333333333333,0.0056119911301109925,0.06116666666666667,0.006332017407149514,0.05633333333333334,0.008604908160140028,0.10149999999999999,0.008044666970525671,0.053,0.007514430561703707,0.059166666666666666,0.0038679595539652593,0.059166666666666666,0.0038679595539652593,0.059166666666666666,0.0038679595539652593
GNAc + Gluc,Ec,M+L,GNAc,Gluc,M,L,0.06333333333333334,0.01185092588975412,M,0.005,0.0,L,0.005,0.0,0.01,0.05333333333333334,0.01185092588975412,GNAc,Gluc,0.06916666666666667,0.006640364782483293,0.08183333333333333,0.0056119911301109925,0.06116666666666667,0.006332017407149514,0.05633333333333334,0.008604908160140028,0.10149999999999999,0.008044666970525671,0.053,0.007514430561703707,0.059166666666666666,0.0038679595539652593,0.08183333333333333,0.0056119911301109925,0.059166666666666666,0.0038679595539652593
GNAc + Gluc,Ec,R+L,GNAc,Gluc,R,L,0.015333333333333332,0.005643088201015863,R,0.0055000000000000005,0.0003415650255319866,L,0.005,0.0,0.0105,0.005,0.005653415879900497,GNAc,Gluc,0.06916666666666667,0.006640364782483293,0.08183333333333333,0.0056119911301109925,0.06116666666666667,0.006332017407149514,0.05633333333333334,0.008604908160140028,0.10149999999999999,0.008044666970525671,0.053,0.007514430561703707,0.059166666666666666,0.0038679595539652593,0.059166666666666666,0.0038679595539652593,0.05633333333333334,0.008604908160140028
GNAc + Gluc,Ec,S+L,GNAc,Gluc,S,L,0.0065,0.0009574271077563381,S,0.005,0.0,L,0.005,0.0,0.01,0.005,0.0009574271077563381,GNAc,Gluc,0.06916666666666667,0.006640364782483293,0.08183333333333333,0.0056119911301109925,0.06116666666666667,0.006332017407149514,0.05633333333333334,0.008604908160140028,0.10149999999999999,0.008044666970525671,0.053,0.007514430561703707,0.059166666666666666,0.0038679595539652593,0.059166666666666666,0.0038679595539652593,0.053,0.007514430561703707
GNAc + Gluc,Ec,M+M,GNAc,Gluc,M,M,0.005,0.0,M,0.005,0.0,M,0.005,0.0,0.01,0.005,0.0,GNAc,Gluc,0.06916666666666667,0.006640364782483293,0.08183333333333333,0.0056119911301109925,0.06116666666666667,0.006332017407149514,0.05633333333333334,0.008604908160140028,0.10149999999999999,0.008044666970525671,0.053,0.007514430561703707,0.059166666666666666,0.0038679595539652593,0.08183333333333333,0.0056119911301109925,0.08183333333333333,0.0056119911301109925
GNAc + Gluc,Ec,F+R,GNAc,Gluc,F,R,0.11699999999999999,0.004305035810923451,F,0.10433333333333333,0.015947134887217548,R,0.0055000000000000005,0.0003415650255319866,0.10983333333333334,0.0071666666666666545,0.01652153476863185,GNAc,Gluc,0.06916666666666667,0.006640364782483293,0.08183333333333333,0.0056119911301109925,0.06116666666666667,0.006332017407149514,0.05633333333333334,0.008604908160140028,0.10149999999999999,0.008044666970525671,0.053,0.007514430561703707,0.059166666666666666,0.0038679595539652593,0.06116666666666667,0.006332017407149514,0.05633333333333334,0.008604908160140028
GNAc + Gluc,Ec,M+R,GNAc,Gluc,M,R,0.0725,0.0036945906403822327,M,0.005,0.0,R,0.0055000000000000005,0.0003415650255319866,0.0105,0.06199999999999999,0.0037103458958251674,GNAc,Gluc,0.06916666666666667,0.006640364782483293,0.08183333333333333,0.0056119911301109925,0.06116666666666667,0.006332017407149514,0.05633333333333334,0.008604908160140028,0.10149999999999999,0.008044666970525671,0.053,0.007514430561703707,0.059166666666666666,0.0038679595539652593,0.08183333333333333,0.0056119911301109925,0.05633333333333334,0.008604908160140028
GNAc + Gluc,Ec,R+R,GNAc,Gluc,R,R,0.0055000000000000005,0.0003415650255319866,R,0.0055000000000000005,0.0003415650255319866,R,0.0055000000000000005,0.0003415650255319866,0.011000000000000001,0.005,0.0005916079783099616,GNAc,Gluc,0.06916666666666667,0.006640364782483293,0.08183333333333333,0.0056119911301109925,0.06116666666666667,0.006332017407149514,0.05633333333333334,0.008604908160140028,0.10149999999999999,0.008044666970525671,0.053,0.007514430561703707,0.059166666666666666,0.0038679595539652593,0.05633333333333334,0.008604908160140028,0.05633333333333334,0.008604908160140028
GNAc + Gluc,Ec,C+S,GNAc,Gluc,C,S,0.024333333333333332,0.01933333333333333,C,0.005,0.0,S,0.005,0.0,0.01,0.014333333333333332,0.01933333333333333,GNAc,Gluc,0.06916666666666667,0.006640364782483293,0.08183333333333333,0.0056119911301109925,0.06116666666666667,0.006332017407149514,0.05633333333333334,0.008604908160140028,0.10149999999999999,0.008044666970525671,0.053,0.007514430561703707,0.059166666666666666,0.0038679595539652593,0.10149999999999999,0.008044666970525671,0.053,0.007514430561703707
GNAc + Gluc,Ec,F+S,GNAc,Gluc,F,S,0.13925,0.004170831252080728,F,0.10433333333333333,0.015947134887217548,S,0.005,0.0,0.10933333333333334,0.029916666666666675,0.01648353555656202,GNAc,Gluc,0.06916666666666667,0.006640364782483293,0.08183333333333333,0.0056119911301109925,0.06116666666666667,0.006332017407149514,0.05633333333333334,0.008604908160140028,0.10149999999999999,0.008044666970525671,0.053,0.007514430561703707,0.059166666666666666,0.0038679595539652593,0.06116666666666667,0.006332017407149514,0.053,0.007514430561703707
GNAc + Gluc,Ec,M+S,GNAc,Gluc,M,S,0.021833333333333333,0.003429447639359888,M,0.005,0.0,S,0.005,0.0,0.01,0.011833333333333333,0.003429447639359888,GNAc,Gluc,0.06916666666666667,0.006640364782483293,0.08183333333333333,0.0056119911301109925,0.06116666666666667,0.006332017407149514,0.05633333333333334,0.008604908160140028,0.10149999999999999,0.008044666970525671,0.053,0.007514430561703707,0.059166666666666666,0.0038679595539652593,0.08183333333333333,0.0056119911301109925,0.053,0.007514430561703707
GNAc + Gluc,Ec,R+S,GNAc,Gluc,R,S,0.011666666666666667,0.0018196458751941575,R,0.0055000000000000005,0.0003415650255319866,S,0.005,0.0,0.0105,0.005,0.0018514258769331755,GNAc,Gluc,0.06916666666666667,0.006640364782483293,0.08183333333333333,0.0056119911301109925,0.06116666666666667,0.006332017407149514,0.05633333333333334,0.008604908160140028,0.10149999999999999,0.008044666970525671,0.053,0.007514430561703707,0.059166666666666666,0.0038679595539652593,0.05633333333333334,0.008604908160140028,0.053,0.007514430561703707
GNAc + Gluc,Ec,S+S,GNAc,Gluc,S,S,0.005,0.0,S,0.005,0.0,S,0.005,0.0,0.01,0.005,0.0,GNAc,Gluc,0.06916666666666667,0.006640364782483293,0.08183333333333333,0.0056119911301109925,0.06116666666666667,0.006332017407149514,0.05633333333333334,0.008604908160140028,0.10149999999999999,0.008044666970525671,0.053,0.007514430561703707,0.059166666666666666,0.0038679595539652593,0.053,0.007514430561703707,0.053,0.007514430561703707
GNAc + Gluc,Ec,WT+WT,GNAc,Gluc,WT,WT,0.06916666666666667,0.006640364782483293,,,,,,,,0.06916666666666667,0.0,GNAc,Gluc,0.06916666666666667,0.006640364782483293,0.08183333333333333,0.0056119911301109925,0.06116666666666667,0.006332017407149514,0.05633333333333334,0.008604908160140028,0.10149999999999999,0.008044666970525671,0.053,0.007514430561703707,0.059166666666666666,0.0038679595539652593,0.06916666666666667,0.006640364782483293,0.06916666666666667,0.006640364782483293
GNAc + Gly,Bs,C+C,GNAc,Gly,C,C,0.005,0.0,C,0.005,0.0,C,0.005,0.0,0.01,0.005,0.0,GNAc,Gly,0.082,0.004531372124791047,0.14183333333333334,0.006705304699348952,0.06266666666666666,0.008365272128136524,0.061,0.0025690465157330276,0.11,0.02162097746788213,0.005,0.0,0.11416666666666668,0.005833333333333335,0.11,0.02162097746788213,0.11,0.02162097746788213
GNAc + Gly,Bs,F+C,GNAc,Gly,F,C,0.022333333333333334,0.0036938387139186855,F,0.005,0.0,C,0.005,0.0,0.01,0.012333333333333333,0.0036938387139186855,GNAc,Gly,0.082,0.004531372124791047,0.14183333333333334,0.006705304699348952,0.06266666666666666,0.008365272128136524,0.061,0.0025690465157330276,0.11,0.02162097746788213,0.005,0.0,0.11416666666666668,0.005833333333333335,0.11,0.02162097746788213,0.06266666666666666,0.008365272128136524
GNAc + Gly,Bs,M+C,GNAc,Gly,M,C,0.009666666666666665,0.0026541372316525843,M,0.005833333333333334,0.0005426273532033233,C,0.005,0.0,0.010833333333333334,0.005,0.0027090383697705145,GNAc,Gly,0.082,0.004531372124791047,0.14183333333333334,0.006705304699348952,0.06266666666666666,0.008365272128136524,0.061,0.0025690465157330276,0.11,0.02162097746788213,0.005,0.0,0.11416666666666668,0.005833333333333335,0.14183333333333334,0.006705304699348952,0.11,0.02162097746788213
GNAc + Gly,Bs,R+C,GNAc,Gly,R,C,0.02333333333333333,0.005083743152879031,R,0.005,0.0,C,0.005,0.0,0.01,0.01333333333333333,0.005083743152879031,GNAc,Gly,0.082,0.004531372124791047,0.14183333333333334,0.006705304699348952,0.06266666666666666,0.008365272128136524,0.061,0.0025690465157330276,0.11,0.02162097746788213,0.005,0.0,0.11416666666666668,0.005833333333333335,0.11,0.02162097746788213,0.061,0.0025690465157330276
GNAc + Gly,Bs,F+F,GNAc,Gly,F,F,0.005,0.0,F,0.005,0.0,F,0.005,0.0,0.01,0.005,0.0,GNAc,Gly,0.082,0.004531372124791047,0.14183333333333334,0.006705304699348952,0.06266666666666666,0.008365272128136524,0.061,0.0025690465157330276,0.11,0.02162097746788213,0.005,0.0,0.11416666666666668,0.005833333333333335,0.06266666666666666,0.008365272128136524,0.06266666666666666,0.008365272128136524
GNAc + Gly,Bs,M+F,GNAc,Gly,M,F,0.034666666666666665,0.00796101612721503,M,0.005833333333333334,0.0005426273532033233,F,0.005,0.0,0.010833333333333334,0.02383333333333333,0.007979487591457377,GNAc,Gly,0.082,0.004531372124791047,0.14183333333333334,0.006705304699348952,0.06266666666666666,0.008365272128136524,0.061,0.0025690465157330276,0.11,0.02162097746788213,0.005,0.0,0.11416666666666668,0.005833333333333335,0.14183333333333334,0.006705304699348952,0.06266666666666666,0.008365272128136524
GNAc + Gly,Bs,C+L,GNAc,Gly,C,L,0.006833333333333334,0.0010461569884316806,C,0.005,0.0,L,0.005,0.0,0.01,0.005,0.0010461569884316806,GNAc,Gly,0.082,0.004531372124791047,0.14183333333333334,0.006705304699348952,0.06266666666666666,0.008365272128136524,0.061,0.0025690465157330276,0.11,0.02162097746788213,0.005,0.0,0.11416666666666668,0.005833333333333335,0.11416666666666668,0.005833333333333335,0.11,0.02162097746788213
GNAc + Gly,Bs,F+L,GNAc,Gly,F,L,0.01916666666666667,0.004422794491168576,F,0.005,0.0,L,0.005,0.0,0.01,0.009166666666666668,0.004422794491168576,GNAc,Gly,0.082,0.004531372124791047,0.14183333333333334,0.006705304699348952,0.06266666666666666,0.008365272128136524,0.061,0.0025690465157330276,0.11,0.02162097746788213,0.005,0.0,0.11416666666666668,0.005833333333333335,0.11416666666666668,0.005833333333333335,0.06266666666666666,0.008365272128136524
GNAc + Gly,Bs,L+L,GNAc,Gly,L,L,0.005,0.0,L,0.005,0.0,L,0.005,0.0,0.01,0.005,0.0,GNAc,Gly,0.082,0.004531372124791047,0.14183333333333334,0.006705304699348952,0.06266666666666666,0.008365272128136524,0.061,0.0025690465157330276,0.11,0.02162097746788213,0.005,0.0,0.11416666666666668,0.005833333333333335,0.11416666666666668,0.005833333333333335,0.11416666666666668,0.005833333333333335
GNAc + Gly,Bs,M+L,GNAc,Gly,M,L,0.01983333333333333,0.005665195887561562,M,0.005833333333333334,0.0005426273532033233,L,0.005,0.0,0.010833333333333334,0.008999999999999998,0.005691123692987957,GNAc,Gly,0.082,0.004531372124791047,0.14183333333333334,0.006705304699348952,0.06266666666666666,0.008365272128136524,0.061,0.0025690465157330276,0.11,0.02162097746788213,0.005,0.0,0.11416666666666668,0.005833333333333335,0.14183333333333334,0.006705304699348952,0.11416666666666668,0.005833333333333335
GNAc + Gly,Bs,R+L,GNAc,Gly,R,L,0.035666666666666666,0.007579211333934714,R,0.005,0.0,L,0.005,0.0,0.01,0.025666666666666664,0.007579211333934714,GNAc,Gly,0.082,0.004531372124791047,0.14183333333333334,0.006705304699348952,0.06266666666666666,0.008365272128136524,0.061,0.0025690465157330276,0.11,0.02162097746788213,0.005,0.0,0.11416666666666668,0.005833333333333335,0.11416666666666668,0.005833333333333335,0.061,0.0025690465157330276
GNAc + Gly,Bs,S+L,GNAc,Gly,S,L,0.007833333333333333,0.0020883273476902777,S,0.005,0.0,L,0.005,0.0,0.01,0.005,0.0020883273476902777,GNAc,Gly,0.082,0.004531372124791047,0.14183333333333334,0.006705304699348952,0.06266666666666666,0.008365272128136524,0.061,0.0025690465157330276,0.11,0.02162097746788213,0.005,0.0,0.11416666666666668,0.005833333333333335,0.11416666666666668,0.005833333333333335,0.005,0.0
GNAc + Gly,Bs,M+M,GNAc,Gly,M,M,0.005833333333333334,0.0005426273532033233,M,0.005833333333333334,0.0005426273532033233,M,0.005833333333333334,0.0005426273532033233,0.011666666666666667,0.005,0.0009398581453247786,GNAc,Gly,0.082,0.004531372124791047,0.14183333333333334,0.006705304699348952,0.06266666666666666,0.008365272128136524,0.061,0.0025690465157330276,0.11,0.02162097746788213,0.005,0.0,0.11416666666666668,0.005833333333333335,0.14183333333333334,0.006705304699348952,0.14183333333333334,0.006705304699348952
GNAc + Gly,Bs,F+R,GNAc,Gly,F,R,0.03233333333333333,0.0024175285819291676,F,0.005,0.0,R,0.005,0.0,0.01,0.02233333333333333,0.0024175285819291676,GNAc,Gly,0.082,0.004531372124791047,0.14183333333333334,0.006705304699348952,0.06266666666666666,0.008365272128136524,0.061,0.0025690465157330276,0.11,0.02162097746788213,0.005,0.0,0.11416666666666668,0.005833333333333335,0.06266666666666666,0.008365272128136524,0.061,0.0025690465157330276
GNAc + Gly,Bs,M+R,GNAc,Gly,M,R,0.039,0.006126445407684078,M,0.005833333333333334,0.0005426273532033233,R,0.005,0.0,0.010833333333333334,0.028166666666666666,0.006150429072656458,GNAc,Gly,0.082,0.004531372124791047,0.14183333333333334,0.006705304699348952,0.06266666666666666,0.008365272128136524,0.061,0.0025690465157330276,0.11,0.02162097746788213,0.005,0.0,0.11416666666666668,0.005833333333333335,0.14183333333333334,0.006705304699348952,0.061,0.0025690465157330276
GNAc + Gly,Bs,R+R,GNAc,Gly,R,R,0.005,0.0,R,0.005,0.0,R,0.005,0.0,0.01,0.005,0.0,GNAc,Gly,0.082,0.004531372124791047,0.14183333333333334,0.006705304699348952,0.06266666666666666,0.008365272128136524,0.061,0.0025690465157330276,0.11,0.02162097746788213,0.005,0.0,0.11416666666666668,0.005833333333333335,0.061,0.0025690465157330276,0.061,0.0025690465157330276
GNAc + Gly,Bs,C+S,GNAc,Gly,C,S,0.005,0.0,C,0.005,0.0,S,0.005,0.0,0.01,0.005,0.0,GNAc,Gly,0.082,0.004531372124791047,0.14183333333333334,0.006705304699348952,0.06266666666666666,0.008365272128136524,0.061,0.0025690465157330276,0.11,0.02162097746788213,0.005,0.0,0.11416666666666668,0.005833333333333335,0.11,0.02162097746788213,0.005,0.0
GNAc + Gly,Bs,F+S,GNAc,Gly,F,S,0.024833333333333332,0.0021200104821543797,F,0.005,0.0,S,0.005,0.0,0.01,0.014833333333333332,0.0021200104821543797,GNAc,Gly,0.082,0.004531372124791047,0.14183333333333334,0.006705304699348952,0.06266666666666666,0.008365272128136524,0.061,0.0025690465157330276,0.11,0.02162097746788213,0.005,0.0,0.11416666666666668,0.005833333333333335,0.06266666666666666,0.008365272128136524,0.005,0.0
GNAc + Gly,Bs,M+S,GNAc,Gly,M,S,0.011999999999999999,0.0024358434541926813,M,0.005833333333333334,0.0005426273532033233,S,0.005,0.0,0.010833333333333334,0.005,0.0024955515978993055,GNAc,Gly,0.082,0.004531372124791047,0.14183333333333334,0.006705304699348952,0.06266666666666666,0.008365272128136524,0.061,0.0025690465157330276,0.11,0.02162097746788213,0.005,0.0,0.11416666666666668,0.005833333333333335,0.14183333333333334,0.006705304699348952,0.005,0.0
GNAc + Gly,Bs,R+S,GNAc,Gly,R,S,0.02266666666666667,0.002060204952048326,R,0.005,0.0,S,0.005,0.0,0.01,0.012666666666666668,0.002060204952048326,GNAc,Gly,0.082,0.004531372124791047,0.14183333333333334,0.006705304699348952,0.06266666666666666,0.008365272128136524,0.061,0.0025690465157330276,0.11,0.02162097746788213,0.005,0.0,0.11416666666666668,0.005833333333333335,0.061,0.0025690465157330276,0.005,0.0
GNAc + Gly,Bs,S+S,GNAc,Gly,S,S,0.005,0.0,S,0.005,0.0,S,0.005,0.0,0.01,0.005,0.0,GNAc,Gly,0.082,0.004531372124791047,0.14183333333333334,0.006705304699348952,0.06266666666666666,0.008365272128136524,0.061,0.0025690465157330276,0.11,0.02162097746788213,0.005,0.0,0.11416666666666668,0.005833333333333335,0.005,0.0,0.005,0.0
GNAc + Gly,Bs,WT+WT,GNAc,Gly,WT,WT,0.082,0.004531372124791047,,,,,,,,0.082,0.0,GNAc,Gly,0.082,0.004531372124791047,0.14183333333333334,0.006705304699348952,0.06266666666666666,0.008365272128136524,0.061,0.0025690465157330276,0.11,0.02162097746788213,0.005,0.0,0.11416666666666668,0.005833333333333335,0.082,0.004531372124791047,0.082,0.004531372124791047
GNAc + Gly,Ec,C+C,GNAc,Gly,C,C,0.005,0.0,C,0.005,0.0,C,0.005,0.0,0.01,0.005,0.0,GNAc,Gly,0.07833333333333334,0.005345818719127853,0.07683333333333332,0.0021200104821543814,0.13183333333333333,0.011139768599232412,0.09300000000000001,0.012912526218108265,0.12566666666666668,0.002577681990557496,0.059666666666666666,0.013210265368686244,0.062,0.008809086218218095,0.12566666666666668,0.002577681990557496,0.12566666666666668,0.002577681990557496
GNAc + Gly,Ec,F+C,GNAc,Gly,F,C,0.06266666666666666,0.0032006943691087514,F,0.028333333333333335,0.005981452814975453,C,0.005,0.0,0.03333333333333333,0.02933333333333333,0.006783968029274773,GNAc,Gly,0.07833333333333334,0.005345818719127853,0.07683333333333332,0.0021200104821543814,0.13183333333333333,0.011139768599232412,0.09300000000000001,0.012912526218108265,0.12566666666666668,0.002577681990557496,0.059666666666666666,0.013210265368686244,0.062,0.008809086218218095,0.13183333333333333,0.011139768599232412,0.12566666666666668,0.002577681990557496
GNAc + Gly,Ec,M+C,GNAc,Gly,M,C,0.005,0.0,M,0.005,0.0,C,0.005,0.0,0.01,0.005,0.0,GNAc,Gly,0.07833333333333334,0.005345818719127853,0.07683333333333332,0.0021200104821543814,0.13183333333333333,0.011139768599232412,0.09300000000000001,0.012912526218108265,0.12566666666666668,0.002577681990557496,0.059666666666666666,0.013210265368686244,0.062,0.008809086218218095,0.12566666666666668,0.002577681990557496,0.07683333333333332,0.0021200104821543814
GNAc + Gly,Ec,R+C,GNAc,Gly,R,C,0.009666666666666665,0.0016055459438389728,R,0.005166666666666667,0.0001666666666666667,C,0.005,0.0,0.010166666666666668,0.005,0.0016141733350404338,GNAc,Gly,0.07833333333333334,0.005345818719127853,0.07683333333333332,0.0021200104821543814,0.13183333333333333,0.011139768599232412,0.09300000000000001,0.012912526218108265,0.12566666666666668,0.002577681990557496,0.059666666666666666,0.013210265368686244,0.062,0.008809086218218095,0.12566666666666668,0.002577681990557496,0.09300000000000001,0.012912526218108265
GNAc + Gly,Ec,F+F,GNAc,Gly,F,F,0.028333333333333335,0.005981452814975453,F,0.028333333333333335,0.005981452814975453,F,0.028333333333333335,0.005981452814975453,0.05666666666666667,0.005,0.010360180178613369,GNAc,Gly,0.07833333333333334,0.005345818719127853,0.07683333333333332,0.0021200104821543814,0.13183333333333333,0.011139768599232412,0.09300000000000001,0.012912526218108265,0.12566666666666668,0.002577681990557496,0.059666666666666666,0.013210265368686244,0.062,0.008809086218218095,0.13183333333333333,0.011139768599232412,0.13183333333333333,0.011139768599232412
GNAc + Gly,Ec,M+F,GNAc,Gly,M,F,0.17566666666666667,0.05446201530526676,M,0.005,0.0,F,0.028333333333333335,0.005981452814975453,0.03333333333333333,0.14233333333333334,0.0547894961547274,GNAc,Gly,0.07833333333333334,0.005345818719127853,0.07683333333333332,0.0021200104821543814,0.13183333333333333,0.011139768599232412,0.09300000000000001,0.012912526218108265,0.12566666666666668,0.002577681990557496,0.059666666666666666,0.013210265368686244,0.062,0.008809086218218095,0.13183333333333333,0.011139768599232412,0.07683333333333332,0.0021200104821543814
GNAc + Gly,Ec,C+L,GNAc,Gly,C,L,0.008666666666666668,0.0007149203529842408,C,0.005,0.0,L,0.005,0.0,0.01,0.005,0.0007149203529842408,GNAc,Gly,0.07833333333333334,0.005345818719127853,0.07683333333333332,0.0021200104821543814,0.13183333333333333,0.011139768599232412,0.09300000000000001,0.012912526218108265,0.12566666666666668,0.002577681990557496,0.059666666666666666,0.013210265368686244,0.062,0.008809086218218095,0.12566666666666668,0.002577681990557496,0.062,0.008809086218218095
GNAc + Gly,Ec,F+L,GNAc,Gly,F,L,0.062,0.0043588989435406735,F,0.028333333333333335,0.005981452814975453,L,0.005,0.0,0.03333333333333333,0.028666666666666667,0.007401201103724839,GNAc,Gly,0.07833333333333334,0.005345818719127853,0.07683333333333332,0.0021200104821543814,0.13183333333333333,0.011139768599232412,0.09300000000000001,0.012912526218108265,0.12566666666666668,0.002577681990557496,0.059666666666666666,0.013210265368686244,0.062,0.008809086218218095,0.13183333333333333,0.011139768599232412,0.062,0.008809086218218095
GNAc + Gly,Ec,L+L,GNAc,Gly,L,L,0.005,0.0,L,0.005,0.0,L,0.005,0.0,0.01,0.005,0.0,GNAc,Gly,0.07833333333333334,0.005345818719127853,0.07683333333333332,0.0021200104821543814,0.13183333333333333,0.011139768599232412,0.09300000000000001,0.012912526218108265,0.12566666666666668,0.002577681990557496,0.059666666666666666,0.013210265368686244,0.062,0.008809086218218095,0.062,0.008809086218218095,0.062,0.008809086218218095
GNAc + Gly,Ec,M+L,GNAc,Gly,M,L,0.027833333333333335,0.0013270686158262923,M,0.005,0.0,L,0.005,0.0,0.01,0.017833333333333333,0.0013270686158262923,GNAc,Gly,0.07833333333333334,0.005345818719127853,0.07683333333333332,0.0021200104821543814,0.13183333333333333,0.011139768599232412,0.09300000000000001,0.012912526218108265,0.12566666666666668,0.002577681990557496,0.059666666666666666,0.013210265368686244,0.062,0.008809086218218095,0.07683333333333332,0.0021200104821543814,0.062,0.008809086218218095
GNAc + Gly,Ec,R+L,GNAc,Gly,R,L,0.0095,0.0028489764243788793,R,0.005166666666666667,0.0001666666666666667,L,0.005,0.0,0.010166666666666668,0.005,0.0028538473057338654,GNAc,Gly,0.07833333333333334,0.005345818719127853,0.07683333333333332,0.0021200104821543814,0.13183333333333333,0.011139768599232412,0.09300000000000001,0.012912526218108265,0.12566666666666668,0.002577681990557496,0.059666666666666666,0.013210265368686244,0.062,0.008809086218218095,0.09300000000000001,0.012912526218108265,0.062,0.008809086218218095
GNAc + Gly,Ec,S+L,GNAc,Gly,S,L,0.005833333333333334,0.0004013864859597432,S,0.005,0.0,L,0.005,0.0,0.01,0.005,0.0004013864859597432,GNAc,Gly,0.07833333333333334,0.005345818719127853,0.07683333333333332,0.0021200104821543814,0.13183333333333333,0.011139768599232412,0.09300000000000001,0.012912526218108265,0.12566666666666668,0.002577681990557496,0.059666666666666666,0.013210265368686244,0.062,0.008809086218218095,0.062,0.008809086218218095,0.059666666666666666,0.013210265368686244
GNAc + Gly,Ec,M+M,GNAc,Gly,M,M,0.005,0.0,M,0.005,0.0,M,0.005,0.0,0.01,0.005,0.0,GNAc,Gly,0.07833333333333334,0.005345818719127853,0.07683333333333332,0.0021200104821543814,0.13183333333333333,0.011139768599232412,0.09300000000000001,0.012912526218108265,0.12566666666666668,0.002577681990557496,0.059666666666666666,0.013210265368686244,0.062,0.008809086218218095,0.07683333333333332,0.0021200104821543814,0.07683333333333332,0.0021200104821543814
GNAc + Gly,Ec,F+R,GNAc,Gly,F,R,0.074,0.005196152422706631,F,0.028333333333333335,0.005981452814975453,R,0.005166666666666667,0.0001666666666666667,0.0335,0.040499999999999994,0.007924995618645826,GNAc,Gly,0.07833333333333334,0.005345818719127853,0.07683333333333332,0.0021200104821543814,0.13183333333333333,0.011139768599232412,0.09300000000000001,0.012912526218108265,0.12566666666666668,0.002577681990557496,0.059666666666666666,0.013210265368686244,0.062,0.008809086218218095,0.13183333333333333,0.011139768599232412,0.09300000000000001,0.012912526218108265
GNAc + Gly,Ec,M+R,GNAc,Gly,M,R,0.04766666666666666,0.004543615789703664,M,0.005,0.0,R,0.005166666666666667,0.0001666666666666667,0.010166666666666668,0.03749999999999999,0.004546671554249574,GNAc,Gly,0.07833333333333334,0.005345818719127853,0.07683333333333332,0.0021200104821543814,0.13183333333333333,0.011139768599232412,0.09300000000000001,0.012912526218108265,0.12566666666666668,0.002577681990557496,0.059666666666666666,0.013210265368686244,0.062,0.008809086218218095,0.09300000000000001,0.012912526218108265,0.07683333333333332,0.0021200104821543814
GNAc + Gly,Ec,R+R,GNAc,Gly,R,R,0.005166666666666667,0.0001666666666666667,R,0.005166666666666667,0.0001666666666666667,R,0.005166666666666667,0.0001666666666666667,0.010333333333333333,0.005,0.0002886751345948129,GNAc,Gly,0.07833333333333334,0.005345818719127853,0.07683333333333332,0.0021200104821543814,0.13183333333333333,0.011139768599232412,0.09300000000000001,0.012912526218108265,0.12566666666666668,0.002577681990557496,0.059666666666666666,0.013210265368686244,0.062,0.008809086218218095,0.09300000000000001,0.012912526218108265,0.09300000000000001,0.012912526218108265
GNAc + Gly,Ec,C+S,GNAc,Gly,C,S,0.005,0.0,C,0.005,0.0,S,0.005,0.0,0.01,0.005,0.0,GNAc,Gly,0.07833333333333334,0.005345818719127853,0.07683333333333332,0.0021200104821543814,0.13183333333333333,0.011139768599232412,0.09300000000000001,0.012912526218108265,0.12566666666666668,0.002577681990557496,0.059666666666666666,0.013210265368686244,0.062,0.008809086218218095,0.12566666666666668,0.002577681990557496,0.059666666666666666,0.013210265368686244
GNAc + Gly,Ec,F+S,GNAc,Gly,F,S,0.0745,0.001848422751068238,F,0.028333333333333335,0.005981452814975453,S,0.005,0.0,0.03333333333333333,0.041166666666666664,0.0062605466569976495,GNAc,Gly,0.07833333333333334,0.005345818719127853,0.07683333333333332,0.0021200104821543814,0.13183333333333333,0.011139768599232412,0.09300000000000001,0.012912526218108265,0.12566666666666668,0.002577681990557496,0.059666666666666666,0.013210265368686244,0.062,0.008809086218218095,0.13183333333333333,0.011139768599232412,0.059666666666666666,0.013210265368686244
GNAc + Gly,Ec,M+S,GNAc,Gly,M,S,0.015833333333333335,0.0034001633947666563,M,0.005,0.0,S,0.005,0.0,0.01,0.0058333333333333345,0.0034001633947666563,GNAc,Gly,0.07833333333333334,0.005345818719127853,0.07683333333333332,0.0021200104821543814,0.13183333333333333,0.011139768599232412,0.09300000000000001,0.012912526218108265,0.12566666666666668,0.002577681990557496,0.059666666666666666,0.013210265368686244,0.062,0.008809086218218095,0.07683333333333332,0.0021200104821543814,0.059666666666666666,0.013210265368686244
GNAc + Gly,Ec,R+S,GNAc,Gly,R,S,0.011000000000000001,0.001505545305418162,R,0.005166666666666667,0.0001666666666666667,S,0.005,0.0,0.010166666666666668,0.005,0.001514742369000235,GNAc,Gly,0.07833333333333334,0.005345818719127853,0.07683333333333332,0.0021200104821543814,0.13183333333333333,0.011139768599232412,0.09300000000000001,0.012912526218108265,0.12566666666666668,0.002577681990557496,0.059666666666666666,0.013210265368686244,0.062,0.008809086218218095,0.09300000000000001,0.012912526218108265,0.059666666666666666,0.013210265368686244
GNAc + Gly,Ec,S+S,GNAc,Gly,S,S,0.005,0.0,S,0.005,0.0,S,0.005,0.0,0.01,0.005,0.0,GNAc,Gly,0.07833333333333334,0.005345818719127853,0.07683333333333332,0.0021200104821543814,0.13183333333333333,0.011139768599232412,0.09300000000000001,0.012912526218108265,0.12566666666666668,0.002577681990557496,0.059666666666666666,0.013210265368686244,0.062,0.008809086218218095,0.059666666666666666,0.013210265368686244,0.059666666666666666,0.013210265368686244
GNAc + Gly,Ec,WT+WT,GNAc,Gly,WT,WT,0.07833333333333334,0.005345818719127853,,,,,,,,0.07833333333333334,0.0,GNAc,Gly,0.07833333333333334,0.005345818719127853,0.07683333333333332,0.0021200104821543814,0.13183333333333333,0.011139768599232412,0.09300000000000001,0.012912526218108265,0.12566666666666668,0.002577681990557496,0.059666666666666666,0.013210265368686244,0.062,0.008809086218218095,0.07833333333333334,0.005345818719127853,0.07833333333333334,0.005345818719127853
GNAc + NoC,Bs,C+C,GNAc,NoC,C,C,0.005,0.0,C,0.005,0.0,C,0.005,0.0,0.01,0.005,0.0,GNAc,NoC,0.2758333333333333,0.054712836194484055,0.15966666666666668,0.020254491957204076,0.06066666666666667,0.007570410234003909,0.06499999999999999,0.01626448072744203,0.03283333333333333,0.0062525550332999435,0.005,0.0,0.11466666666666665,0.009721682524702764,0.03283333333333333,0.0062525550332999435,0.03283333333333333,0.0062525550332999435
GNAc + NoC,Bs,F+C,GNAc,NoC,F,C,0.0305,0.0065408969823208,F,0.008,0.0013416407864998738,C,0.005,0.0,0.013000000000000001,0.017499999999999998,0.006677075208003379,GNAc,NoC,0.2758333333333333,0.054712836194484055,0.15966666666666668,0.020254491957204076,0.06066666666666667,0.007570410234003909,0.06499999999999999,0.01626448072744203,0.03283333333333333,0.0062525550332999435,0.005,0.0,0.11466666666666665,0.009721682524702764,0.06066666666666667,0.007570410234003909,0.03283333333333333,0.0062525550332999435
GNAc + NoC,Bs,M+C,GNAc,NoC,M,C,0.018,0.00977070451229934,M,0.005833333333333334,0.0008333333333333333,C,0.005,0.0,0.010833333333333334,0.007166666666666665,0.00980617719150083,GNAc,NoC,0.2758333333333333,0.054712836194484055,0.15966666666666668,0.020254491957204076,0.06066666666666667,0.007570410234003909,0.06499999999999999,0.01626448072744203,0.03283333333333333,0.0062525550332999435,0.005,0.0,0.11466666666666665,0.009721682524702764,0.15966666666666668,0.020254491957204076,0.03283333333333333,0.0062525550332999435
GNAc + NoC,Bs,R+C,GNAc,NoC,R,C,0.02383333333333333,0.004922172058936763,R,0.006333333333333333,0.0008432740427115674,C,0.005,0.0,0.011333333333333334,0.012499999999999997,0.00499388514974953,GNAc,NoC,0.2758333333333333,0.054712836194484055,0.15966666666666668,0.020254491957204076,0.06066666666666667,0.007570410234003909,0.06499999999999999,0.01626448072744203,0.03283333333333333,0.0062525550332999435,0.005,0.0,0.11466666666666665,0.009721682524702764,0.06499999999999999,0.01626448072744203,0.03283333333333333,0.0062525550332999435
GNAc + NoC,Bs,F+F,GNAc,NoC,F,F,0.008,0.0013416407864998738,F,0.008,0.0013416407864998738,F,0.008,0.0013416407864998738,0.016,0.005,0.00232379000772445,GNAc,NoC,0.2758333333333333,0.054712836194484055,0.15966666666666668,0.020254491957204076,0.06066666666666667,0.007570410234003909,0.06499999999999999,0.01626448072744203,0.03283333333333333,0.0062525550332999435,0.005,0.0,0.11466666666666665,0.009721682524702764,0.06066666666666667,0.007570410234003909,0.06066666666666667,0.007570410234003909
GNAc + NoC,Bs,M+F,GNAc,NoC,M,F,0.043666666666666666,0.008089774066341066,M,0.005833333333333334,0.0008333333333333333,F,0.008,0.0013416407864998738,0.013833333333333333,0.029833333333333333,0.008242505012973234,GNAc,NoC,0.2758333333333333,0.054712836194484055,0.15966666666666668,0.020254491957204076,0.06066666666666667,0.007570410234003909,0.06499999999999999,0.01626448072744203,0.03283333333333333,0.0062525550332999435,0.005,0.0,0.11466666666666665,0.009721682524702764,0.15966666666666668,0.020254491957204076,0.06066666666666667,0.007570410234003909
GNAc + NoC,Bs,C+L,GNAc,NoC,C,L,0.009333333333333334,0.0014981470036162824,C,0.005,0.0,L,0.005,0.0,0.01,0.005,0.0014981470036162824,GNAc,NoC,0.2758333333333333,0.054712836194484055,0.15966666666666668,0.020254491957204076,0.06066666666666667,0.007570410234003909,0.06499999999999999,0.01626448072744203,0.03283333333333333,0.0062525550332999435,0.005,0.0,0.11466666666666665,0.009721682524702764,0.11466666666666665,0.009721682524702764,0.03283333333333333,0.0062525550332999435
GNAc + NoC,Bs,F+L,GNAc,NoC,F,L,0.022166666666666668,0.0044901125944803565,F,0.008,0.0013416407864998738,L,0.005,0.0,0.013000000000000001,0.009166666666666667,0.004686268356711032,GNAc,NoC,0.2758333333333333,0.054712836194484055,0.15966666666666668,0.020254491957204076,0.06066666666666667,0.007570410234003909,0.06499999999999999,0.01626448072744203,0.03283333333333333,0.0062525550332999435,0.005,0.0,0.11466666666666665,0.009721682524702764,0.11466666666666665,0.009721682524702764,0.06066666666666667,0.007570410234003909
GNAc + NoC,Bs,L+L,GNAc,NoC,L,L,0.005,0.0,L,0.005,0.0,L,0.005,0.0,0.01,0.005,0.0,GNAc,NoC,0.2758333333333333,0.054712836194484055,0.15966666666666668,0.020254491957204076,0.06066666666666667,0.007570410234003909,0.06499999999999999,0.01626448072744203,0.03283333333333333,0.0062525550332999435,0.005,0.0,0.11466666666666665,0.009721682524702764,0.11466666666666665,0.009721682524702764,0.11466666666666665,0.009721682524702764
GNAc + NoC,Bs,M+L,GNAc,NoC,M,L,0.017333333333333336,0.0037741812945915098,M,0.005833333333333334,0.0008333333333333333,L,0.005,0.0,0.010833333333333334,0.006500000000000002,0.003865085883766218,GNAc,NoC,0.2758333333333333,0.054712836194484055,0.15966666666666668,0.020254491957204076,0.06066666666666667,0.007570410234003909,0.06499999999999999,0.01626448072744203,0.03283333333333333,0.0062525550332999435,0.005,0.0,0.11466666666666665,0.009721682524702764,0.15966666666666668,0.020254491957204076,0.11466666666666665,0.009721682524702764
GNAc + NoC,Bs,R+L,GNAc,NoC,R,L,0.024833333333333332,0.006030017505041848,R,0.006333333333333333,0.0008432740427115674,L,0.005,0.0,0.011333333333333334,0.013499999999999998,0.006088696266215143,GNAc,NoC,0.2758333333333333,0.054712836194484055,0.15966666666666668,0.020254491957204076,0.06066666666666667,0.007570410234003909,0.06499999999999999,0.01626448072744203,0.03283333333333333,0.0062525550332999435,0.005,0.0,0.11466666666666665,0.009721682524702764,0.11466666666666665,0.009721682524702764,0.06499999999999999,0.01626448072744203
GNAc + NoC,Bs,S+L,GNAc,NoC,S,L,0.007,0.0012909944487358056,S,0.005,0.0,L,0.005,0.0,0.01,0.005,0.0012909944487358056,GNAc,NoC,0.2758333333333333,0.054712836194484055,0.15966666666666668,0.020254491957204076,0.06066666666666667,0.007570410234003909,0.06499999999999999,0.01626448072744203,0.03283333333333333,0.0062525550332999435,0.005,0.0,0.11466666666666665,0.009721682524702764,0.11466666666666665,0.009721682524702764,0.005,0.0
GNAc + NoC,Bs,M+M,GNAc,NoC,M,M,0.005833333333333334,0.0008333333333333333,M,0.005833333333333334,0.0008333333333333333,M,0.005833333333333334,0.0008333333333333333,0.011666666666666667,0.005,0.0014433756729740643,GNAc,NoC,0.2758333333333333,0.054712836194484055,0.15966666666666668,0.020254491957204076,0.06066666666666667,0.007570410234003909,0.06499999999999999,0.01626448072744203,0.03283333333333333,0.0062525550332999435,0.005,0.0,0.11466666666666665,0.009721682524702764,0.15966666666666668,0.020254491957204076,0.15966666666666668,0.020254491957204076
GNAc + NoC,Bs,F+R,GNAc,NoC,F,R,0.03233333333333333,0.0010219806477837264,F,0.008,0.0013416407864998738,R,0.006333333333333333,0.0008432740427115674,0.014333333333333333,0.018,0.0018856180831641268,GNAc,NoC,0.2758333333333333,0.054712836194484055,0.15966666666666668,0.020254491957204076,0.06066666666666667,0.007570410234003909,0.06499999999999999,0.01626448072744203,0.03283333333333333,0.0062525550332999435,0.005,0.0,0.11466666666666665,0.009721682524702764,0.06499999999999999,0.01626448072744203,0.06066666666666667,0.007570410234003909
GNAc + NoC,Bs,M+R,GNAc,NoC,M,R,0.03833333333333334,0.006364833942147362,M,0.005833333333333334,0.0008333333333333333,R,0.006333333333333333,0.0008432740427115674,0.012166666666666666,0.02616666666666667,0.006474308199851678,GNAc,NoC,0.2758333333333333,0.054712836194484055,0.15966666666666668,0.020254491957204076,0.06066666666666667,0.007570410234003909,0.06499999999999999,0.01626448072744203,0.03283333333333333,0.0062525550332999435,0.005,0.0,0.11466666666666665,0.009721682524702764,0.15966666666666668,0.020254491957204076,0.06499999999999999,0.01626448072744203
GNAc + NoC,Bs,R+R,GNAc,NoC,R,R,0.006333333333333333,0.0008432740427115674,R,0.006333333333333333,0.0008432740427115674,R,0.006333333333333333,0.0008432740427115674,0.012666666666666666,0.005,0.0014605934866804423,GNAc,NoC,0.2758333333333333,0.054712836194484055,0.15966666666666668,0.020254491957204076,0.06066666666666667,0.007570410234003909,0.06499999999999999,0.01626448072744203,0.03283333333333333,0.0062525550332999435,0.005,0.0,0.11466666666666665,0.009721682524702764,0.06499999999999999,0.01626448072744203,0.06499999999999999,0.01626448072744203
GNAc + NoC,Bs,C+S,GNAc,NoC,C,S,0.006999999999999999,0.001,C,0.005,0.0,S,0.005,0.0,0.01,0.005,0.001,GNAc,NoC,0.2758333333333333,0.054712836194484055,0.15966666666666668,0.020254491957204076,0.06066666666666667,0.007570410234003909,0.06499999999999999,0.01626448072744203,0.03283333333333333,0.0062525550332999435,0.005,0.0,0.11466666666666665,0.009721682524702764,0.03283333333333333,0.0062525550332999435,0.005,0.0
GNAc + NoC,Bs,F+S,GNAc,NoC,F,S,0.031,0.004494441010848846,F,0.008,0.0013416407864998738,S,0.005,0.0,0.013000000000000001,0.018,0.00469041575982343,GNAc,NoC,0.2758333333333333,0.054712836194484055,0.15966666666666668,0.020254491957204076,0.06066666666666667,0.007570410234003909,0.06499999999999999,0.01626448072744203,0.03283333333333333,0.0062525550332999435,0.005,0.0,0.11466666666666665,0.009721682524702764,0.06066666666666667,0.007570410234003909,0.005,0.0
GNAc + NoC,Bs,M+S,GNAc,NoC,M,S,0.012333333333333333,0.0029514591494904877,M,0.005833333333333334,0.0008333333333333333,S,0.005,0.0,0.010833333333333334,0.005,0.0030668478207363918,GNAc,NoC,0.2758333333333333,0.054712836194484055,0.15966666666666668,0.020254491957204076,0.06066666666666667,0.007570410234003909,0.06499999999999999,0.01626448072744203,0.03283333333333333,0.0062525550332999435,0.005,0.0,0.11466666666666665,0.009721682524702764,0.15966666666666668,0.020254491957204076,0.005,0.0
GNAc + NoC,Bs,R+S,GNAc,NoC,R,S,0.024833333333333332,0.0026002136664341857,R,0.006333333333333333,0.0008432740427115674,S,0.005,0.0,0.011333333333333334,0.013499999999999998,0.002733536577809454,GNAc,NoC,0.2758333333333333,0.054712836194484055,0.15966666666666668,0.020254491957204076,0.06066666666666667,0.007570410234003909,0.06499999999999999,0.01626448072744203,0.03283333333333333,0.0062525550332999435,0.005,0.0,0.11466666666666665,0.009721682524702764,0.06499999999999999,0.01626448072744203,0.005,0.0
GNAc + NoC,Bs,S+S,GNAc,NoC,S,S,0.005,0.0,S,0.005,0.0,S,0.005,0.0,0.01,0.005,0.0,GNAc,NoC,0.2758333333333333,0.054712836194484055,0.15966666666666668,0.020254491957204076,0.06066666666666667,0.007570410234003909,0.06499999999999999,0.01626448072744203,0.03283333333333333,0.0062525550332999435,0.005,0.0,0.11466666666666665,0.009721682524702764,0.005,0.0,0.005,0.0
GNAc + NoC,Bs,WT+WT,GNAc,NoC,WT,WT,0.2758333333333333,0.054712836194484055,,,,,,,,0.2758333333333333,0.0,GNAc,NoC,0.2758333333333333,0.054712836194484055,0.15966666666666668,0.020254491957204076,0.06066666666666667,0.007570410234003909,0.06499999999999999,0.01626448072744203,0.03283333333333333,0.0062525550332999435,0.005,0.0,0.11466666666666665,0.009721682524702764,0.2758333333333333,0.054712836194484055,0.2758333333333333,0.054712836194484055
GNAc + NoC,Ec,C+C,GNAc,NoC,C,C,0.005,0.0,C,0.005,0.0,C,0.005,0.0,0.01,0.005,0.0,GNAc,NoC,0.07100000000000001,0.01320101006236518,0.09666666666666666,0.0032930904093942583,0.09200000000000001,0.0014375905768565227,0.07466666666666667,0.005064034403955448,0.10766666666666667,0.0039721250959376606,0.06016666666666667,0.004585605497399203,0.082,0.0036878177829171525,0.10766666666666667,0.0039721250959376606,0.10766666666666667,0.0039721250959376606
GNAc + NoC,Ec,F+C,GNAc,NoC,F,C,0.09599999999999999,0.002380476142847617,F,0.11183333333333334,0.018002623265636716,C,0.005,0.0,0.11683333333333334,0.005,0.01815932573393382,GNAc,NoC,0.07100000000000001,0.01320101006236518,0.09666666666666666,0.0032930904093942583,0.09200000000000001,0.0014375905768565227,0.07466666666666667,0.005064034403955448,0.10766666666666667,0.0039721250959376606,0.06016666666666667,0.004585605497399203,0.082,0.0036878177829171525,0.10766666666666667,0.0039721250959376606,0.09200000000000001,0.0014375905768565227
GNAc + NoC,Ec,M+C,GNAc,NoC,M,C,0.007166666666666666,0.0005426273532033235,M,0.005,0.0,C,0.005,0.0,0.01,0.005,0.0005426273532033235,GNAc,NoC,0.07100000000000001,0.01320101006236518,0.09666666666666666,0.0032930904093942583,0.09200000000000001,0.0014375905768565227,0.07466666666666667,0.005064034403955448,0.10766666666666667,0.0039721250959376606,0.06016666666666667,0.004585605497399203,0.082,0.0036878177829171525,0.10766666666666667,0.0039721250959376606,0.09666666666666666,0.0032930904093942583
GNAc + NoC,Ec,R+C,GNAc,NoC,R,C,0.014499999999999999,0.002629955639676583,R,0.005,0.0,C,0.005,0.0,0.01,0.005,0.002629955639676583,GNAc,NoC,0.07100000000000001,0.01320101006236518,0.09666666666666666,0.0032930904093942583,0.09200000000000001,0.0014375905768565227,0.07466666666666667,0.005064034403955448,0.10766666666666667,0.0039721250959376606,0.06016666666666667,0.004585605497399203,0.082,0.0036878177829171525,0.10766666666666667,0.0039721250959376606,0.07466666666666667,0.005064034403955448
GNAc + NoC,Ec,F+F,GNAc,NoC,F,F,0.11183333333333334,0.018002623265636716,F,0.11183333333333334,0.018002623265636716,F,0.11183333333333334,0.018002623265636716,0.22366666666666668,0.005,0.031181458165604335,GNAc,NoC,0.07100000000000001,0.01320101006236518,0.09666666666666666,0.0032930904093942583,0.09200000000000001,0.0014375905768565227,0.07466666666666667,0.005064034403955448,0.10766666666666667,0.0039721250959376606,0.06016666666666667,0.004585605497399203,0.082,0.0036878177829171525,0.09200000000000001,0.0014375905768565227,0.09200000000000001,0.0014375905768565227
GNAc + NoC,Ec,M+F,GNAc,NoC,M,F,0.07733333333333332,0.023336190301284778,M,0.005,0.0,F,0.11183333333333334,0.018002623265636716,0.11683333333333334,0.005,0.029473245871844894,GNAc,NoC,0.07100000000000001,0.01320101006236518,0.09666666666666666,0.0032930904093942583,0.09200000000000001,0.0014375905768565227,0.07466666666666667,0.005064034403955448,0.10766666666666667,0.0039721250959376606,0.06016666666666667,0.004585605497399203,0.082,0.0036878177829171525,0.09666666666666666,0.0032930904093942583,0.09200000000000001,0.0014375905768565227
GNAc + NoC,Ec,C+L,GNAc,NoC,C,L,0.013333333333333334,0.0014757295747452434,C,0.005,0.0,L,0.005,0.0,0.01,0.005,0.0014757295747452434,GNAc,NoC,0.07100000000000001,0.01320101006236518,0.09666666666666666,0.0032930904093942583,0.09200000000000001,0.0014375905768565227,0.07466666666666667,0.005064034403955448,0.10766666666666667,0.0039721250959376606,0.06016666666666667,0.004585605497399203,0.082,0.0036878177829171525,0.10766666666666667,0.0039721250959376606,0.082,0.0036878177829171525
GNAc + NoC,Ec,F+L,GNAc,NoC,F,L,0.1045,0.007948794457861728,F,0.11183333333333334,0.018002623265636716,L,0.005,0.0,0.11683333333333334,0.005,0.01967937442546835,GNAc,NoC,0.07100000000000001,0.01320101006236518,0.09666666666666666,0.0032930904093942583,0.09200000000000001,0.0014375905768565227,0.07466666666666667,0.005064034403955448,0.10766666666666667,0.0039721250959376606,0.06016666666666667,0.004585605497399203,0.082,0.0036878177829171525,0.09200000000000001,0.0014375905768565227,0.082,0.0036878177829171525
GNAc + NoC,Ec,L+L,GNAc,NoC,L,L,0.005,0.0,L,0.005,0.0,L,0.005,0.0,0.01,0.005,0.0,GNAc,NoC,0.07100000000000001,0.01320101006236518,0.09666666666666666,0.0032930904093942583,0.09200000000000001,0.0014375905768565227,0.07466666666666667,0.005064034403955448,0.10766666666666667,0.0039721250959376606,0.06016666666666667,0.004585605497399203,0.082,0.0036878177829171525,0.082,0.0036878177829171525,0.082,0.0036878177829171525
GNAc + NoC,Ec,M+L,GNAc,NoC,M,L,0.05333333333333334,0.007530677998102899,M,0.005,0.0,L,0.005,0.0,0.01,0.043333333333333335,0.007530677998102899,GNAc,NoC,0.07100000000000001,0.01320101006236518,0.09666666666666666,0.0032930904093942583,0.09200000000000001,0.0014375905768565227,0.07466666666666667,0.005064034403955448,0.10766666666666667,0.0039721250959376606,0.06016666666666667,0.004585605497399203,0.082,0.0036878177829171525,0.09666666666666666,0.0032930904093942583,0.082,0.0036878177829171525
GNAc + NoC,Ec,R+L,GNAc,NoC,R,L,0.0145,0.005432924319983361,R,0.005,0.0,L,0.005,0.0,0.01,0.005,0.005432924319983361,GNAc,NoC,0.07100000000000001,0.01320101006236518,0.09666666666666666,0.0032930904093942583,0.09200000000000001,0.0014375905768565227,0.07466666666666667,0.005064034403955448,0.10766666666666667,0.0039721250959376606,0.06016666666666667,0.004585605497399203,0.082,0.0036878177829171525,0.082,0.0036878177829171525,0.07466666666666667,0.005064034403955448
GNAc + NoC,Ec,S+L,GNAc,NoC,S,L,0.007333333333333333,0.0009189365834726813,S,0.005,0.0,L,0.005,0.0,0.01,0.005,0.0009189365834726813,GNAc,NoC,0.07100000000000001,0.01320101006236518,0.09666666666666666,0.0032930904093942583,0.09200000000000001,0.0014375905768565227,0.07466666666666667,0.005064034403955448,0.10766666666666667,0.0039721250959376606,0.06016666666666667,0.004585605497399203,0.082,0.0036878177829171525,0.082,0.0036878177829171525,0.06016666666666667,0.004585605497399203
GNAc + NoC,Ec,M+M,GNAc,NoC,M,M,0.005,0.0,M,0.005,0.0,M,0.005,0.0,0.01,0.005,0.0,GNAc,NoC,0.07100000000000001,0.01320101006236518,0.09666666666666666,0.0032930904093942583,0.09200000000000001,0.0014375905768565227,0.07466666666666667,0.005064034403955448,0.10766666666666667,0.0039721250959376606,0.06016666666666667,0.004585605497399203,0.082,0.0036878177829171525,0.09666666666666666,0.0032930904093942583,0.09666666666666666,0.0032930904093942583
GNAc + NoC,Ec,F+R,GNAc,NoC,F,R,0.1105,0.006795832055998243,F,0.11183333333333334,0.018002623265636716,R,0.005,0.0,0.11683333333333334,0.005,0.01924260319649547,GNAc,NoC,0.07100000000000001,0.01320101006236518,0.09666666666666666,0.0032930904093942583,0.09200000000000001,0.0014375905768565227,0.07466666666666667,0.005064034403955448,0.10766666666666667,0.0039721250959376606,0.06016666666666667,0.004585605497399203,0.082,0.0036878177829171525,0.09200000000000001,0.0014375905768565227,0.07466666666666667,0.005064034403955448
GNAc + NoC,Ec,M+R,GNAc,NoC,M,R,0.0665,0.005168816756924807,M,0.005,0.0,R,0.005,0.0,0.01,0.0565,0.005168816756924807,GNAc,NoC,0.07100000000000001,0.01320101006236518,0.09666666666666666,0.0032930904093942583,0.09200000000000001,0.0014375905768565227,0.07466666666666667,0.005064034403955448,0.10766666666666667,0.0039721250959376606,0.06016666666666667,0.004585605497399203,0.082,0.0036878177829171525,0.09666666666666666,0.0032930904093942583,0.07466666666666667,0.005064034403955448
GNAc + NoC,Ec,R+R,GNAc,NoC,R,R,0.005,0.0,R,0.005,0.0,R,0.005,0.0,0.01,0.005,0.0,GNAc,NoC,0.07100000000000001,0.01320101006236518,0.09666666666666666,0.0032930904093942583,0.09200000000000001,0.0014375905768565227,0.07466666666666667,0.005064034403955448,0.10766666666666667,0.0039721250959376606,0.06016666666666667,0.004585605497399203,0.082,0.0036878177829171525,0.07466666666666667,0.005064034403955448,0.07466666666666667,0.005064034403955448
GNAc + NoC,Ec,C+S,GNAc,NoC,C,S,0.005,0.0,C,0.005,0.0,S,0.005,0.0,0.01,0.005,0.0,GNAc,NoC,0.07100000000000001,0.01320101006236518,0.09666666666666666,0.0032930904093942583,0.09200000000000001,0.0014375905768565227,0.07466666666666667,0.005064034403955448,0.10766666666666667,0.0039721250959376606,0.06016666666666667,0.004585605497399203,0.082,0.0036878177829171525,0.10766666666666667,0.0039721250959376606,0.06016666666666667,0.004585605497399203
GNAc + NoC,Ec,F+S,GNAc,NoC,F,S,0.10200000000000001,0.0033416562759605675,F,0.11183333333333334,0.018002623265636716,S,0.005,0.0,0.11683333333333334,0.005,0.018310136840316377,GNAc,NoC,0.07100000000000001,0.01320101006236518,0.09666666666666666,0.0032930904093942583,0.09200000000000001,0.0014375905768565227,0.07466666666666667,0.005064034403955448,0.10766666666666667,0.0039721250959376606,0.06016666666666667,0.004585605497399203,0.082,0.0036878177829171525,0.09200000000000001,0.0014375905768565227,0.06016666666666667,0.004585605497399203
GNAc + NoC,Ec,M+S,GNAc,NoC,M,S,0.025333333333333333,0.0032625824808645743,M,0.005,0.0,S,0.005,0.0,0.01,0.015333333333333332,0.0032625824808645743,GNAc,NoC,0.07100000000000001,0.01320101006236518,0.09666666666666666,0.0032930904093942583,0.09200000000000001,0.0014375905768565227,0.07466666666666667,0.005064034403955448,0.10766666666666667,0.0039721250959376606,0.06016666666666667,0.004585605497399203,0.082,0.0036878177829171525,0.09666666666666666,0.0032930904093942583,0.06016666666666667,0.004585605497399203
GNAc + NoC,Ec,R+S,GNAc,NoC,R,S,0.014833333333333332,0.0020561560684388184,R,0.005,0.0,S,0.005,0.0,0.01,0.005,0.0020561560684388184,GNAc,NoC,0.07100000000000001,0.01320101006236518,0.09666666666666666,0.0032930904093942583,0.09200000000000001,0.0014375905768565227,0.07466666666666667,0.005064034403955448,0.10766666666666667,0.0039721250959376606,0.06016666666666667,0.004585605497399203,0.082,0.0036878177829171525,0.07466666666666667,0.005064034403955448,0.06016666666666667,0.004585605497399203
GNAc + NoC,Ec,S+S,GNAc,NoC,S,S,0.005,0.0,S,0.005,0.0,S,0.005,0.0,0.01,0.005,0.0,GNAc,NoC,0.07100000000000001,0.01320101006236518,0.09666666666666666,0.0032930904093942583,0.09200000000000001,0.0014375905768565227,0.07466666666666667,0.005064034403955448,0.10766666666666667,0.0039721250959376606,0.06016666666666667,0.004585605497399203,0.082,0.0036878177829171525,0.06016666666666667,0.004585605497399203,0.06016666666666667,0.004585605497399203
GNAc + NoC,Ec,WT+WT,GNAc,NoC,WT,WT,0.07100000000000001,0.01320101006236518,,,,,,,,0.07100000000000001,0.0,GNAc,NoC,0.07100000000000001,0.01320101006236518,0.09666666666666666,0.0032930904093942583,0.09200000000000001,0.0014375905768565227,0.07466666666666667,0.005064034403955448,0.10766666666666667,0.0039721250959376606,0.06016666666666667,0.004585605497399203,0.082,0.0036878177829171525,0.07100000000000001,0.01320101006236518,0.07100000000000001,0.01320101006236518
Glcn + Fum,Bs,C+C,Glcn,Fum,C,C,0.005,0.0,C,0.005,0.0,C,0.005,0.0,0.01,0.005,0.0,Glcn,Fum,0.265,0.005489383693397045,0.19616666666666668,0.0047638686426521555,0.18400000000000002,0.002408318915758463,0.07633333333333334,0.0031587620641285673,0.08850000000000001,0.021328775554791388,0.005,0.0,0.15316666666666667,0.01041926634226763,0.08850000000000001,0.021328775554791388,0.08850000000000001,0.021328775554791388
Glcn + Fum,Bs,F+C,Glcn,Fum,F,C,0.03166666666666667,0.00817584518226981,F,0.006833333333333334,0.0011666666666666665,C,0.005,0.0,0.011833333333333335,0.019833333333333335,0.008258665482725134,Glcn,Fum,0.265,0.005489383693397045,0.19616666666666668,0.0047638686426521555,0.18400000000000002,0.002408318915758463,0.07633333333333334,0.0031587620641285673,0.08850000000000001,0.021328775554791388,0.005,0.0,0.15316666666666667,0.01041926634226763,0.18400000000000002,0.002408318915758463,0.08850000000000001,0.021328775554791388
Glcn + Fum,Bs,M+C,Glcn,Fum,M,C,0.011333333333333334,0.004013864859597432,M,0.005333333333333333,0.00021081851067789205,C,0.005,0.0,0.010333333333333333,0.005,0.00401939741199543,Glcn,Fum,0.265,0.005489383693397045,0.19616666666666668,0.0047638686426521555,0.18400000000000002,0.002408318915758463,0.07633333333333334,0.0031587620641285673,0.08850000000000001,0.021328775554791388,0.005,0.0,0.15316666666666667,0.01041926634226763,0.19616666666666668,0.0047638686426521555,0.08850000000000001,0.021328775554791388
Glcn + Fum,Bs,R+C,Glcn,Fum,R,C,0.034833333333333334,0.0029935115017502623,R,0.0055000000000000005,0.00022360679774997903,C,0.005,0.0,0.0105,0.024333333333333332,0.0030018512806451805,Glcn,Fum,0.265,0.005489383693397045,0.19616666666666668,0.0047638686426521555,0.18400000000000002,0.002408318915758463,0.07633333333333334,0.0031587620641285673,0.08850000000000001,0.021328775554791388,0.005,0.0,0.15316666666666667,0.01041926634226763,0.08850000000000001,0.021328775554791388,0.07633333333333334,0.0031587620641285673
Glcn + Fum,Bs,F+F,Glcn,Fum,F,F,0.006833333333333334,0.0011666666666666665,F,0.006833333333333334,0.0011666666666666665,F,0.006833333333333334,0.0011666666666666665,0.013666666666666667,0.005,0.00202072594216369,Glcn,Fum,0.265,0.005489383693397045,0.19616666666666668,0.0047638686426521555,0.18400000000000002,0.002408318915758463,0.07633333333333334,0.0031587620641285673,0.08850000000000001,0.021328775554791388,0.005,0.0,0.15316666666666667,0.01041926634226763,0.18400000000000002,0.002408318915758463,0.18400000000000002,0.002408318915758463
Glcn + Fum,Bs,M+F,Glcn,Fum,M,F,0.051333333333333335,0.01589898669028243,M,0.005333333333333333,0.00021081851067789205,F,0.006833333333333334,0.0011666666666666665,0.012166666666666666,0.03916666666666667,0.015943128091228942,Glcn,Fum,0.265,0.005489383693397045,0.19616666666666668,0.0047638686426521555,0.18400000000000002,0.002408318915758463,0.07633333333333334,0.0031587620641285673,0.08850000000000001,0.021328775554791388,0.005,0.0,0.15316666666666667,0.01041926634226763,0.19616666666666668,0.0047638686426521555,0.18400000000000002,0.002408318915758463
Glcn + Fum,Bs,C+L,Glcn,Fum,C,L,0.008166666666666668,0.0014003967691733337,C,0.005,0.0,L,0.005,0.0,0.01,0.005,0.0014003967691733337,Glcn,Fum,0.265,0.005489383693397045,0.19616666666666668,0.0047638686426521555,0.18400000000000002,0.002408318915758463,0.07633333333333334,0.0031587620641285673,0.08850000000000001,0.021328775554791388,0.005,0.0,0.15316666666666667,0.01041926634226763,0.15316666666666667,0.01041926634226763,0.08850000000000001,0.021328775554791388
Glcn + Fum,Bs,F+L,Glcn,Fum,F,L,0.051166666666666666,0.017296274486464164,F,0.006833333333333334,0.0011666666666666665,L,0.005,0.0,0.011833333333333335,0.03933333333333333,0.017335576777892978,Glcn,Fum,0.265,0.005489383693397045,0.19616666666666668,0.0047638686426521555,0.18400000000000002,0.002408318915758463,0.07633333333333334,0.0031587620641285673,0.08850000000000001,0.021328775554791388,0.005,0.0,0.15316666666666667,0.01041926634226763,0.18400000000000002,0.002408318915758463,0.15316666666666667,0.01041926634226763
Glcn + Fum,Bs,L+L,Glcn,Fum,L,L,0.005,0.0,L,0.005,0.0,L,0.005,0.0,0.01,0.005,0.0,Glcn,Fum,0.265,0.005489383693397045,0.19616666666666668,0.0047638686426521555,0.18400000000000002,0.002408318915758463,0.07633333333333334,0.0031587620641285673,0.08850000000000001,0.021328775554791388,0.005,0.0,0.15316666666666667,0.01041926634226763,0.15316666666666667,0.01041926634226763,0.15316666666666667,0.01041926634226763
Glcn + Fum,Bs,M+L,Glcn,Fum,M,L,0.14216666666666666,0.04251699006802391,M,0.005333333333333333,0.00021081851067789205,L,0.005,0.0,0.010333333333333333,0.13183333333333333,0.042517512731683735,Glcn,Fum,0.265,0.005489383693397045,0.19616666666666668,0.0047638686426521555,0.18400000000000002,0.002408318915758463,0.07633333333333334,0.0031587620641285673,0.08850000000000001,0.021328775554791388,0.005,0.0,0.15316666666666667,0.01041926634226763,0.19616666666666668,0.0047638686426521555,0.15316666666666667,0.01041926634226763
Glcn + Fum,Bs,R+L,Glcn,Fum,R,L,0.15333333333333335,0.037683477074766394,R,0.0055000000000000005,0.00022360679774997903,L,0.005,0.0,0.0105,0.14283333333333334,0.03768414048966016,Glcn,Fum,0.265,0.005489383693397045,0.19616666666666668,0.0047638686426521555,0.18400000000000002,0.002408318915758463,0.07633333333333334,0.0031587620641285673,0.08850000000000001,0.021328775554791388,0.005,0.0,0.15316666666666667,0.01041926634226763,0.15316666666666667,0.01041926634226763,0.07633333333333334,0.0031587620641285673
Glcn + Fum,Bs,S+L,Glcn,Fum,S,L,0.2926666666666667,0.10462939888535684,S,0.005,0.0,L,0.005,0.0,0.01,0.2826666666666667,0.10462939888535684,Glcn,Fum,0.265,0.005489383693397045,0.19616666666666668,0.0047638686426521555,0.18400000000000002,0.002408318915758463,0.07633333333333334,0.0031587620641285673,0.08850000000000001,0.021328775554791388,0.005,0.0,0.15316666666666667,0.01041926634226763,0.15316666666666667,0.01041926634226763,0.005,0.0
Glcn + Fum,Bs,M+M,Glcn,Fum,M,M,0.005333333333333333,0.00021081851067789205,M,0.005333333333333333,0.00021081851067789205,M,0.005333333333333333,0.00021081851067789205,0.010666666666666666,0.005,0.0003651483716701109,Glcn,Fum,0.265,0.005489383693397045,0.19616666666666668,0.0047638686426521555,0.18400000000000002,0.002408318915758463,0.07633333333333334,0.0031587620641285673,0.08850000000000001,0.021328775554791388,0.005,0.0,0.15316666666666667,0.01041926634226763,0.19616666666666668,0.0047638686426521555,0.19616666666666668,0.0047638686426521555
Glcn + Fum,Bs,F+R,Glcn,Fum,F,R,0.04666666666666667,0.0032523495780401234,F,0.006833333333333334,0.0011666666666666665,R,0.0055000000000000005,0.00022360679774997903,0.012333333333333335,0.034333333333333334,0.003462497492979436,Glcn,Fum,0.265,0.005489383693397045,0.19616666666666668,0.0047638686426521555,0.18400000000000002,0.002408318915758463,0.07633333333333334,0.0031587620641285673,0.08850000000000001,0.021328775554791388,0.005,0.0,0.15316666666666667,0.01041926634226763,0.18400000000000002,0.002408318915758463,0.07633333333333334,0.0031587620641285673
Glcn + Fum,Bs,M+R,Glcn,Fum,M,R,0.25933333333333336,0.06792283203099758,M,0.005333333333333333,0.00021081851067789205,R,0.0055000000000000005,0.00022360679774997903,0.010833333333333334,0.24850000000000003,0.0679235272608509,Glcn,Fum,0.265,0.005489383693397045,0.19616666666666668,0.0047638686426521555,0.18400000000000002,0.002408318915758463,0.07633333333333334,0.0031587620641285673,0.08850000000000001,0.021328775554791388,0.005,0.0,0.15316666666666667,0.01041926634226763,0.19616666666666668,0.0047638686426521555,0.07633333333333334,0.0031587620641285673
Glcn + Fum,Bs,R+R,Glcn,Fum,R,R,0.0055000000000000005,0.00022360679774997903,R,0.0055000000000000005,0.00022360679774997903,R,0.0055000000000000005,0.00022360679774997903,0.011000000000000001,0.005,0.0003872983346207418,Glcn,Fum,0.265,0.005489383693397045,0.19616666666666668,0.0047638686426521555,0.18400000000000002,0.002408318915758463,0.07633333333333334,0.0031587620641285673,0.08850000000000001,0.021328775554791388,0.005,0.0,0.15316666666666667,0.01041926634226763,0.07633333333333334,0.0031587620641285673,0.07633333333333334,0.0031587620641285673
Glcn + Fum,Bs,C+S,Glcn,Fum,C,S,0.005,0.0,C,0.005,0.0,S,0.005,0.0,0.01,0.005,0.0,Glcn,Fum,0.265,0.005489383693397045,0.19616666666666668,0.0047638686426521555,0.18400000000000002,0.002408318915758463,0.07633333333333334,0.0031587620641285673,0.08850000000000001,0.021328775554791388,0.005,0.0,0.15316666666666667,0.01041926634226763,0.08850000000000001,0.021328775554791388,0.005,0.0
Glcn + Fum,Bs,F+S,Glcn,Fum,F,S,0.030833333333333334,0.004339098728742845,F,0.006833333333333334,0.0011666666666666665,S,0.005,0.0,0.011833333333333335,0.019,0.004493204745934564,Glcn,Fum,0.265,0.005489383693397045,0.19616666666666668,0.0047638686426521555,0.18400000000000002,0.002408318915758463,0.07633333333333334,0.0031587620641285673,0.08850000000000001,0.021328775554791388,0.005,0.0,0.15316666666666667,0.01041926634226763,0.18400000000000002,0.002408318915758463,0.005,0.0
Glcn + Fum,Bs,M+S,Glcn,Fum,M,S,0.08950000000000001,0.07076380901751027,M,0.005333333333333333,0.00021081851067789205,S,0.005,0.0,0.010333333333333333,0.07916666666666668,0.07076412305053396,Glcn,Fum,0.265,0.005489383693397045,0.19616666666666668,0.0047638686426521555,0.18400000000000002,0.002408318915758463,0.07633333333333334,0.0031587620641285673,0.08850000000000001,0.021328775554791388,0.005,0.0,0.15316666666666667,0.01041926634226763,0.19616666666666668,0.0047638686426521555,0.005,0.0
Glcn + Fum,Bs,R+S,Glcn,Fum,R,S,0.23066666666666666,0.0488164362120428,R,0.0055000000000000005,0.00022360679774997903,S,0.005,0.0,0.0105,0.22016666666666665,0.048816948331951715,Glcn,Fum,0.265,0.005489383693397045,0.19616666666666668,0.0047638686426521555,0.18400000000000002,0.002408318915758463,0.07633333333333334,0.0031587620641285673,0.08850000000000001,0.021328775554791388,0.005,0.0,0.15316666666666667,0.01041926634226763,0.07633333333333334,0.0031587620641285673,0.005,0.0
Glcn + Fum,Bs,S+S,Glcn,Fum,S,S,0.005,0.0,S,0.005,0.0,S,0.005,0.0,0.01,0.005,0.0,Glcn,Fum,0.265,0.005489383693397045,0.19616666666666668,0.0047638686426521555,0.18400000000000002,0.002408318915758463,0.07633333333333334,0.0031587620641285673,0.08850000000000001,0.021328775554791388,0.005,0.0,0.15316666666666667,0.01041926634226763,0.005,0.0,0.005,0.0
Glcn + Fum,Bs,WT+WT,Glcn,Fum,WT,WT,0.265,0.005489383693397045,,,,,,,,0.265,0.0,Glcn,Fum,0.265,0.005489383693397045,0.19616666666666668,0.0047638686426521555,0.18400000000000002,0.002408318915758463,0.07633333333333334,0.0031587620641285673,0.08850000000000001,0.021328775554791388,0.005,0.0,0.15316666666666667,0.01041926634226763,0.265,0.005489383693397045,0.265,0.005489383693397045
Glcn + Fum,Ec,C+C,Glcn,Fum,C,C,0.005,0.0,C,0.005,0.0,C,0.005,0.0,0.01,0.005,0.0,Glcn,Fum,0.5721666666666666,0.09613650595781906,0.24149999999999996,0.015114562514343578,0.7516666666666666,0.05105204316294412,0.3961666666666666,0.029718026702846727,0.07333333333333333,0.005270462766947298,0.05883333333333333,0.010964842806797447,0.239,0.05332104024991762,0.07333333333333333,0.005270462766947298,0.07333333333333333,0.005270462766947298
Glcn + Fum,Ec,F+C,Glcn,Fum,F,C,0.10133333333333333,0.003200694369108748,F,0.04666666666666667,0.008604908160140028,C,0.005,0.0,0.051666666666666666,0.049666666666666665,0.00918089804370405,Glcn,Fum,0.5721666666666666,0.09613650595781906,0.24149999999999996,0.015114562514343578,0.7516666666666666,0.05105204316294412,0.3961666666666666,0.029718026702846727,0.07333333333333333,0.005270462766947298,0.05883333333333333,0.010964842806797447,0.239,0.05332104024991762,0.7516666666666666,0.05105204316294412,0.07333333333333333,0.005270462766947298
Glcn + Fum,Ec,M+C,Glcn,Fum,M,C,0.005,0.0,M,0.005,0.0,C,0.005,0.0,0.01,0.005,0.0,Glcn,Fum,0.5721666666666666,0.09613650595781906,0.24149999999999996,0.015114562514343578,0.7516666666666666,0.05105204316294412,0.3961666666666666,0.029718026702846727,0.07333333333333333,0.005270462766947298,0.05883333333333333,0.010964842806797447,0.239,0.05332104024991762,0.24149999999999996,0.015114562514343578,0.07333333333333333,0.005270462766947298
Glcn + Fum,Ec,R+C,Glcn,Fum,R,C,0.009333333333333334,0.001429840705968481,R,0.005166666666666667,0.0001666666666666667,C,0.005,0.0,0.010166666666666668,0.005,0.0014395215254459457,Glcn,Fum,0.5721666666666666,0.09613650595781906,0.24149999999999996,0.015114562514343578,0.7516666666666666,0.05105204316294412,0.3961666666666666,0.029718026702846727,0.07333333333333333,0.005270462766947298,0.05883333333333333,0.010964842806797447,0.239,0.05332104024991762,0.3961666666666666,0.029718026702846727,0.07333333333333333,0.005270462766947298
Glcn + Fum,Ec,F+F,Glcn,Fum,F,F,0.04666666666666667,0.008604908160140028,F,0.04666666666666667,0.008604908160140028,F,0.04666666666666667,0.008604908160140028,0.09333333333333334,0.005,0.014904138127826557,Glcn,Fum,0.5721666666666666,0.09613650595781906,0.24149999999999996,0.015114562514343578,0.7516666666666666,0.05105204316294412,0.3961666666666666,0.029718026702846727,0.07333333333333333,0.005270462766947298,0.05883333333333333,0.010964842806797447,0.239,0.05332104024991762,0.7516666666666666,0.05105204316294412,0.7516666666666666,0.05105204316294412
Glcn + Fum,Ec,M+F,Glcn,Fum,M,F,0.3933333333333333,0.0781855343255885,M,0.005,0.0,F,0.04666666666666667,0.008604908160140028,0.051666666666666666,0.3416666666666667,0.07865762659921936,Glcn,Fum,0.5721666666666666,0.09613650595781906,0.24149999999999996,0.015114562514343578,0.7516666666666666,0.05105204316294412,0.3961666666666666,0.029718026702846727,0.07333333333333333,0.005270462766947298,0.05883333333333333,0.010964842806797447,0.239,0.05332104024991762,0.7516666666666666,0.05105204316294412,0.24149999999999996,0.015114562514343578
Glcn + Fum,Ec,C+L,Glcn,Fum,C,L,0.009833333333333335,0.0012758439472669758,C,0.005,0.0,L,0.005,0.0,0.01,0.005,0.0012758439472669758,Glcn,Fum,0.5721666666666666,0.09613650595781906,0.24149999999999996,0.015114562514343578,0.7516666666666666,0.05105204316294412,0.3961666666666666,0.029718026702846727,0.07333333333333333,0.005270462766947298,0.05883333333333333,0.010964842806797447,0.239,0.05332104024991762,0.239,0.05332104024991762,0.07333333333333333,0.005270462766947298
Glcn + Fum,Ec,F+L,Glcn,Fum,F,L,0.09549999999999999,0.006776183783418708,F,0.04666666666666667,0.008604908160140028,L,0.005,0.0,0.051666666666666666,0.04383333333333332,0.010952675979463243,Glcn,Fum,0.5721666666666666,0.09613650595781906,0.24149999999999996,0.015114562514343578,0.7516666666666666,0.05105204316294412,0.3961666666666666,0.029718026702846727,0.07333333333333333,0.005270462766947298,0.05883333333333333,0.010964842806797447,0.239,0.05332104024991762,0.7516666666666666,0.05105204316294412,0.239,0.05332104024991762
Glcn + Fum,Ec,L+L,Glcn,Fum,L,L,0.005,0.0,L,0.005,0.0,L,0.005,0.0,0.01,0.005,0.0,Glcn,Fum,0.5721666666666666,0.09613650595781906,0.24149999999999996,0.015114562514343578,0.7516666666666666,0.05105204316294412,0.3961666666666666,0.029718026702846727,0.07333333333333333,0.005270462766947298,0.05883333333333333,0.010964842806797447,0.239,0.05332104024991762,0.239,0.05332104024991762,0.239,0.05332104024991762
Glcn + Fum,Ec,M+L,Glcn,Fum,M,L,0.041833333333333333,0.0013519533193782163,M,0.005,0.0,L,0.005,0.0,0.01,0.03183333333333333,0.0013519533193782163,Glcn,Fum,0.5721666666666666,0.09613650595781906,0.24149999999999996,0.015114562514343578,0.7516666666666666,0.05105204316294412,0.3961666666666666,0.029718026702846727,0.07333333333333333,0.005270462766947298,0.05883333333333333,0.010964842806797447,0.239,0.05332104024991762,0.24149999999999996,0.015114562514343578,0.239,0.05332104024991762
Glcn + Fum,Ec,R+L,Glcn,Fum,R,L,0.0135,0.003783737129699507,R,0.005166666666666667,0.0001666666666666667,L,0.005,0.0,0.010166666666666668,0.005,0.003787406031104196,Glcn,Fum,0.5721666666666666,0.09613650595781906,0.24149999999999996,0.015114562514343578,0.7516666666666666,0.05105204316294412,0.3961666666666666,0.029718026702846727,0.07333333333333333,0.005270462766947298,0.05883333333333333,0.010964842806797447,0.239,0.05332104024991762,0.3961666666666666,0.029718026702846727,0.239,0.05332104024991762
Glcn + Fum,Ec,S+L,Glcn,Fum,S,L,0.005666666666666667,0.0004944132324730443,S,0.005,0.0,L,0.005,0.0,0.01,0.005,0.0004944132324730443,Glcn,Fum,0.5721666666666666,0.09613650595781906,0.24149999999999996,0.015114562514343578,0.7516666666666666,0.05105204316294412,0.3961666666666666,0.029718026702846727,0.07333333333333333,0.005270462766947298,0.05883333333333333,0.010964842806797447,0.239,0.05332104024991762,0.239,0.05332104024991762,0.05883333333333333,0.010964842806797447
Glcn + Fum,Ec,M+M,Glcn,Fum,M,M,0.005,0.0,M,0.005,0.0,M,0.005,0.0,0.01,0.005,0.0,Glcn,Fum,0.5721666666666666,0.09613650595781906,0.24149999999999996,0.015114562514343578,0.7516666666666666,0.05105204316294412,0.3961666666666666,0.029718026702846727,0.07333333333333333,0.005270462766947298,0.05883333333333333,0.010964842806797447,0.239,0.05332104024991762,0.24149999999999996,0.015114562514343578,0.24149999999999996,0.015114562514343578
Glcn + Fum,Ec,F+R,Glcn,Fum,F,R,0.12283333333333334,0.003145543584890289,F,0.04666666666666667,0.008604908160140028,R,0.005166666666666667,0.0001666666666666667,0.051833333333333335,0.07100000000000001,0.009163332727052241,Glcn,Fum,0.5721666666666666,0.09613650595781906,0.24149999999999996,0.015114562514343578,0.7516666666666666,0.05105204316294412,0.3961666666666666,0.029718026702846727,0.07333333333333333,0.005270462766947298,0.05883333333333333,0.010964842806797447,0.239,0.05332104024991762,0.7516666666666666,0.05105204316294412,0.3961666666666666,0.029718026702846727
Glcn + Fum,Ec,M+R,Glcn,Fum,M,R,0.09300000000000001,0.015435888917281914,M,0.005,0.0,R,0.005166666666666667,0.0001666666666666667,0.010166666666666668,0.08283333333333334,0.015436788670071389,Glcn,Fum,0.5721666666666666,0.09613650595781906,0.24149999999999996,0.015114562514343578,0.7516666666666666,0.05105204316294412,0.3961666666666666,0.029718026702846727,0.07333333333333333,0.005270462766947298,0.05883333333333333,0.010964842806797447,0.239,0.05332104024991762,0.3961666666666666,0.029718026702846727,0.24149999999999996,0.015114562514343578
Glcn + Fum,Ec,R+R,Glcn,Fum,R,R,0.005166666666666667,0.0001666666666666667,R,0.005166666666666667,0.0001666666666666667,R,0.005166666666666667,0.0001666666666666667,0.010333333333333333,0.005,0.0002886751345948129,Glcn,Fum,0.5721666666666666,0.09613650595781906,0.24149999999999996,0.015114562514343578,0.7516666666666666,0.05105204316294412,0.3961666666666666,0.029718026702846727,0.07333333333333333,0.005270462766947298,0.05883333333333333,0.010964842806797447,0.239,0.05332104024991762,0.3961666666666666,0.029718026702846727,0.3961666666666666,0.029718026702846727
Glcn + Fum,Ec,C+S,Glcn,Fum,C,S,0.005,0.0,C,0.005,0.0,S,0.005,0.0,0.01,0.005,0.0,Glcn,Fum,0.5721666666666666,0.09613650595781906,0.24149999999999996,0.015114562514343578,0.7516666666666666,0.05105204316294412,0.3961666666666666,0.029718026702846727,0.07333333333333333,0.005270462766947298,0.05883333333333333,0.010964842806797447,0.239,0.05332104024991762,0.07333333333333333,0.005270462766947298,0.05883333333333333,0.010964842806797447
Glcn + Fum,Ec,F+S,Glcn,Fum,F,S,0.07525,0.004404070087241272,F,0.04666666666666667,0.008604908160140028,S,0.005,0.0,0.051666666666666666,0.02358333333333333,0.009666451147022767,Glcn,Fum,0.5721666666666666,0.09613650595781906,0.24149999999999996,0.015114562514343578,0.7516666666666666,0.05105204316294412,0.3961666666666666,0.029718026702846727,0.07333333333333333,0.005270462766947298,0.05883333333333333,0.010964842806797447,0.239,0.05332104024991762,0.7516666666666666,0.05105204316294412,0.05883333333333333,0.010964842806797447
Glcn + Fum,Ec,M+S,Glcn,Fum,M,S,0.0275,0.0014548768561863461,M,0.005,0.0,S,0.005,0.0,0.01,0.0175,0.0014548768561863461,Glcn,Fum,0.5721666666666666,0.09613650595781906,0.24149999999999996,0.015114562514343578,0.7516666666666666,0.05105204316294412,0.3961666666666666,0.029718026702846727,0.07333333333333333,0.005270462766947298,0.05883333333333333,0.010964842806797447,0.239,0.05332104024991762,0.24149999999999996,0.015114562514343578,0.05883333333333333,0.010964842806797447
Glcn + Fum,Ec,R+S,Glcn,Fum,R,S,0.015833333333333335,0.0016003471845543744,R,0.005166666666666667,0.0001666666666666667,S,0.005,0.0,0.010166666666666668,0.005666666666666667,0.00160900245148629,Glcn,Fum,0.5721666666666666,0.09613650595781906,0.24149999999999996,0.015114562514343578,0.7516666666666666,0.05105204316294412,0.3961666666666666,0.029718026702846727,0.07333333333333333,0.005270462766947298,0.05883333333333333,0.010964842806797447,0.239,0.05332104024991762,0.3961666666666666,0.029718026702846727,0.05883333333333333,0.010964842806797447
Glcn + Fum,Ec,S+S,Glcn,Fum,S,S,0.005,0.0,S,0.005,0.0,S,0.005,0.0,0.01,0.005,0.0,Glcn,Fum,0.5721666666666666,0.09613650595781906,0.24149999999999996,0.015114562514343578,0.7516666666666666,0.05105204316294412,0.3961666666666666,0.029718026702846727,0.07333333333333333,0.005270462766947298,0.05883333333333333,0.010964842806797447,0.239,0.05332104024991762,0.05883333333333333,0.010964842806797447,0.05883333333333333,0.010964842806797447
Glcn + Fum,Ec,WT+WT,Glcn,Fum,WT,WT,0.5721666666666666,0.09613650595781906,,,,,,,,0.5721666666666666,0.0,Glcn,Fum,0.5721666666666666,0.09613650595781906,0.24149999999999996,0.015114562514343578,0.7516666666666666,0.05105204316294412,0.3961666666666666,0.029718026702846727,0.07333333333333333,0.005270462766947298,0.05883333333333333,0.010964842806797447,0.239,0.05332104024991762,0.5721666666666666,0.09613650595781906,0.5721666666666666,0.09613650595781906
Glcn + Gluc,Bs,C+C,Glcn,Gluc,C,C,0.005,0.0,C,0.005,0.0,C,0.005,0.0,0.01,0.005,0.0,Glcn,Gluc,0.15616666666666668,0.01657994102656715,0.265,0.018750999973334764,0.118,0.020949144771724364,0.08666666666666667,0.004688046264466446,0.154,0.016713268182295564,0.005,0.0,0.13,0.007641989269817118,0.154,0.016713268182295564,0.154,0.016713268182295564
Glcn + Gluc,Bs,F+C,Glcn,Gluc,F,C,0.031166666666666665,0.008022537697705829,F,0.007666666666666666,0.0018559214542766744,C,0.005,0.0,0.012666666666666666,0.0185,0.008234412884690418,Glcn,Gluc,0.15616666666666668,0.01657994102656715,0.265,0.018750999973334764,0.118,0.020949144771724364,0.08666666666666667,0.004688046264466446,0.154,0.016713268182295564,0.005,0.0,0.13,0.007641989269817118,0.154,0.016713268182295564,0.118,0.020949144771724364
Glcn + Gluc,Bs,M+C,Glcn,Gluc,M,C,0.009166666666666667,0.0026002136664341857,M,0.006166666666666667,0.0007490735018081412,C,0.005,0.0,0.011166666666666667,0.005,0.0027059604990136536,Glcn,Gluc,0.15616666666666668,0.01657994102656715,0.265,0.018750999973334764,0.118,0.020949144771724364,0.08666666666666667,0.004688046264466446,0.154,0.016713268182295564,0.005,0.0,0.13,0.007641989269817118,0.265,0.018750999973334764,0.154,0.016713268182295564
Glcn + Gluc,Bs,R+C,Glcn,Gluc,R,C,0.0205,0.004944694126030446,R,0.006000000000000001,0.0005163977794943223,C,0.005,0.0,0.011000000000000001,0.0095,0.004971585930733437,Glcn,Gluc,0.15616666666666668,0.01657994102656715,0.265,0.018750999973334764,0.118,0.020949144771724364,0.08666666666666667,0.004688046264466446,0.154,0.016713268182295564,0.005,0.0,0.13,0.007641989269817118,0.154,0.016713268182295564,0.08666666666666667,0.004688046264466446
Glcn + Gluc,Bs,F+F,Glcn,Gluc,F,F,0.007666666666666666,0.0018559214542766744,F,0.007666666666666666,0.0018559214542766744,F,0.007666666666666666,0.0018559214542766744,0.015333333333333332,0.005,0.003214550253664319,Glcn,Gluc,0.15616666666666668,0.01657994102656715,0.265,0.018750999973334764,0.118,0.020949144771724364,0.08666666666666667,0.004688046264466446,0.154,0.016713268182295564,0.005,0.0,0.13,0.007641989269817118,0.118,0.020949144771724364,0.118,0.020949144771724364
Glcn + Gluc,Bs,M+F,Glcn,Gluc,M,F,0.04733333333333334,0.00990847000186092,M,0.006166666666666667,0.0007490735018081412,F,0.007666666666666666,0.0018559214542766744,0.013833333333333333,0.0335,0.010108577216074145,Glcn,Gluc,0.15616666666666668,0.01657994102656715,0.265,0.018750999973334764,0.118,0.020949144771724364,0.08666666666666667,0.004688046264466446,0.154,0.016713268182295564,0.005,0.0,0.13,0.007641989269817118,0.265,0.018750999973334764,0.118,0.020949144771724364
Glcn + Gluc,Bs,C+L,Glcn,Gluc,C,L,0.007666666666666666,0.0017826322609494586,C,0.005,0.0,L,0.005,0.0,0.01,0.005,0.0017826322609494586,Glcn,Gluc,0.15616666666666668,0.01657994102656715,0.265,0.018750999973334764,0.118,0.020949144771724364,0.08666666666666667,0.004688046264466446,0.154,0.016713268182295564,0.005,0.0,0.13,0.007641989269817118,0.154,0.016713268182295564,0.13,0.007641989269817118
Glcn + Gluc,Bs,F+L,Glcn,Gluc,F,L,0.03333333333333333,0.008530989261379818,F,0.007666666666666666,0.0018559214542766744,L,0.005,0.0,0.012666666666666666,0.020666666666666667,0.00873053390247253,Glcn,Gluc,0.15616666666666668,0.01657994102656715,0.265,0.018750999973334764,0.118,0.020949144771724364,0.08666666666666667,0.004688046264466446,0.154,0.016713268182295564,0.005,0.0,0.13,0.007641989269817118,0.13,0.007641989269817118,0.118,0.020949144771724364
Glcn + Gluc,Bs,L+L,Glcn,Gluc,L,L,0.005,0.0,L,0.005,0.0,L,0.005,0.0,0.01,0.005,0.0,Glcn,Gluc,0.15616666666666668,0.01657994102656715,0.265,0.018750999973334764,0.118,0.020949144771724364,0.08666666666666667,0.004688046264466446,0.154,0.016713268182295564,0.005,0.0,0.13,0.007641989269817118,0.13,0.007641989269817118,0.13,0.007641989269817118
Glcn + Gluc,Bs,M+L,Glcn,Gluc,M,L,0.0825,0.057317100415146614,M,0.006166666666666667,0.0007490735018081412,L,0.005,0.0,0.011166666666666667,0.07133333333333333,0.057321995002887954,Glcn,Gluc,0.15616666666666668,0.01657994102656715,0.265,0.018750999973334764,0.118,0.020949144771724364,0.08666666666666667,0.004688046264466446,0.154,0.016713268182295564,0.005,0.0,0.13,0.007641989269817118,0.265,0.018750999973334764,0.13,0.007641989269817118
Glcn + Gluc,Bs,R+L,Glcn,Gluc,R,L,0.027833333333333335,0.008669550802152964,R,0.006000000000000001,0.0005163977794943223,L,0.005,0.0,0.011000000000000001,0.016833333333333332,0.008684916682258832,Glcn,Gluc,0.15616666666666668,0.01657994102656715,0.265,0.018750999973334764,0.118,0.020949144771724364,0.08666666666666667,0.004688046264466446,0.154,0.016713268182295564,0.005,0.0,0.13,0.007641989269817118,0.13,0.007641989269817118,0.08666666666666667,0.004688046264466446
Glcn + Gluc,Bs,S+L,Glcn,Gluc,S,L,0.043833333333333335,0.03803631305885353,S,0.005,0.0,L,0.005,0.0,0.01,0.03383333333333333,0.03803631305885353,Glcn,Gluc,0.15616666666666668,0.01657994102656715,0.265,0.018750999973334764,0.118,0.020949144771724364,0.08666666666666667,0.004688046264466446,0.154,0.016713268182295564,0.005,0.0,0.13,0.007641989269817118,0.13,0.007641989269817118,0.005,0.0
Glcn + Gluc,Bs,M+M,Glcn,Gluc,M,M,0.006166666666666667,0.0007490735018081412,M,0.006166666666666667,0.0007490735018081412,M,0.006166666666666667,0.0007490735018081412,0.012333333333333333,0.005,0.0012974333637352379,Glcn,Gluc,0.15616666666666668,0.01657994102656715,0.265,0.018750999973334764,0.118,0.020949144771724364,0.08666666666666667,0.004688046264466446,0.154,0.016713268182295564,0.005,0.0,0.13,0.007641989269817118,0.265,0.018750999973334764,0.265,0.018750999973334764
Glcn + Gluc,Bs,F+R,Glcn,Gluc,F,R,0.041666666666666664,0.004402019738458447,F,0.007666666666666666,0.0018559214542766744,R,0.006000000000000001,0.0005163977794943223,0.013666666666666667,0.027999999999999997,0.004805089893944637,Glcn,Gluc,0.15616666666666668,0.01657994102656715,0.265,0.018750999973334764,0.118,0.020949144771724364,0.08666666666666667,0.004688046264466446,0.154,0.016713268182295564,0.005,0.0,0.13,0.007641989269817118,0.118,0.020949144771724364,0.08666666666666667,0.004688046264466446
Glcn + Gluc,Bs,M+R,Glcn,Gluc,M,R,0.03816666666666667,0.0054979794268238,M,0.006166666666666667,0.0007490735018081412,R,0.006000000000000001,0.0005163977794943223,0.012166666666666668,0.026000000000000002,0.005572751165766828,Glcn,Gluc,0.15616666666666668,0.01657994102656715,0.265,0.018750999973334764,0.118,0.020949144771724364,0.08666666666666667,0.004688046264466446,0.154,0.016713268182295564,0.005,0.0,0.13,0.007641989269817118,0.265,0.018750999973334764,0.08666666666666667,0.004688046264466446
Glcn + Gluc,Bs,R+R,Glcn,Gluc,R,R,0.006000000000000001,0.0005163977794943223,R,0.006000000000000001,0.0005163977794943223,R,0.006000000000000001,0.0005163977794943223,0.012000000000000002,0.005,0.000894427190999916,Glcn,Gluc,0.15616666666666668,0.01657994102656715,0.265,0.018750999973334764,0.118,0.020949144771724364,0.08666666666666667,0.004688046264466446,0.154,0.016713268182295564,0.005,0.0,0.13,0.007641989269817118,0.08666666666666667,0.004688046264466446,0.08666666666666667,0.004688046264466446
Glcn + Gluc,Bs,C+S,Glcn,Gluc,C,S,0.0055000000000000005,0.0005,C,0.005,0.0,S,0.005,0.0,0.01,0.005,0.0005,Glcn,Gluc,0.15616666666666668,0.01657994102656715,0.265,0.018750999973334764,0.118,0.020949144771724364,0.08666666666666667,0.004688046264466446,0.154,0.016713268182295564,0.005,0.0,0.13,0.007641989269817118,0.154,0.016713268182295564,0.005,0.0
Glcn + Gluc,Bs,F+S,Glcn,Gluc,F,S,0.031166666666666665,0.0042301825545057094,F,0.007666666666666666,0.0018559214542766744,S,0.005,0.0,0.012666666666666666,0.0185,0.004619403520898439,Glcn,Gluc,0.15616666666666668,0.01657994102656715,0.265,0.018750999973334764,0.118,0.020949144771724364,0.08666666666666667,0.004688046264466446,0.154,0.016713268182295564,0.005,0.0,0.13,0.007641989269817118,0.118,0.020949144771724364,0.005,0.0
Glcn + Gluc,Bs,M+S,Glcn,Gluc,M,S,0.011333333333333334,0.0029851484236317486,M,0.006166666666666667,0.0007490735018081412,S,0.005,0.0,0.011166666666666667,0.005,0.003077697552103232,Glcn,Gluc,0.15616666666666668,0.01657994102656715,0.265,0.018750999973334764,0.118,0.020949144771724364,0.08666666666666667,0.004688046264466446,0.154,0.016713268182295564,0.005,0.0,0.13,0.007641989269817118,0.265,0.018750999973334764,0.005,0.0
Glcn + Gluc,Bs,R+S,Glcn,Gluc,R,S,0.034833333333333334,0.007180606597712419,R,0.006000000000000001,0.0005163977794943223,S,0.005,0.0,0.011000000000000001,0.02383333333333333,0.007199151184534034,Glcn,Gluc,0.15616666666666668,0.01657994102656715,0.265,0.018750999973334764,0.118,0.020949144771724364,0.08666666666666667,0.004688046264466446,0.154,0.016713268182295564,0.005,0.0,0.13,0.007641989269817118,0.08666666666666667,0.004688046264466446,0.005,0.0
Glcn + Gluc,Bs,S+S,Glcn,Gluc,S,S,0.005,0.0,S,0.005,0.0,S,0.005,0.0,0.01,0.005,0.0,Glcn,Gluc,0.15616666666666668,0.01657994102656715,0.265,0.018750999973334764,0.118,0.020949144771724364,0.08666666666666667,0.004688046264466446,0.154,0.016713268182295564,0.005,0.0,0.13,0.007641989269817118,0.005,0.0,0.005,0.0
Glcn + Gluc,Bs,WT+WT,Glcn,Gluc,WT,WT,0.15616666666666668,0.01657994102656715,,,,,,,,0.15616666666666668,0.0,Glcn,Gluc,0.15616666666666668,0.01657994102656715,0.265,0.018750999973334764,0.118,0.020949144771724364,0.08666666666666667,0.004688046264466446,0.154,0.016713268182295564,0.005,0.0,0.13,0.007641989269817118,0.15616666666666668,0.01657994102656715,0.15616666666666668,0.01657994102656715
Glcn + Gluc,Ec,C+C,Glcn,Gluc,C,C,0.005,0.0,C,0.005,0.0,C,0.005,0.0,0.01,0.005,0.0,Glcn,Gluc,0.09050000000000001,0.006375735251718034,0.09849999999999999,0.008543028346747618,0.08900000000000001,0.00871397345264107,0.08483333333333333,0.008447550598316126,0.12883333333333333,0.0061936347253540155,0.049666666666666665,0.007116491020471006,0.08,0.00787400787401181,0.12883333333333333,0.0061936347253540155,0.12883333333333333,0.0061936347253540155
Glcn + Gluc,Ec,F+C,Glcn,Gluc,F,C,0.10366666666666667,0.012713946847633288,F,0.0705,0.004514790508244356,C,0.005,0.0,0.0755,0.028166666666666673,0.013491767036892453,Glcn,Gluc,0.09050000000000001,0.006375735251718034,0.09849999999999999,0.008543028346747618,0.08900000000000001,0.00871397345264107,0.08483333333333333,0.008447550598316126,0.12883333333333333,0.0061936347253540155,0.049666666666666665,0.007116491020471006,0.08,0.00787400787401181,0.12883333333333333,0.0061936347253540155,0.08900000000000001,0.00871397345264107
Glcn + Gluc,Ec,M+C,Glcn,Gluc,M,C,0.005666666666666667,0.00033333333333333327,M,0.005,0.0,C,0.005,0.0,0.01,0.005,0.00033333333333333327,Glcn,Gluc,0.09050000000000001,0.006375735251718034,0.09849999999999999,0.008543028346747618,0.08900000000000001,0.00871397345264107,0.08483333333333333,0.008447550598316126,0.12883333333333333,0.0061936347253540155,0.049666666666666665,0.007116491020471006,0.08,0.00787400787401181,0.12883333333333333,0.0061936347253540155,0.09849999999999999,0.008543028346747618
Glcn + Gluc,Ec,R+C,Glcn,Gluc,R,C,0.011666666666666667,0.0022310934040908684,R,0.005833333333333334,0.0004013864859597432,C,0.005,0.0,0.010833333333333334,0.005,0.0022669117514559074,Glcn,Gluc,0.09050000000000001,0.006375735251718034,0.09849999999999999,0.008543028346747618,0.08900000000000001,0.00871397345264107,0.08483333333333333,0.008447550598316126,0.12883333333333333,0.0061936347253540155,0.049666666666666665,0.007116491020471006,0.08,0.00787400787401181,0.12883333333333333,0.0061936347253540155,0.08483333333333333,0.008447550598316126
Glcn + Gluc,Ec,F+F,Glcn,Gluc,F,F,0.0705,0.004514790508244356,F,0.0705,0.004514790508244356,F,0.0705,0.004514790508244356,0.141,0.005,0.007819846545808938,Glcn,Gluc,0.09050000000000001,0.006375735251718034,0.09849999999999999,0.008543028346747618,0.08900000000000001,0.00871397345264107,0.08483333333333333,0.008447550598316126,0.12883333333333333,0.0061936347253540155,0.049666666666666665,0.007116491020471006,0.08,0.00787400787401181,0.08900000000000001,0.00871397345264107,0.08900000000000001,0.00871397345264107
Glcn + Gluc,Ec,M+F,Glcn,Gluc,M,F,0.15316666666666667,0.04257026870690127,M,0.005,0.0,F,0.0705,0.004514790508244356,0.0755,0.07766666666666668,0.0428090073595629,Glcn,Gluc,0.09050000000000001,0.006375735251718034,0.09849999999999999,0.008543028346747618,0.08900000000000001,0.00871397345264107,0.08483333333333333,0.008447550598316126,0.12883333333333333,0.0061936347253540155,0.049666666666666665,0.007116491020471006,0.08,0.00787400787401181,0.09849999999999999,0.008543028346747618,0.08900000000000001,0.00871397345264107
Glcn + Gluc,Ec,C+L,Glcn,Gluc,C,L,0.011500000000000002,0.0005627314338711377,C,0.005,0.0,L,0.005,0.0,0.01,0.005,0.0005627314338711377,Glcn,Gluc,0.09050000000000001,0.006375735251718034,0.09849999999999999,0.008543028346747618,0.08900000000000001,0.00871397345264107,0.08483333333333333,0.008447550598316126,0.12883333333333333,0.0061936347253540155,0.049666666666666665,0.007116491020471006,0.08,0.00787400787401181,0.12883333333333333,0.0061936347253540155,0.08,0.00787400787401181
Glcn + Gluc,Ec,F+L,Glcn,Gluc,F,L,0.08800000000000001,0.0073348483283569,F,0.0705,0.004514790508244356,L,0.005,0.0,0.0755,0.012500000000000011,0.008612974708736426,Glcn,Gluc,0.09050000000000001,0.006375735251718034,0.09849999999999999,0.008543028346747618,0.08900000000000001,0.00871397345264107,0.08483333333333333,0.008447550598316126,0.12883333333333333,0.0061936347253540155,0.049666666666666665,0.007116491020471006,0.08,0.00787400787401181,0.08900000000000001,0.00871397345264107,0.08,0.00787400787401181
Glcn + Gluc,Ec,L+L,Glcn,Gluc,L,L,0.005,0.0,L,0.005,0.0,L,0.005,0.0,0.01,0.005,0.0,Glcn,Gluc,0.09050000000000001,0.006375735251718034,0.09849999999999999,0.008543028346747618,0.08900000000000001,0.00871397345264107,0.08483333333333333,0.008447550598316126,0.12883333333333333,0.0061936347253540155,0.049666666666666665,0.007116491020471006,0.08,0.00787400787401181,0.08,0.00787400787401181,0.08,0.00787400787401181
Glcn + Gluc,Ec,M+L,Glcn,Gluc,M,L,0.049166666666666664,0.007947396498924104,M,0.005,0.0,L,0.005,0.0,0.01,0.03916666666666666,0.007947396498924104,Glcn,Gluc,0.09050000000000001,0.006375735251718034,0.09849999999999999,0.008543028346747618,0.08900000000000001,0.00871397345264107,0.08483333333333333,0.008447550598316126,0.12883333333333333,0.0061936347253540155,0.049666666666666665,0.007116491020471006,0.08,0.00787400787401181,0.09849999999999999,0.008543028346747618,0.08,0.00787400787401181
Glcn + Gluc,Ec,R+L,Glcn,Gluc,R,L,0.016333333333333335,0.00593670316290485,R,0.005833333333333334,0.0004013864859597432,L,0.005,0.0,0.010833333333333334,0.005500000000000001,0.005950256763834276,Glcn,Gluc,0.09050000000000001,0.006375735251718034,0.09849999999999999,0.008543028346747618,0.08900000000000001,0.00871397345264107,0.08483333333333333,0.008447550598316126,0.12883333333333333,0.0061936347253540155,0.049666666666666665,0.007116491020471006,0.08,0.00787400787401181,0.08483333333333333,0.008447550598316126,0.08,0.00787400787401181
Glcn + Gluc,Ec,S+L,Glcn,Gluc,S,L,0.005833333333333334,0.0004772607021092118,S,0.005,0.0,L,0.005,0.0,0.01,0.005,0.0004772607021092118,Glcn,Gluc,0.09050000000000001,0.006375735251718034,0.09849999999999999,0.008543028346747618,0.08900000000000001,0.00871397345264107,0.08483333333333333,0.008447550598316126,0.12883333333333333,0.0061936347253540155,0.049666666666666665,0.007116491020471006,0.08,0.00787400787401181,0.08,0.00787400787401181,0.049666666666666665,0.007116491020471006
Glcn + Gluc,Ec,M+M,Glcn,Gluc,M,M,0.005,0.0,M,0.005,0.0,M,0.005,0.0,0.01,0.005,0.0,Glcn,Gluc,0.09050000000000001,0.006375735251718034,0.09849999999999999,0.008543028346747618,0.08900000000000001,0.00871397345264107,0.08483333333333333,0.008447550598316126,0.12883333333333333,0.0061936347253540155,0.049666666666666665,0.007116491020471006,0.08,0.00787400787401181,0.09849999999999999,0.008543028346747618,0.09849999999999999,0.008543028346747618
Glcn + Gluc,Ec,F+R,Glcn,Gluc,F,R,0.09483333333333333,0.009734531889675595,F,0.0705,0.004514790508244356,R,0.005833333333333334,0.0004013864859597432,0.07633333333333332,0.018500000000000003,0.010738042445229743,Glcn,Gluc,0.09050000000000001,0.006375735251718034,0.09849999999999999,0.008543028346747618,0.08900000000000001,0.00871397345264107,0.08483333333333333,0.008447550598316126,0.12883333333333333,0.0061936347253540155,0.049666666666666665,0.007116491020471006,0.08,0.00787400787401181,0.08900000000000001,0.00871397345264107,0.08483333333333333,0.008447550598316126
Glcn + Gluc,Ec,M+R,Glcn,Gluc,M,R,0.05783333333333333,0.003893727149032291,M,0.005,0.0,R,0.005833333333333334,0.0004013864859597432,0.010833333333333334,0.04699999999999999,0.003914361023490583,Glcn,Gluc,0.09050000000000001,0.006375735251718034,0.09849999999999999,0.008543028346747618,0.08900000000000001,0.00871397345264107,0.08483333333333333,0.008447550598316126,0.12883333333333333,0.0061936347253540155,0.049666666666666665,0.007116491020471006,0.08,0.00787400787401181,0.09849999999999999,0.008543028346747618,0.08483333333333333,0.008447550598316126
Glcn + Gluc,Ec,R+R,Glcn,Gluc,R,R,0.005833333333333334,0.0004013864859597432,R,0.005833333333333334,0.0004013864859597432,R,0.005833333333333334,0.0004013864859597432,0.011666666666666667,0.005,0.0006952217871538071,Glcn,Gluc,0.09050000000000001,0.006375735251718034,0.09849999999999999,0.008543028346747618,0.08900000000000001,0.00871397345264107,0.08483333333333333,0.008447550598316126,0.12883333333333333,0.0061936347253540155,0.049666666666666665,0.007116491020471006,0.08,0.00787400787401181,0.08483333333333333,0.008447550598316126,0.08483333333333333,0.008447550598316126
Glcn + Gluc,Ec,C+S,Glcn,Gluc,C,S,0.005333333333333333,0.0003333333333333334,C,0.005,0.0,S,0.005,0.0,0.01,0.005,0.0003333333333333334,Glcn,Gluc,0.09050000000000001,0.006375735251718034,0.09849999999999999,0.008543028346747618,0.08900000000000001,0.00871397345264107,0.08483333333333333,0.008447550598316126,0.12883333333333333,0.0061936347253540155,0.049666666666666665,0.007116491020471006,0.08,0.00787400787401181,0.12883333333333333,0.0061936347253540155,0.049666666666666665,0.007116491020471006
Glcn + Gluc,Ec,F+S,Glcn,Gluc,F,S,0.122,0.013916417163432069,F,0.0705,0.004514790508244356,S,0.005,0.0,0.0755,0.0465,0.014630447703334304,Glcn,Gluc,0.09050000000000001,0.006375735251718034,0.09849999999999999,0.008543028346747618,0.08900000000000001,0.00871397345264107,0.08483333333333333,0.008447550598316126,0.12883333333333333,0.0061936347253540155,0.049666666666666665,0.007116491020471006,0.08,0.00787400787401181,0.08900000000000001,0.00871397345264107,0.049666666666666665,0.007116491020471006
Glcn + Gluc,Ec,M+S,Glcn,Gluc,M,S,0.019333333333333334,0.0034026133747132917,M,0.005,0.0,S,0.005,0.0,0.01,0.009333333333333334,0.0034026133747132917,Glcn,Gluc,0.09050000000000001,0.006375735251718034,0.09849999999999999,0.008543028346747618,0.08900000000000001,0.00871397345264107,0.08483333333333333,0.008447550598316126,0.12883333333333333,0.0061936347253540155,0.049666666666666665,0.007116491020471006,0.08,0.00787400787401181,0.09849999999999999,0.008543028346747618,0.049666666666666665,0.007116491020471006
Glcn + Gluc,Ec,R+S,Glcn,Gluc,R,S,0.011666666666666665,0.0016666666666666666,R,0.005833333333333334,0.0004013864859597432,S,0.005,0.0,0.010833333333333334,0.005,0.0017143187827498387,Glcn,Gluc,0.09050000000000001,0.006375735251718034,0.09849999999999999,0.008543028346747618,0.08900000000000001,0.00871397345264107,0.08483333333333333,0.008447550598316126,0.12883333333333333,0.0061936347253540155,0.049666666666666665,0.007116491020471006,0.08,0.00787400787401181,0.08483333333333333,0.008447550598316126,0.049666666666666665,0.007116491020471006
Glcn + Gluc,Ec,S+S,Glcn,Gluc,S,S,0.005,0.0,S,0.005,0.0,S,0.005,0.0,0.01,0.005,0.0,Glcn,Gluc,0.09050000000000001,0.006375735251718034,0.09849999999999999,0.008543028346747618,0.08900000000000001,0.00871397345264107,0.08483333333333333,0.008447550598316126,0.12883333333333333,0.0061936347253540155,0.049666666666666665,0.007116491020471006,0.08,0.00787400787401181,0.049666666666666665,0.007116491020471006,0.049666666666666665,0.007116491020471006
Glcn + Gluc,Ec,WT+WT,Glcn,Gluc,WT,WT,0.09050000000000001,0.006375735251718034,,,,,,,,0.09050000000000001,0.0,Glcn,Gluc,0.09050000000000001,0.006375735251718034,0.09849999999999999,0.008543028346747618,0.08900000000000001,0.00871397345264107,0.08483333333333333,0.008447550598316126,0.12883333333333333,0.0061936347253540155,0.049666666666666665,0.007116491020471006,0.08,0.00787400787401181,0.09050000000000001,0.006375735251718034,0.09050000000000001,0.006375735251718034
Glcn + Gly,Bs,C+C,Glcn,Gly,C,C,0.005,0.0,C,0.005,0.0,C,0.005,0.0,0.01,0.005,0.0,Glcn,Gly,0.1055,0.005578231499917035,0.17766666666666667,0.008511430223202474,0.09216666666666666,0.004847106811742903,0.06366666666666666,0.005868938953886336,0.144,0.012588354406619895,0.005,0.0,0.12716666666666668,0.007972522255291048,0.144,0.012588354406619895,0.144,0.012588354406619895
Glcn + Gly,Bs,F+C,Glcn,Gly,F,C,0.015333333333333332,0.005450789952943619,F,0.005,0.0,C,0.005,0.0,0.01,0.005333333333333332,0.005450789952943619,Glcn,Gly,0.1055,0.005578231499917035,0.17766666666666667,0.008511430223202474,0.09216666666666666,0.004847106811742903,0.06366666666666666,0.005868938953886336,0.144,0.012588354406619895,0.005,0.0,0.12716666666666668,0.007972522255291048,0.144,0.012588354406619895,0.09216666666666666,0.004847106811742903
Glcn + Gly,Bs,M+C,Glcn,Gly,M,C,0.007666666666666666,0.0016865480854231355,M,0.0055000000000000005,0.0003415650255319866,C,0.005,0.0,0.0105,0.005,0.0017207879332187075,Glcn,Gly,0.1055,0.005578231499917035,0.17766666666666667,0.008511430223202474,0.09216666666666666,0.004847106811742903,0.06366666666666666,0.005868938953886336,0.144,0.012588354406619895,0.005,0.0,0.12716666666666668,0.007972522255291048,0.17766666666666667,0.008511430223202474,0.144,0.012588354406619895
Glcn + Gly,Bs,R+C,Glcn,Gly,R,C,0.016666666666666666,0.002951459149490487,R,0.005,0.0,C,0.005,0.0,0.01,0.006666666666666666,0.002951459149490487,Glcn,Gly,0.1055,0.005578231499917035,0.17766666666666667,0.008511430223202474,0.09216666666666666,0.004847106811742903,0.06366666666666666,0.005868938953886336,0.144,0.012588354406619895,0.005,0.0,0.12716666666666668,0.007972522255291048,0.144,0.012588354406619895,0.06366666666666666,0.005868938953886336
Glcn + Gly,Bs,F+F,Glcn,Gly,F,F,0.005,0.0,F,0.005,0.0,F,0.005,0.0,0.01,0.005,0.0,Glcn,Gly,0.1055,0.005578231499917035,0.17766666666666667,0.008511430223202474,0.09216666666666666,0.004847106811742903,0.06366666666666666,0.005868938953886336,0.144,0.012588354406619895,0.005,0.0,0.12716666666666668,0.007972522255291048,0.09216666666666666,0.004847106811742903,0.09216666666666666,0.004847106811742903
Glcn + Gly,Bs,M+F,Glcn,Gly,M,F,0.029666666666666664,0.01072587732749375,M,0.0055000000000000005,0.0003415650255319866,F,0.005,0.0,0.0105,0.019166666666666665,0.010731314509933587,Glcn,Gly,0.1055,0.005578231499917035,0.17766666666666667,0.008511430223202474,0.09216666666666666,0.004847106811742903,0.06366666666666666,0.005868938953886336,0.144,0.012588354406619895,0.005,0.0,0.12716666666666668,0.007972522255291048,0.17766666666666667,0.008511430223202474,0.09216666666666666,0.004847106811742903
Glcn + Gly,Bs,C+L,Glcn,Gly,C,L,0.005,0.0,C,0.005,0.0,L,0.005,0.0,0.01,0.005,0.0,Glcn,Gly,0.1055,0.005578231499917035,0.17766666666666667,0.008511430223202474,0.09216666666666666,0.004847106811742903,0.06366666666666666,0.005868938953886336,0.144,0.012588354406619895,0.005,0.0,0.12716666666666668,0.007972522255291048,0.144,0.012588354406619895,0.12716666666666668,0.007972522255291048
Glcn + Gly,Bs,F+L,Glcn,Gly,F,L,0.0165,0.004551556510323327,F,0.005,0.0,L,0.005,0.0,0.01,0.006500000000000001,0.004551556510323327,Glcn,Gly,0.1055,0.005578231499917035,0.17766666666666667,0.008511430223202474,0.09216666666666666,0.004847106811742903,0.06366666666666666,0.005868938953886336,0.144,0.012588354406619895,0.005,0.0,0.12716666666666668,0.007972522255291048,0.12716666666666668,0.007972522255291048,0.09216666666666666,0.004847106811742903
Glcn + Gly,Bs,L+L,Glcn,Gly,L,L,0.005,0.0,L,0.005,0.0,L,0.005,0.0,0.01,0.005,0.0,Glcn,Gly,0.1055,0.005578231499917035,0.17766666666666667,0.008511430223202474,0.09216666666666666,0.004847106811742903,0.06366666666666666,0.005868938953886336,0.144,0.012588354406619895,0.005,0.0,0.12716666666666668,0.007972522255291048,0.12716666666666668,0.007972522255291048,0.12716666666666668,0.007972522255291048
Glcn + Gly,Bs,M+L,Glcn,Gly,M,L,0.016833333333333332,0.005546270017868867,M,0.0055000000000000005,0.0003415650255319866,L,0.005,0.0,0.0105,0.0063333333333333314,0.0055567776433629035,Glcn,Gly,0.1055,0.005578231499917035,0.17766666666666667,0.008511430223202474,0.09216666666666666,0.004847106811742903,0.06366666666666666,0.005868938953886336,0.144,0.012588354406619895,0.005,0.0,0.12716666666666668,0.007972522255291048,0.17766666666666667,0.008511430223202474,0.12716666666666668,0.007972522255291048
Glcn + Gly,Bs,R+L,Glcn,Gly,R,L,0.039,0.006638272867747051,R,0.005,0.0,L,0.005,0.0,0.01,0.028999999999999998,0.006638272867747051,Glcn,Gly,0.1055,0.005578231499917035,0.17766666666666667,0.008511430223202474,0.09216666666666666,0.004847106811742903,0.06366666666666666,0.005868938953886336,0.144,0.012588354406619895,0.005,0.0,0.12716666666666668,0.007972522255291048,0.12716666666666668,0.007972522255291048,0.06366666666666666,0.005868938953886336
Glcn + Gly,Bs,S+L,Glcn,Gly,S,L,0.005666666666666667,0.0004944132324730441,S,0.005,0.0,L,0.005,0.0,0.01,0.005,0.0004944132324730441,Glcn,Gly,0.1055,0.005578231499917035,0.17766666666666667,0.008511430223202474,0.09216666666666666,0.004847106811742903,0.06366666666666666,0.005868938953886336,0.144,0.012588354406619895,0.005,0.0,0.12716666666666668,0.007972522255291048,0.12716666666666668,0.007972522255291048,0.005,0.0
Glcn + Gly,Bs,M+M,Glcn,Gly,M,M,0.0055000000000000005,0.0003415650255319866,M,0.0055000000000000005,0.0003415650255319866,M,0.0055000000000000005,0.0003415650255319866,0.011000000000000001,0.005,0.0005916079783099616,Glcn,Gly,0.1055,0.005578231499917035,0.17766666666666667,0.008511430223202474,0.09216666666666666,0.004847106811742903,0.06366666666666666,0.005868938953886336,0.144,0.012588354406619895,0.005,0.0,0.12716666666666668,0.007972522255291048,0.17766666666666667,0.008511430223202474,0.17766666666666667,0.008511430223202474
Glcn + Gly,Bs,F+R,Glcn,Gly,F,R,0.0305,0.0044403453319158265,F,0.005,0.0,R,0.005,0.0,0.01,0.020499999999999997,0.0044403453319158265,Glcn,Gly,0.1055,0.005578231499917035,0.17766666666666667,0.008511430223202474,0.09216666666666666,0.004847106811742903,0.06366666666666666,0.005868938953886336,0.144,0.012588354406619895,0.005,0.0,0.12716666666666668,0.007972522255291048,0.09216666666666666,0.004847106811742903,0.06366666666666666,0.005868938953886336
Glcn + Gly,Bs,M+R,Glcn,Gly,M,R,0.03983333333333334,0.009126579011022939,M,0.0055000000000000005,0.0003415650255319866,R,0.005,0.0,0.0105,0.029333333333333336,0.00913296836253751,Glcn,Gly,0.1055,0.005578231499917035,0.17766666666666667,0.008511430223202474,0.09216666666666666,0.004847106811742903,0.06366666666666666,0.005868938953886336,0.144,0.012588354406619895,0.005,0.0,0.12716666666666668,0.007972522255291048,0.17766666666666667,0.008511430223202474,0.06366666666666666,0.005868938953886336
Glcn + Gly,Bs,R+R,Glcn,Gly,R,R,0.005,0.0,R,0.005,0.0,R,0.005,0.0,0.01,0.005,0.0,Glcn,Gly,0.1055,0.005578231499917035,0.17766666666666667,0.008511430223202474,0.09216666666666666,0.004847106811742903,0.06366666666666666,0.005868938953886336,0.144,0.012588354406619895,0.005,0.0,0.12716666666666668,0.007972522255291048,0.06366666666666666,0.005868938953886336,0.06366666666666666,0.005868938953886336
Glcn + Gly,Bs,C+S,Glcn,Gly,C,S,0.005,0.0,C,0.005,0.0,S,0.005,0.0,0.01,0.005,0.0,Glcn,Gly,0.1055,0.005578231499917035,0.17766666666666667,0.008511430223202474,0.09216666666666666,0.004847106811742903,0.06366666666666666,0.005868938953886336,0.144,0.012588354406619895,0.005,0.0,0.12716666666666668,0.007972522255291048,0.144,0.012588354406619895,0.005,0.0
Glcn + Gly,Bs,F+S,Glcn,Gly,F,S,0.018333333333333333,0.0024720661623652213,F,0.005,0.0,S,0.005,0.0,0.01,0.008333333333333333,0.0024720661623652213,Glcn,Gly,0.1055,0.005578231499917035,0.17766666666666667,0.008511430223202474,0.09216666666666666,0.004847106811742903,0.06366666666666666,0.005868938953886336,0.144,0.012588354406619895,0.005,0.0,0.12716666666666668,0.007972522255291048,0.09216666666666666,0.004847106811742903,0.005,0.0
Glcn + Gly,Bs,M+S,Glcn,Gly,M,S,0.0085,0.0016278820596099706,M,0.0055000000000000005,0.0003415650255319866,S,0.005,0.0,0.0105,0.005,0.0016633299933166198,Glcn,Gly,0.1055,0.005578231499917035,0.17766666666666667,0.008511430223202474,0.09216666666666666,0.004847106811742903,0.06366666666666666,0.005868938953886336,0.144,0.012588354406619895,0.005,0.0,0.12716666666666668,0.007972522255291048,0.17766666666666667,0.008511430223202474,0.005,0.0
Glcn + Gly,Bs,R+S,Glcn,Gly,R,S,0.0275,0.0036308860259354502,R,0.005,0.0,S,0.005,0.0,0.01,0.0175,0.0036308860259354502,Glcn,Gly,0.1055,0.005578231499917035,0.17766666666666667,0.008511430223202474,0.09216666666666666,0.004847106811742903,0.06366666666666666,0.005868938953886336,0.144,0.012588354406619895,0.005,0.0,0.12716666666666668,0.007972522255291048,0.06366666666666666,0.005868938953886336,0.005,0.0
Glcn + Gly,Bs,S+S,Glcn,Gly,S,S,0.005,0.0,S,0.005,0.0,S,0.005,0.0,0.01,0.005,0.0,Glcn,Gly,0.1055,0.005578231499917035,0.17766666666666667,0.008511430223202474,0.09216666666666666,0.004847106811742903,0.06366666666666666,0.005868938953886336,0.144,0.012588354406619895,0.005,0.0,0.12716666666666668,0.007972522255291048,0.005,0.0,0.005,0.0
Glcn + Gly,Bs,WT+WT,Glcn,Gly,WT,WT,0.1055,0.005578231499917035,,,,,,,,0.1055,0.0,Glcn,Gly,0.1055,0.005578231499917035,0.17766666666666667,0.008511430223202474,0.09216666666666666,0.004847106811742903,0.06366666666666666,0.005868938953886336,0.144,0.012588354406619895,0.005,0.0,0.12716666666666668,0.007972522255291048,0.1055,0.005578231499917035,0.1055,0.005578231499917035
Glcn + Gly,Ec,C+C,Glcn,Gly,C,C,0.005,0.0,C,0.005,0.0,C,0.005,0.0,0.01,0.005,0.0,Glcn,Gly,0.26316666666666666,0.016246880042368475,0.07883333333333332,0.004888194395116098,0.2585,0.008409320226193473,0.2021666666666667,0.0186358376373171,0.15266666666666667,0.0026161889160464732,0.15033333333333335,0.045748345446705634,0.113,0.019000000000000003,0.15266666666666667,0.0026161889160464732,0.15266666666666667,0.0026161889160464732
Glcn + Gly,Ec,F+C,Glcn,Gly,F,C,0.04083333333333333,0.0010137937550497031,F,0.023000000000000003,0.0057850381733111035,C,0.005,0.0,0.028000000000000004,0.012833333333333329,0.005873197122900307,Glcn,Gly,0.26316666666666666,0.016246880042368475,0.07883333333333332,0.004888194395116098,0.2585,0.008409320226193473,0.2021666666666667,0.0186358376373171,0.15266666666666667,0.0026161889160464732,0.15033333333333335,0.045748345446705634,0.113,0.019000000000000003,0.2585,0.008409320226193473,0.15266666666666667,0.0026161889160464732
Glcn + Gly,Ec,M+C,Glcn,Gly,M,C,0.04633333333333334,0.04133333333333334,M,0.005,0.0,C,0.005,0.0,0.01,0.036333333333333336,0.04133333333333334,Glcn,Gly,0.26316666666666666,0.016246880042368475,0.07883333333333332,0.004888194395116098,0.2585,0.008409320226193473,0.2021666666666667,0.0186358376373171,0.15266666666666667,0.0026161889160464732,0.15033333333333335,0.045748345446705634,0.113,0.019000000000000003,0.15266666666666667,0.0026161889160464732,0.07883333333333332,0.004888194395116098
Glcn + Gly,Ec,R+C,Glcn,Gly,R,C,0.008166666666666668,0.0012758439472669758,R,0.005,0.0,C,0.005,0.0,0.01,0.005,0.0012758439472669758,Glcn,Gly,0.26316666666666666,0.016246880042368475,0.07883333333333332,0.004888194395116098,0.2585,0.008409320226193473,0.2021666666666667,0.0186358376373171,0.15266666666666667,0.0026161889160464732,0.15033333333333335,0.045748345446705634,0.113,0.019000000000000003,0.2021666666666667,0.0186358376373171,0.15266666666666667,0.0026161889160464732
Glcn + Gly,Ec,F+F,Glcn,Gly,F,F,0.023000000000000003,0.0057850381733111035,F,0.023000000000000003,0.0057850381733111035,F,0.023000000000000003,0.0057850381733111035,0.046000000000000006,0.005,0.010019980039900279,Glcn,Gly,0.26316666666666666,0.016246880042368475,0.07883333333333332,0.004888194395116098,0.2585,0.008409320226193473,0.2021666666666667,0.0186358376373171,0.15266666666666667,0.0026161889160464732,0.15033333333333335,0.045748345446705634,0.113,0.019000000000000003,0.2585,0.008409320226193473,0.2585,0.008409320226193473
Glcn + Gly,Ec,M+F,Glcn,Gly,M,F,0.171,0.04560116957564429,M,0.005,0.0,F,0.023000000000000003,0.0057850381733111035,0.028000000000000004,0.14300000000000002,0.04596665458061238,Glcn,Gly,0.26316666666666666,0.016246880042368475,0.07883333333333332,0.004888194395116098,0.2585,0.008409320226193473,0.2021666666666667,0.0186358376373171,0.15266666666666667,0.0026161889160464732,0.15033333333333335,0.045748345446705634,0.113,0.019000000000000003,0.2585,0.008409320226193473,0.07883333333333332,0.004888194395116098
Glcn + Gly,Ec,C+L,Glcn,Gly,C,L,0.006666666666666667,0.0005577733510227171,C,0.005,0.0,L,0.005,0.0,0.01,0.005,0.0005577733510227171,Glcn,Gly,0.26316666666666666,0.016246880042368475,0.07883333333333332,0.004888194395116098,0.2585,0.008409320226193473,0.2021666666666667,0.0186358376373171,0.15266666666666667,0.0026161889160464732,0.15033333333333335,0.045748345446705634,0.113,0.019000000000000003,0.15266666666666667,0.0026161889160464732,0.113,0.019000000000000003
Glcn + Gly,Ec,F+L,Glcn,Gly,F,L,0.042833333333333334,0.0022422706745122843,F,0.023000000000000003,0.0057850381733111035,L,0.005,0.0,0.028000000000000004,0.01483333333333333,0.006204389127419753,Glcn,Gly,0.26316666666666666,0.016246880042368475,0.07883333333333332,0.004888194395116098,0.2585,0.008409320226193473,0.2021666666666667,0.0186358376373171,0.15266666666666667,0.0026161889160464732,0.15033333333333335,0.045748345446705634,0.113,0.019000000000000003,0.2585,0.008409320226193473,0.113,0.019000000000000003
Glcn + Gly,Ec,L+L,Glcn,Gly,L,L,0.005,0.0,L,0.005,0.0,L,0.005,0.0,0.01,0.005,0.0,Glcn,Gly,0.26316666666666666,0.016246880042368475,0.07883333333333332,0.004888194395116098,0.2585,0.008409320226193473,0.2021666666666667,0.0186358376373171,0.15266666666666667,0.0026161889160464732,0.15033333333333335,0.045748345446705634,0.113,0.019000000000000003,0.113,0.019000000000000003,0.113,0.019000000000000003
Glcn + Gly,Ec,M+L,Glcn,Gly,M,L,0.022500000000000003,0.0008465616732800198,M,0.005,0.0,L,0.005,0.0,0.01,0.012500000000000002,0.0008465616732800198,Glcn,Gly,0.26316666666666666,0.016246880042368475,0.07883333333333332,0.004888194395116098,0.2585,0.008409320226193473,0.2021666666666667,0.0186358376373171,0.15266666666666667,0.0026161889160464732,0.15033333333333335,0.045748345446705634,0.113,0.019000000000000003,0.113,0.019000000000000003,0.07883333333333332,0.004888194395116098
Glcn + Gly,Ec,R+L,Glcn,Gly,R,L,0.009333333333333334,0.002740640638812595,R,0.005,0.0,L,0.005,0.0,0.01,0.005,0.002740640638812595,Glcn,Gly,0.26316666666666666,0.016246880042368475,0.07883333333333332,0.004888194395116098,0.2585,0.008409320226193473,0.2021666666666667,0.0186358376373171,0.15266666666666667,0.0026161889160464732,0.15033333333333335,0.045748345446705634,0.113,0.019000000000000003,0.2021666666666667,0.0186358376373171,0.113,0.019000000000000003
Glcn + Gly,Ec,S+L,Glcn,Gly,S,L,0.005666666666666667,0.00042163702135578394,S,0.0055000000000000005,0.0005,L,0.005,0.0,0.0105,0.005,0.0006540472290116194,Glcn,Gly,0.26316666666666666,0.016246880042368475,0.07883333333333332,0.004888194395116098,0.2585,0.008409320226193473,0.2021666666666667,0.0186358376373171,0.15266666666666667,0.0026161889160464732,0.15033333333333335,0.045748345446705634,0.113,0.019000000000000003,0.15033333333333335,0.045748345446705634,0.113,0.019000000000000003
Glcn + Gly,Ec,M+M,Glcn,Gly,M,M,0.005,0.0,M,0.005,0.0,M,0.005,0.0,0.01,0.005,0.0,Glcn,Gly,0.26316666666666666,0.016246880042368475,0.07883333333333332,0.004888194395116098,0.2585,0.008409320226193473,0.2021666666666667,0.0186358376373171,0.15266666666666667,0.0026161889160464732,0.15033333333333335,0.045748345446705634,0.113,0.019000000000000003,0.07883333333333332,0.004888194395116098,0.07883333333333332,0.004888194395116098
Glcn + Gly,Ec,F+R,Glcn,Gly,F,R,0.049999999999999996,0.0014375905768565214,F,0.023000000000000003,0.0057850381733111035,R,0.005,0.0,0.028000000000000004,0.021999999999999992,0.005960984258772483,Glcn,Gly,0.26316666666666666,0.016246880042368475,0.07883333333333332,0.004888194395116098,0.2585,0.008409320226193473,0.2021666666666667,0.0186358376373171,0.15266666666666667,0.0026161889160464732,0.15033333333333335,0.045748345446705634,0.113,0.019000000000000003,0.2585,0.008409320226193473,0.2021666666666667,0.0186358376373171
Glcn + Gly,Ec,M+R,Glcn,Gly,M,R,0.043000000000000003,0.0035308167138307623,M,0.005,0.0,R,0.005,0.0,0.01,0.033,0.0035308167138307623,Glcn,Gly,0.26316666666666666,0.016246880042368475,0.07883333333333332,0.004888194395116098,0.2585,0.008409320226193473,0.2021666666666667,0.0186358376373171,0.15266666666666667,0.0026161889160464732,0.15033333333333335,0.045748345446705634,0.113,0.019000000000000003,0.2021666666666667,0.0186358376373171,0.07883333333333332,0.004888194395116098
Glcn + Gly,Ec,R+R,Glcn,Gly,R,R,0.005,0.0,R,0.005,0.0,R,0.005,0.0,0.01,0.005,0.0,Glcn,Gly,0.26316666666666666,0.016246880042368475,0.07883333333333332,0.004888194395116098,0.2585,0.008409320226193473,0.2021666666666667,0.0186358376373171,0.15266666666666667,0.0026161889160464732,0.15033333333333335,0.045748345446705634,0.113,0.019000000000000003,0.2021666666666667,0.0186358376373171,0.2021666666666667,0.0186358376373171
Glcn + Gly,Ec,C+S,Glcn,Gly,C,S,0.005166666666666667,0.00016666666666666663,C,0.005,0.0,S,0.0055000000000000005,0.0005,0.0105,0.005,0.0005270462766947298,Glcn,Gly,0.26316666666666666,0.016246880042368475,0.07883333333333332,0.004888194395116098,0.2585,0.008409320226193473,0.2021666666666667,0.0186358376373171,0.15266666666666667,0.0026161889160464732,0.15033333333333335,0.045748345446705634,0.113,0.019000000000000003,0.15266666666666667,0.0026161889160464732,0.15033333333333335,0.045748345446705634
Glcn + Gly,Ec,F+S,Glcn,Gly,F,S,0.04025,0.0032755406678389256,F,0.023000000000000003,0.0057850381733111035,S,0.0055000000000000005,0.0005,0.028500000000000004,0.011749999999999997,0.006666770832519545,Glcn,Gly,0.26316666666666666,0.016246880042368475,0.07883333333333332,0.004888194395116098,0.2585,0.008409320226193473,0.2021666666666667,0.0186358376373171,0.15266666666666667,0.0026161889160464732,0.15033333333333335,0.045748345446705634,0.113,0.019000000000000003,0.2585,0.008409320226193473,0.15033333333333335,0.045748345446705634
Glcn + Gly,Ec,M+S,Glcn,Gly,M,S,0.02,0.0026956755492207637,M,0.005,0.0,S,0.0055000000000000005,0.0005,0.0105,0.0095,0.0027416540019970913,Glcn,Gly,0.26316666666666666,0.016246880042368475,0.07883333333333332,0.004888194395116098,0.2585,0.008409320226193473,0.2021666666666667,0.0186358376373171,0.15266666666666667,0.0026161889160464732,0.15033333333333335,0.045748345446705634,0.113,0.019000000000000003,0.15033333333333335,0.045748345446705634,0.07883333333333332,0.004888194395116098
Glcn + Gly,Ec,R+S,Glcn,Gly,R,S,0.010166666666666666,0.002344023132233222,R,0.005,0.0,S,0.0055000000000000005,0.0005,0.0105,0.005,0.0023967570682996734,Glcn,Gly,0.26316666666666666,0.016246880042368475,0.07883333333333332,0.004888194395116098,0.2585,0.008409320226193473,0.2021666666666667,0.0186358376373171,0.15266666666666667,0.0026161889160464732,0.15033333333333335,0.045748345446705634,0.113,0.019000000000000003,0.2021666666666667,0.0186358376373171,0.15033333333333335,0.045748345446705634
Glcn + Gly,Ec,S+S,Glcn,Gly,S,S,0.0055000000000000005,0.0005,S,0.0055000000000000005,0.0005,S,0.0055000000000000005,0.0005,0.011000000000000001,0.005,0.0008660254037844387,Glcn,Gly,0.26316666666666666,0.016246880042368475,0.07883333333333332,0.004888194395116098,0.2585,0.008409320226193473,0.2021666666666667,0.0186358376373171,0.15266666666666667,0.0026161889160464732,0.15033333333333335,0.045748345446705634,0.113,0.019000000000000003,0.15033333333333335,0.045748345446705634,0.15033333333333335,0.045748345446705634
Glcn + Gly,Ec,WT+WT,Glcn,Gly,WT,WT,0.26316666666666666,0.016246880042368475,,,,,,,,0.26316666666666666,0.0,Glcn,Gly,0.26316666666666666,0.016246880042368475,0.07883333333333332,0.004888194395116098,0.2585,0.008409320226193473,0.2021666666666667,0.0186358376373171,0.15266666666666667,0.0026161889160464732,0.15033333333333335,0.045748345446705634,0.113,0.019000000000000003,0.26316666666666666,0.016246880042368475,0.26316666666666666,0.016246880042368475
Glcn + NoC,Bs,C+C,Glcn,NoC,C,C,0.005,0.0,C,0.005,0.0,C,0.005,0.0,0.01,0.005,0.0,Glcn,NoC,0.17716666666666667,0.010351865103019412,0.21033333333333334,0.015961759858417173,0.09866666666666667,0.01487428803151413,0.10099999999999999,0.015506987672229144,0.14133333333333334,0.020888061449332994,0.005,0.0,0.14083333333333334,0.016833333333333332,0.14133333333333334,0.020888061449332994,0.14133333333333334,0.020888061449332994
Glcn + NoC,Bs,F+C,Glcn,NoC,F,C,0.02666666666666667,0.006484168755086842,F,0.0065,0.0008465616732800198,C,0.005,0.0,0.0115,0.015166666666666669,0.006539198048011018,Glcn,NoC,0.17716666666666667,0.010351865103019412,0.21033333333333334,0.015961759858417173,0.09866666666666667,0.01487428803151413,0.10099999999999999,0.015506987672229144,0.14133333333333334,0.020888061449332994,0.005,0.0,0.14083333333333334,0.016833333333333332,0.14133333333333334,0.020888061449332994,0.09866666666666667,0.01487428803151413
Glcn + NoC,Bs,M+C,Glcn,NoC,M,C,0.0165,0.007998958265507661,M,0.0065,0.0009574271077563381,C,0.005,0.0,0.0115,0.005000000000000001,0.008056053624449132,Glcn,NoC,0.17716666666666667,0.010351865103019412,0.21033333333333334,0.015961759858417173,0.09866666666666667,0.01487428803151413,0.10099999999999999,0.015506987672229144,0.14133333333333334,0.020888061449332994,0.005,0.0,0.14083333333333334,0.016833333333333332,0.21033333333333334,0.015961759858417173,0.14133333333333334,0.020888061449332994
Glcn + NoC,Bs,R+C,Glcn,NoC,R,C,0.0185,0.0029524001535473927,R,0.006333333333333333,0.0008027729719194864,C,0.005,0.0,0.011333333333333334,0.007166666666666665,0.00305959329178097,Glcn,NoC,0.17716666666666667,0.010351865103019412,0.21033333333333334,0.015961759858417173,0.09866666666666667,0.01487428803151413,0.10099999999999999,0.015506987672229144,0.14133333333333334,0.020888061449332994,0.005,0.0,0.14083333333333334,0.016833333333333332,0.14133333333333334,0.020888061449332994,0.10099999999999999,0.015506987672229144
Glcn + NoC,Bs,F+F,Glcn,NoC,F,F,0.0065,0.0008465616732800198,F,0.0065,0.0008465616732800198,F,0.0065,0.0008465616732800198,0.013,0.005,0.0014662878298615182,Glcn,NoC,0.17716666666666667,0.010351865103019412,0.21033333333333334,0.015961759858417173,0.09866666666666667,0.01487428803151413,0.10099999999999999,0.015506987672229144,0.14133333333333334,0.020888061449332994,0.005,0.0,0.14083333333333334,0.016833333333333332,0.09866666666666667,0.01487428803151413,0.09866666666666667,0.01487428803151413
Glcn + NoC,Bs,M+F,Glcn,NoC,M,F,0.04633333333333334,0.007153864534486084,M,0.0065,0.0009574271077563381,F,0.0065,0.0008465616732800198,0.013,0.03333333333333334,0.0072671253677854715,Glcn,NoC,0.17716666666666667,0.010351865103019412,0.21033333333333334,0.015961759858417173,0.09866666666666667,0.01487428803151413,0.10099999999999999,0.015506987672229144,0.14133333333333334,0.020888061449332994,0.005,0.0,0.14083333333333334,0.016833333333333332,0.21033333333333334,0.015961759858417173,0.09866666666666667,0.01487428803151413
Glcn + NoC,Bs,C+L,Glcn,NoC,C,L,0.007166666666666666,0.0013270686158262921,C,0.005,0.0,L,0.005,0.0,0.01,0.005,0.0013270686158262921,Glcn,NoC,0.17716666666666667,0.010351865103019412,0.21033333333333334,0.015961759858417173,0.09866666666666667,0.01487428803151413,0.10099999999999999,0.015506987672229144,0.14133333333333334,0.020888061449332994,0.005,0.0,0.14083333333333334,0.016833333333333332,0.14133333333333334,0.020888061449332994,0.14083333333333334,0.016833333333333332
Glcn + NoC,Bs,F+L,Glcn,NoC,F,L,0.03166666666666667,0.006291087169780576,F,0.0065,0.0008465616732800198,L,0.005,0.0,0.0115,0.02016666666666667,0.006347790516742376,Glcn,NoC,0.17716666666666667,0.010351865103019412,0.21033333333333334,0.015961759858417173,0.09866666666666667,0.01487428803151413,0.10099999999999999,0.015506987672229144,0.14133333333333334,0.020888061449332994,0.005,0.0,0.14083333333333334,0.016833333333333332,0.14083333333333334,0.016833333333333332,0.09866666666666667,0.01487428803151413
Glcn + NoC,Bs,L+L,Glcn,NoC,L,L,0.005,0.0,L,0.005,0.0,L,0.005,0.0,0.01,0.005,0.0,Glcn,NoC,0.17716666666666667,0.010351865103019412,0.21033333333333334,0.015961759858417173,0.09866666666666667,0.01487428803151413,0.10099999999999999,0.015506987672229144,0.14133333333333334,0.020888061449332994,0.005,0.0,0.14083333333333334,0.016833333333333332,0.14083333333333334,0.016833333333333332,0.14083333333333334,0.016833333333333332
Glcn + NoC,Bs,M+L,Glcn,NoC,M,L,0.06666666666666667,0.041974330780185705,M,0.0065,0.0009574271077563381,L,0.005,0.0,0.0115,0.05516666666666667,0.04198524873227634,Glcn,NoC,0.17716666666666667,0.010351865103019412,0.21033333333333334,0.015961759858417173,0.09866666666666667,0.01487428803151413,0.10099999999999999,0.015506987672229144,0.14133333333333334,0.020888061449332994,0.005,0.0,0.14083333333333334,0.016833333333333332,0.21033333333333334,0.015961759858417173,0.14083333333333334,0.016833333333333332
Glcn + NoC,Bs,R+L,Glcn,NoC,R,L,0.0185,0.0027898626011567907,R,0.006333333333333333,0.0008027729719194864,L,0.005,0.0,0.011333333333333334,0.007166666666666665,0.002903063515973734,Glcn,NoC,0.17716666666666667,0.010351865103019412,0.21033333333333334,0.015961759858417173,0.09866666666666667,0.01487428803151413,0.10099999999999999,0.015506987672229144,0.14133333333333334,0.020888061449332994,0.005,0.0,0.14083333333333334,0.016833333333333332,0.14083333333333334,0.016833333333333332,0.10099999999999999,0.015506987672229144
Glcn + NoC,Bs,S+L,Glcn,NoC,S,L,0.007666666666666666,0.0013581032524975572,S,0.005,0.0,L,0.005,0.0,0.01,0.005,0.0013581032524975572,Glcn,NoC,0.17716666666666667,0.010351865103019412,0.21033333333333334,0.015961759858417173,0.09866666666666667,0.01487428803151413,0.10099999999999999,0.015506987672229144,0.14133333333333334,0.020888061449332994,0.005,0.0,0.14083333333333334,0.016833333333333332,0.14083333333333334,0.016833333333333332,0.005,0.0
Glcn + NoC,Bs,M+M,Glcn,NoC,M,M,0.0065,0.0009574271077563381,M,0.0065,0.0009574271077563381,M,0.0065,0.0009574271077563381,0.013,0.005,0.0016583123951777,Glcn,NoC,0.17716666666666667,0.010351865103019412,0.21033333333333334,0.015961759858417173,0.09866666666666667,0.01487428803151413,0.10099999999999999,0.015506987672229144,0.14133333333333334,0.020888061449332994,0.005,0.0,0.14083333333333334,0.016833333333333332,0.21033333333333334,0.015961759858417173,0.21033333333333334,0.015961759858417173
Glcn + NoC,Bs,F+R,Glcn,NoC,F,R,0.036166666666666666,0.0019220937657784642,F,0.0065,0.0008465616732800198,R,0.006333333333333333,0.0008027729719194864,0.012833333333333332,0.023333333333333334,0.002248456260538672,Glcn,NoC,0.17716666666666667,0.010351865103019412,0.21033333333333334,0.015961759858417173,0.09866666666666667,0.01487428803151413,0.10099999999999999,0.015506987672229144,0.14133333333333334,0.020888061449332994,0.005,0.0,0.14083333333333334,0.016833333333333332,0.10099999999999999,0.015506987672229144,0.09866666666666667,0.01487428803151413
Glcn + NoC,Bs,M+R,Glcn,NoC,M,R,0.041833333333333333,0.0073684763991238005,M,0.0065,0.0009574271077563381,R,0.006333333333333333,0.0008027729719194864,0.012833333333333332,0.029,0.007473657441678442,Glcn,NoC,0.17716666666666667,0.010351865103019412,0.21033333333333334,0.015961759858417173,0.09866666666666667,0.01487428803151413,0.10099999999999999,0.015506987672229144,0.14133333333333334,0.020888061449332994,0.005,0.0,0.14083333333333334,0.016833333333333332,0.21033333333333334,0.015961759858417173,0.10099999999999999,0.015506987672229144
Glcn + NoC,Bs,R+R,Glcn,NoC,R,R,0.006333333333333333,0.0008027729719194864,R,0.006333333333333333,0.0008027729719194864,R,0.006333333333333333,0.0008027729719194864,0.012666666666666666,0.005,0.0013904435743076142,Glcn,NoC,0.17716666666666667,0.010351865103019412,0.21033333333333334,0.015961759858417173,0.09866666666666667,0.01487428803151413,0.10099999999999999,0.015506987672229144,0.14133333333333334,0.020888061449332994,0.005,0.0,0.14083333333333334,0.016833333333333332,0.10099999999999999,0.015506987672229144,0.10099999999999999,0.015506987672229144
Glcn + NoC,Bs,C+S,Glcn,NoC,C,S,0.005166666666666667,0.00016666666666666663,C,0.005,0.0,S,0.005,0.0,0.01,0.005,0.00016666666666666663,Glcn,NoC,0.17716666666666667,0.010351865103019412,0.21033333333333334,0.015961759858417173,0.09866666666666667,0.01487428803151413,0.10099999999999999,0.015506987672229144,0.14133333333333334,0.020888061449332994,0.005,0.0,0.14083333333333334,0.016833333333333332,0.14133333333333334,0.020888061449332994,0.005,0.0
Glcn + NoC,Bs,F+S,Glcn,NoC,F,S,0.0335,0.00524563310446572,F,0.0065,0.0008465616732800198,S,0.005,0.0,0.0115,0.022000000000000002,0.0053135048069361274,Glcn,NoC,0.17716666666666667,0.010351865103019412,0.21033333333333334,0.015961759858417173,0.09866666666666667,0.01487428803151413,0.10099999999999999,0.015506987672229144,0.14133333333333334,0.020888061449332994,0.005,0.0,0.14083333333333334,0.016833333333333332,0.09866666666666667,0.01487428803151413,0.005,0.0
Glcn + NoC,Bs,M+S,Glcn,NoC,M,S,0.014333333333333332,0.0033433183781652895,M,0.0065,0.0009574271077563381,S,0.005,0.0,0.0115,0.005,0.003477706779537983,Glcn,NoC,0.17716666666666667,0.010351865103019412,0.21033333333333334,0.015961759858417173,0.09866666666666667,0.01487428803151413,0.10099999999999999,0.015506987672229144,0.14133333333333334,0.020888061449332994,0.005,0.0,0.14083333333333334,0.016833333333333332,0.21033333333333334,0.015961759858417173,0.005,0.0
Glcn + NoC,Bs,R+S,Glcn,NoC,R,S,0.026333333333333334,0.004128491788104276,R,0.006333333333333333,0.0008027729719194864,S,0.005,0.0,0.011333333333333334,0.015,0.004205816078823334,Glcn,NoC,0.17716666666666667,0.010351865103019412,0.21033333333333334,0.015961759858417173,0.09866666666666667,0.01487428803151413,0.10099999999999999,0.015506987672229144,0.14133333333333334,0.020888061449332994,0.005,0.0,0.14083333333333334,0.016833333333333332,0.10099999999999999,0.015506987672229144,0.005,0.0
Glcn + NoC,Bs,S+S,Glcn,NoC,S,S,0.005,0.0,S,0.005,0.0,S,0.005,0.0,0.01,0.005,0.0,Glcn,NoC,0.17716666666666667,0.010351865103019412,0.21033333333333334,0.015961759858417173,0.09866666666666667,0.01487428803151413,0.10099999999999999,0.015506987672229144,0.14133333333333334,0.020888061449332994,0.005,0.0,0.14083333333333334,0.016833333333333332,0.005,0.0,0.005,0.0
Glcn + NoC,Bs,WT+WT,Glcn,NoC,WT,WT,0.17716666666666667,0.010351865103019412,,,,,,,,0.17716666666666667,0.0,Glcn,NoC,0.17716666666666667,0.010351865103019412,0.21033333333333334,0.015961759858417173,0.09866666666666667,0.01487428803151413,0.10099999999999999,0.015506987672229144,0.14133333333333334,0.020888061449332994,0.005,0.0,0.14083333333333334,0.016833333333333332,0.17716666666666667,0.010351865103019412,0.17716666666666667,0.010351865103019412
Glcn + NoC,Ec,C+C,Glcn,NoC,C,C,0.0055000000000000005,0.00034156502553198657,C,0.0055000000000000005,0.00034156502553198657,C,0.0055000000000000005,0.00034156502553198657,0.011000000000000001,0.005,0.0005916079783099615,Glcn,NoC,0.15166666666666667,0.024647740486931278,0.11666666666666665,0.005161825689079828,0.1668333333333333,0.015574373538319641,0.11916666666666666,0.004053119511904107,0.15,0.00443471156521669,0.06899999999999999,0.004203173404306164,0.122,0.009556847457887638,0.15,0.00443471156521669,0.15,0.00443471156521669
Glcn + NoC,Ec,F+C,Glcn,NoC,F,C,0.09883333333333333,0.005510091751605511,F,0.08866666666666667,0.017231108818387488,C,0.0055000000000000005,0.00034156502553198657,0.09416666666666668,0.005,0.01809389092729612,Glcn,NoC,0.15166666666666667,0.024647740486931278,0.11666666666666665,0.005161825689079828,0.1668333333333333,0.015574373538319641,0.11916666666666666,0.004053119511904107,0.15,0.00443471156521669,0.06899999999999999,0.004203173404306164,0.122,0.009556847457887638,0.1668333333333333,0.015574373538319641,0.15,0.00443471156521669
Glcn + NoC,Ec,M+C,Glcn,NoC,M,C,0.009833333333333333,0.000749073501808141,M,0.005999999999999999,0.0009999999999999998,C,0.0055000000000000005,0.00034156502553198657,0.0115,0.005,0.0012952906151816963,Glcn,NoC,0.15166666666666667,0.024647740486931278,0.11666666666666665,0.005161825689079828,0.1668333333333333,0.015574373538319641,0.11916666666666666,0.004053119511904107,0.15,0.00443471156521669,0.06899999999999999,0.004203173404306164,0.122,0.009556847457887638,0.15,0.00443471156521669,0.11666666666666665,0.005161825689079828
Glcn + NoC,Ec,R+C,Glcn,NoC,R,C,0.013666666666666667,0.0013581032524975572,R,0.0055000000000000005,0.0003415650255319866,C,0.0055000000000000005,0.00034156502553198657,0.011000000000000001,0.005,0.0014414498873626432,Glcn,NoC,0.15166666666666667,0.024647740486931278,0.11666666666666665,0.005161825689079828,0.1668333333333333,0.015574373538319641,0.11916666666666666,0.004053119511904107,0.15,0.00443471156521669,0.06899999999999999,0.004203173404306164,0.122,0.009556847457887638,0.15,0.00443471156521669,0.11916666666666666,0.004053119511904107
Glcn + NoC,Ec,F+F,Glcn,NoC,F,F,0.08866666666666667,0.017231108818387488,F,0.08866666666666667,0.017231108818387488,F,0.08866666666666667,0.017231108818387488,0.17733333333333334,0.005,0.02984515594419525,Glcn,NoC,0.15166666666666667,0.024647740486931278,0.11666666666666665,0.005161825689079828,0.1668333333333333,0.015574373538319641,0.11916666666666666,0.004053119511904107,0.15,0.00443471156521669,0.06899999999999999,0.004203173404306164,0.122,0.009556847457887638,0.1668333333333333,0.015574373538319641,0.1668333333333333,0.015574373538319641
Glcn + NoC,Ec,M+F,Glcn,NoC,M,F,0.11433333333333333,0.025800086132500497,M,0.005999999999999999,0.0009999999999999998,F,0.08866666666666667,0.017231108818387488,0.09466666666666668,0.019666666666666652,0.031041191271527508,Glcn,NoC,0.15166666666666667,0.024647740486931278,0.11666666666666665,0.005161825689079828,0.1668333333333333,0.015574373538319641,0.11916666666666666,0.004053119511904107,0.15,0.00443471156521669,0.06899999999999999,0.004203173404306164,0.122,0.009556847457887638,0.1668333333333333,0.015574373538319641,0.11666666666666665,0.005161825689079828
Glcn + NoC,Ec,C+L,Glcn,NoC,C,L,0.015666666666666666,0.0013333333333333335,C,0.0055000000000000005,0.00034156502553198657,L,0.007666666666666666,0.0011450376024878446,0.013166666666666667,0.005,0.0017904065335994383,Glcn,NoC,0.15166666666666667,0.024647740486931278,0.11666666666666665,0.005161825689079828,0.1668333333333333,0.015574373538319641,0.11916666666666666,0.004053119511904107,0.15,0.00443471156521669,0.06899999999999999,0.004203173404306164,0.122,0.009556847457887638,0.15,0.00443471156521669,0.122,0.009556847457887638
Glcn + NoC,Ec,F+L,Glcn,NoC,F,L,0.08916666666666667,0.006503417904797786,F,0.08866666666666667,0.017231108818387488,L,0.007666666666666666,0.0011450376024878446,0.09633333333333334,0.005,0.01845309368823197,Glcn,NoC,0.15166666666666667,0.024647740486931278,0.11666666666666665,0.005161825689079828,0.1668333333333333,0.015574373538319641,0.11916666666666666,0.004053119511904107,0.15,0.00443471156521669,0.06899999999999999,0.004203173404306164,0.122,0.009556847457887638,0.1668333333333333,0.015574373538319641,0.122,0.009556847457887638
Glcn + NoC,Ec,L+L,Glcn,NoC,L,L,0.007666666666666666,0.0011450376024878446,L,0.007666666666666666,0.0011450376024878446,L,0.007666666666666666,0.0011450376024878446,0.015333333333333332,0.005,0.0019832633040858024,Glcn,NoC,0.15166666666666667,0.024647740486931278,0.11666666666666665,0.005161825689079828,0.1668333333333333,0.015574373538319641,0.11916666666666666,0.004053119511904107,0.15,0.00443471156521669,0.06899999999999999,0.004203173404306164,0.122,0.009556847457887638,0.122,0.009556847457887638,0.122,0.009556847457887638
Glcn + NoC,Ec,M+L,Glcn,NoC,M,L,0.06733333333333333,0.011348029687032801,M,0.005999999999999999,0.0009999999999999998,L,0.007666666666666666,0.0011450376024878446,0.013666666666666666,0.05366666666666666,0.011449405612907986,Glcn,NoC,0.15166666666666667,0.024647740486931278,0.11666666666666665,0.005161825689079828,0.1668333333333333,0.015574373538319641,0.11916666666666666,0.004053119511904107,0.15,0.00443471156521669,0.06899999999999999,0.004203173404306164,0.122,0.009556847457887638,0.122,0.009556847457887638,0.11666666666666665,0.005161825689079828
Glcn + NoC,Ec,R+L,Glcn,NoC,R,L,0.016666666666666666,0.005219621101616903,R,0.0055000000000000005,0.0003415650255319866,L,0.007666666666666666,0.0011450376024878446,0.013166666666666667,0.005,0.005354644920274568,Glcn,NoC,0.15166666666666667,0.024647740486931278,0.11666666666666665,0.005161825689079828,0.1668333333333333,0.015574373538319641,0.11916666666666666,0.004053119511904107,0.15,0.00443471156521669,0.06899999999999999,0.004203173404306164,0.122,0.009556847457887638,0.122,0.009556847457887638,0.11916666666666666,0.004053119511904107
Glcn + NoC,Ec,S+L,Glcn,NoC,S,L,0.010166666666666666,0.0016210421887717108,S,0.005,0.0,L,0.007666666666666666,0.0011450376024878446,0.012666666666666666,0.005,0.001984663419547226,Glcn,NoC,0.15166666666666667,0.024647740486931278,0.11666666666666665,0.005161825689079828,0.1668333333333333,0.015574373538319641,0.11916666666666666,0.004053119511904107,0.15,0.00443471156521669,0.06899999999999999,0.004203173404306164,0.122,0.009556847457887638,0.122,0.009556847457887638,0.06899999999999999,0.004203173404306164
Glcn + NoC,Ec,M+M,Glcn,NoC,M,M,0.005999999999999999,0.0009999999999999998,M,0.005999999999999999,0.0009999999999999998,M,0.005999999999999999,0.0009999999999999998,0.011999999999999999,0.005,0.0017320508075688767,Glcn,NoC,0.15166666666666667,0.024647740486931278,0.11666666666666665,0.005161825689079828,0.1668333333333333,0.015574373538319641,0.11916666666666666,0.004053119511904107,0.15,0.00443471156521669,0.06899999999999999,0.004203173404306164,0.122,0.009556847457887638,0.11666666666666665,0.005161825689079828,0.11666666666666665,0.005161825689079828
Glcn + NoC,Ec,F+R,Glcn,NoC,F,R,0.10216666666666667,0.006347790516742376,F,0.08866666666666667,0.017231108818387488,R,0.0055000000000000005,0.0003415650255319866,0.09416666666666668,0.007999999999999993,0.01836633393528012,Glcn,NoC,0.15166666666666667,0.024647740486931278,0.11666666666666665,0.005161825689079828,0.1668333333333333,0.015574373538319641,0.11916666666666666,0.004053119511904107,0.15,0.00443471156521669,0.06899999999999999,0.004203173404306164,0.122,0.009556847457887638,0.1668333333333333,0.015574373538319641,0.11916666666666666,0.004053119511904107
Glcn + NoC,Ec,M+R,Glcn,NoC,M,R,0.077,0.009996666110925848,M,0.005999999999999999,0.0009999999999999998,R,0.0055000000000000005,0.0003415650255319866,0.0115,0.0655,0.010052362906302178,Glcn,NoC,0.15166666666666667,0.024647740486931278,0.11666666666666665,0.005161825689079828,0.1668333333333333,0.015574373538319641,0.11916666666666666,0.004053119511904107,0.15,0.00443471156521669,0.06899999999999999,0.004203173404306164,0.122,0.009556847457887638,0.11916666666666666,0.004053119511904107,0.11666666666666665,0.005161825689079828
Glcn + NoC,Ec,R+R,Glcn,NoC,R,R,0.0055000000000000005,0.0003415650255319866,R,0.0055000000000000005,0.0003415650255319866,R,0.0055000000000000005,0.0003415650255319866,0.011000000000000001,0.005,0.0005916079783099616,Glcn,NoC,0.15166666666666667,0.024647740486931278,0.11666666666666665,0.005161825689079828,0.1668333333333333,0.015574373538319641,0.11916666666666666,0.004053119511904107,0.15,0.00443471156521669,0.06899999999999999,0.004203173404306164,0.122,0.009556847457887638,0.11916666666666666,0.004053119511904107,0.11916666666666666,0.004053119511904107
Glcn + NoC,Ec,C+S,Glcn,NoC,C,S,0.006000000000000001,0.0005163977794943223,C,0.0055000000000000005,0.00034156502553198657,S,0.005,0.0,0.0105,0.005,0.0006191391873668903,Glcn,NoC,0.15166666666666667,0.024647740486931278,0.11666666666666665,0.005161825689079828,0.1668333333333333,0.015574373538319641,0.11916666666666666,0.004053119511904107,0.15,0.00443471156521669,0.06899999999999999,0.004203173404306164,0.122,0.009556847457887638,0.15,0.00443471156521669,0.06899999999999999,0.004203173404306164
Glcn + NoC,Ec,F+S,Glcn,NoC,F,S,0.07425,0.0034970225430595455,F,0.08866666666666667,0.017231108818387488,S,0.005,0.0,0.09366666666666668,0.005,0.017582385440484963,Glcn,NoC,0.15166666666666667,0.024647740486931278,0.11666666666666665,0.005161825689079828,0.1668333333333333,0.015574373538319641,0.11916666666666666,0.004053119511904107,0.15,0.00443471156521669,0.06899999999999999,0.004203173404306164,0.122,0.009556847457887638,0.1668333333333333,0.015574373538319641,0.06899999999999999,0.004203173404306164
Glcn + NoC,Ec,M+S,Glcn,NoC,M,S,0.034333333333333334,0.00404694672287365,M,0.005999999999999999,0.0009999999999999998,S,0.005,0.0,0.011,0.023333333333333334,0.004168666186896928,Glcn,NoC,0.15166666666666667,0.024647740486931278,0.11666666666666665,0.005161825689079828,0.1668333333333333,0.015574373538319641,0.11916666666666666,0.004053119511904107,0.15,0.00443471156521669,0.06899999999999999,0.004203173404306164,0.122,0.009556847457887638,0.11666666666666665,0.005161825689079828,0.06899999999999999,0.004203173404306164
Glcn + NoC,Ec,R+S,Glcn,NoC,R,S,0.015833333333333335,0.0014240006242195885,R,0.0055000000000000005,0.0003415650255319866,S,0.005,0.0,0.0105,0.005333333333333334,0.0014643921757659197,Glcn,NoC,0.15166666666666667,0.024647740486931278,0.11666666666666665,0.005161825689079828,0.1668333333333333,0.015574373538319641,0.11916666666666666,0.004053119511904107,0.15,0.00443471156521669,0.06899999999999999,0.004203173404306164,0.122,0.009556847457887638,0.11916666666666666,0.004053119511904107,0.06899999999999999,0.004203173404306164
Glcn + NoC,Ec,S+S,Glcn,NoC,S,S,0.005,0.0,S,0.005,0.0,S,0.005,0.0,0.01,0.005,0.0,Glcn,NoC,0.15166666666666667,0.024647740486931278,0.11666666666666665,0.005161825689079828,0.1668333333333333,0.015574373538319641,0.11916666666666666,0.004053119511904107,0.15,0.00443471156521669,0.06899999999999999,0.004203173404306164,0.122,0.009556847457887638,0.06899999999999999,0.004203173404306164,0.06899999999999999,0.004203173404306164
Glcn + NoC,Ec,WT+WT,Glcn,NoC,WT,WT,0.15166666666666667,0.024647740486931278,,,,,,,,0.15166666666666667,0.0,Glcn,NoC,0.15166666666666667,0.024647740486931278,0.11666666666666665,0.005161825689079828,0.1668333333333333,0.015574373538319641,0.11916666666666666,0.004053119511904107,0.15,0.00443471156521669,0.06899999999999999,0.004203173404306164,0.122,0.009556847457887638,0.15166666666666667,0.024647740486931278,0.15166666666666667,0.024647740486931278
Gln + Fum,Bs,C+C,Gln,Fum,C,C,0.015,0.004898979485566356,C,0.015,0.004898979485566356,C,0.015,0.004898979485566356,0.03,0.005,0.00848528137423857,Gln,Fum,0.11133333333333333,0.01099898985260818,0.10383333333333333,0.007341283569270733,0.07916666666666668,0.005781676035353224,0.05449999999999999,0.003283798613394757,0.07566666666666667,0.01253971468752158,0.059666666666666666,0.00223109340409087,0.1738333333333333,0.013612290198362815,0.07566666666666667,0.01253971468752158,0.07566666666666667,0.01253971468752158
Gln + Fum,Bs,F+C,Gln,Fum,F,C,0.08166666666666667,0.01909741111017698,F,0.03716666666666667,0.0036461547477369153,C,0.015,0.004898979485566356,0.05216666666666667,0.0295,0.020050076198248116,Gln,Fum,0.11133333333333333,0.01099898985260818,0.10383333333333333,0.007341283569270733,0.07916666666666668,0.005781676035353224,0.05449999999999999,0.003283798613394757,0.07566666666666667,0.01253971468752158,0.059666666666666666,0.00223109340409087,0.1738333333333333,0.013612290198362815,0.07916666666666668,0.005781676035353224,0.07566666666666667,0.01253971468752158
Gln + Fum,Bs,M+C,Gln,Fum,M,C,0.07366666666666667,0.004184627953726723,M,0.050666666666666665,0.0020763215336529915,C,0.015,0.004898979485566356,0.06566666666666666,0.008000000000000007,0.006769211344183472,Gln,Fum,0.11133333333333333,0.01099898985260818,0.10383333333333333,0.007341283569270733,0.07916666666666668,0.005781676035353224,0.05449999999999999,0.003283798613394757,0.07566666666666667,0.01253971468752158,0.059666666666666666,0.00223109340409087,0.1738333333333333,0.013612290198362815,0.10383333333333333,0.007341283569270733,0.07566666666666667,0.01253971468752158
Gln + Fum,Bs,R+C,Gln,Fum,R,C,0.1335,0.026842441518361675,R,0.012666666666666666,0.001873795909674026,C,0.015,0.004898979485566356,0.027666666666666666,0.10583333333333333,0.027350096485712398,Gln,Fum,0.11133333333333333,0.01099898985260818,0.10383333333333333,0.007341283569270733,0.07916666666666668,0.005781676035353224,0.05449999999999999,0.003283798613394757,0.07566666666666667,0.01253971468752158,0.059666666666666666,0.00223109340409087,0.1738333333333333,0.013612290198362815,0.07566666666666667,0.01253971468752158,0.05449999999999999,0.003283798613394757
Gln + Fum,Bs,F+F,Gln,Fum,F,F,0.03716666666666667,0.0036461547477369153,F,0.03716666666666667,0.0036461547477369153,F,0.03716666666666667,0.0036461547477369153,0.07433333333333333,0.005,0.00631532527533882,Gln,Fum,0.11133333333333333,0.01099898985260818,0.10383333333333333,0.007341283569270733,0.07916666666666668,0.005781676035353224,0.05449999999999999,0.003283798613394757,0.07566666666666667,0.01253971468752158,0.059666666666666666,0.00223109340409087,0.1738333333333333,0.013612290198362815,0.07916666666666668,0.005781676035353224,0.07916666666666668,0.005781676035353224
Gln + Fum,Bs,M+F,Gln,Fum,M,F,0.12783333333333333,0.0066704156125720155,M,0.050666666666666665,0.0020763215336529915,F,0.03716666666666667,0.0036461547477369153,0.08783333333333333,0.039999999999999994,0.007880355321938221,Gln,Fum,0.11133333333333333,0.01099898985260818,0.10383333333333333,0.007341283569270733,0.07916666666666668,0.005781676035353224,0.05449999999999999,0.003283798613394757,0.07566666666666667,0.01253971468752158,0.059666666666666666,0.00223109340409087,0.1738333333333333,0.013612290198362815,0.10383333333333333,0.007341283569270733,0.07916666666666668,0.005781676035353224
Gln + Fum,Bs,C+L,Gln,Fum,C,L,0.024833333333333332,0.003944757421073078,C,0.015,0.004898979485566356,L,0.011666666666666665,0.002564717874889512,0.026666666666666665,0.005,0.00679256129077161,Gln,Fum,0.11133333333333333,0.01099898985260818,0.10383333333333333,0.007341283569270733,0.07916666666666668,0.005781676035353224,0.05449999999999999,0.003283798613394757,0.07566666666666667,0.01253971468752158,0.059666666666666666,0.00223109340409087,0.1738333333333333,0.013612290198362815,0.1738333333333333,0.013612290198362815,0.07566666666666667,0.01253971468752158
Gln + Fum,Bs,F+L,Gln,Fum,F,L,0.14083333333333334,0.0037095971629155515,F,0.03716666666666667,0.0036461547477369153,L,0.011666666666666665,0.002564717874889512,0.04883333333333333,0.092,0.005799425258879825,Gln,Fum,0.11133333333333333,0.01099898985260818,0.10383333333333333,0.007341283569270733,0.07916666666666668,0.005781676035353224,0.05449999999999999,0.003283798613394757,0.07566666666666667,0.01253971468752158,0.059666666666666666,0.00223109340409087,0.1738333333333333,0.013612290198362815,0.1738333333333333,0.013612290198362815,0.07916666666666668,0.005781676035353224
Gln + Fum,Bs,L+L,Gln,Fum,L,L,0.011666666666666665,0.002564717874889512,L,0.011666666666666665,0.002564717874889512,L,0.011666666666666665,0.002564717874889512,0.02333333333333333,0.005,0.004442221666388715,Gln,Fum,0.11133333333333333,0.01099898985260818,0.10383333333333333,0.007341283569270733,0.07916666666666668,0.005781676035353224,0.05449999999999999,0.003283798613394757,0.07566666666666667,0.01253971468752158,0.059666666666666666,0.00223109340409087,0.1738333333333333,0.013612290198362815,0.1738333333333333,0.013612290198362815,0.1738333333333333,0.013612290198362815
Gln + Fum,Bs,M+L,Gln,Fum,M,L,0.12933333333333333,0.00734695704205338,M,0.050666666666666665,0.0020763215336529915,L,0.011666666666666665,0.002564717874889512,0.06233333333333333,0.067,0.008053984521134035,Gln,Fum,0.11133333333333333,0.01099898985260818,0.10383333333333333,0.007341283569270733,0.07916666666666668,0.005781676035353224,0.05449999999999999,0.003283798613394757,0.07566666666666667,0.01253971468752158,0.059666666666666666,0.00223109340409087,0.1738333333333333,0.013612290198362815,0.1738333333333333,0.013612290198362815,0.10383333333333333,0.007341283569270733
Gln + Fum,Bs,R+L,Gln,Fum,R,L,0.14766666666666667,0.008920637745014528,R,0.012666666666666666,0.001873795909674026,L,0.011666666666666665,0.002564717874889512,0.024333333333333332,0.12333333333333334,0.009469248474227867,Gln,Fum,0.11133333333333333,0.01099898985260818,0.10383333333333333,0.007341283569270733,0.07916666666666668,0.005781676035353224,0.05449999999999999,0.003283798613394757,0.07566666666666667,0.01253971468752158,0.059666666666666666,0.00223109340409087,0.1738333333333333,0.013612290198362815,0.1738333333333333,0.013612290198362815,0.05449999999999999,0.003283798613394757
Gln + Fum,Bs,S+L,Gln,Fum,S,L,0.036833333333333336,0.003419714088113865,S,0.011333333333333334,0.0015202339001321842,L,0.011666666666666665,0.002564717874889512,0.023,0.013833333333333336,0.004536885862938733,Gln,Fum,0.11133333333333333,0.01099898985260818,0.10383333333333333,0.007341283569270733,0.07916666666666668,0.005781676035353224,0.05449999999999999,0.003283798613394757,0.07566666666666667,0.01253971468752158,0.059666666666666666,0.00223109340409087,0.1738333333333333,0.013612290198362815,0.1738333333333333,0.013612290198362815,0.059666666666666666,0.00223109340409087
Gln + Fum,Bs,M+M,Gln,Fum,M,M,0.050666666666666665,0.0020763215336529915,M,0.050666666666666665,0.0020763215336529915,M,0.050666666666666665,0.0020763215336529915,0.10133333333333333,0.005,0.0035962943891363138,Gln,Fum,0.11133333333333333,0.01099898985260818,0.10383333333333333,0.007341283569270733,0.07916666666666668,0.005781676035353224,0.05449999999999999,0.003283798613394757,0.07566666666666667,0.01253971468752158,0.059666666666666666,0.00223109340409087,0.1738333333333333,0.013612290198362815,0.10383333333333333,0.007341283569270733,0.10383333333333333,0.007341283569270733
Gln + Fum,Bs,F+R,Gln,Fum,F,R,0.10883333333333334,0.005300419270627981,F,0.03716666666666667,0.0036461547477369153,R,0.012666666666666666,0.001873795909674026,0.049833333333333334,0.059000000000000004,0.006700746227100382,Gln,Fum,0.11133333333333333,0.01099898985260818,0.10383333333333333,0.007341283569270733,0.07916666666666668,0.005781676035353224,0.05449999999999999,0.003283798613394757,0.07566666666666667,0.01253971468752158,0.059666666666666666,0.00223109340409087,0.1738333333333333,0.013612290198362815,0.07916666666666668,0.005781676035353224,0.05449999999999999,0.003283798613394757
Gln + Fum,Bs,M+R,Gln,Fum,M,R,0.14416666666666667,0.04083414965170423,M,0.050666666666666665,0.0020763215336529915,R,0.012666666666666666,0.001873795909674026,0.06333333333333332,0.08083333333333334,0.04092981798151561,Gln,Fum,0.11133333333333333,0.01099898985260818,0.10383333333333333,0.007341283569270733,0.07916666666666668,0.005781676035353224,0.05449999999999999,0.003283798613394757,0.07566666666666667,0.01253971468752158,0.059666666666666666,0.00223109340409087,0.1738333333333333,0.013612290198362815,0.10383333333333333,0.007341283569270733,0.05449999999999999,0.003283798613394757
Gln + Fum,Bs,R+R,Gln,Fum,R,R,0.012666666666666666,0.001873795909674026,R,0.012666666666666666,0.001873795909674026,R,0.012666666666666666,0.001873795909674026,0.025333333333333333,0.005,0.003245509718570156,Gln,Fum,0.11133333333333333,0.01099898985260818,0.10383333333333333,0.007341283569270733,0.07916666666666668,0.005781676035353224,0.05449999999999999,0.003283798613394757,0.07566666666666667,0.01253971468752158,0.059666666666666666,0.00223109340409087,0.1738333333333333,0.013612290198362815,0.05449999999999999,0.003283798613394757,0.05449999999999999,0.003283798613394757
Gln + Fum,Bs,C+S,Gln,Fum,C,S,0.048499999999999995,0.02210995251012539,C,0.015,0.004898979485566356,S,0.011333333333333334,0.0015202339001321842,0.026333333333333334,0.02216666666666666,0.022697160860140883,Gln,Fum,0.11133333333333333,0.01099898985260818,0.10383333333333333,0.007341283569270733,0.07916666666666668,0.005781676035353224,0.05449999999999999,0.003283798613394757,0.07566666666666667,0.01253971468752158,0.059666666666666666,0.00223109340409087,0.1738333333333333,0.013612290198362815,0.07566666666666667,0.01253971468752158,0.059666666666666666,0.00223109340409087
Gln + Fum,Bs,F+S,Gln,Fum,F,S,0.09549999999999999,0.01177214225760687,F,0.03716666666666667,0.0036461547477369153,S,0.011333333333333334,0.0015202339001321842,0.0485,0.046999999999999986,0.012417281863954322,Gln,Fum,0.11133333333333333,0.01099898985260818,0.10383333333333333,0.007341283569270733,0.07916666666666668,0.005781676035353224,0.05449999999999999,0.003283798613394757,0.07566666666666667,0.01253971468752158,0.059666666666666666,0.00223109340409087,0.1738333333333333,0.013612290198362815,0.07916666666666668,0.005781676035353224,0.059666666666666666,0.00223109340409087
Gln + Fum,Bs,M+S,Gln,Fum,M,S,0.09100000000000001,0.015331883989473268,M,0.050666666666666665,0.0020763215336529915,S,0.011333333333333334,0.0015202339001321842,0.062,0.029000000000000012,0.015546346480407832,Gln,Fum,0.11133333333333333,0.01099898985260818,0.10383333333333333,0.007341283569270733,0.07916666666666668,0.005781676035353224,0.05449999999999999,0.003283798613394757,0.07566666666666667,0.01253971468752158,0.059666666666666666,0.00223109340409087,0.1738333333333333,0.013612290198362815,0.10383333333333333,0.007341283569270733,0.059666666666666666,0.00223109340409087
Gln + Fum,Bs,R+S,Gln,Fum,R,S,0.09716666666666667,0.014686539566706803,R,0.012666666666666666,0.001873795909674026,S,0.011333333333333334,0.0015202339001321842,0.024,0.07316666666666666,0.014883435983221975,Gln,Fum,0.11133333333333333,0.01099898985260818,0.10383333333333333,0.007341283569270733,0.07916666666666668,0.005781676035353224,0.05449999999999999,0.003283798613394757,0.07566666666666667,0.01253971468752158,0.059666666666666666,0.00223109340409087,0.1738333333333333,0.013612290198362815,0.059666666666666666,0.00223109340409087,0.05449999999999999,0.003283798613394757
Gln + Fum,Bs,S+S,Gln,Fum,S,S,0.011333333333333334,0.0015202339001321842,S,0.011333333333333334,0.0015202339001321842,S,0.011333333333333334,0.0015202339001321842,0.02266666666666667,0.005,0.002633122354417534,Gln,Fum,0.11133333333333333,0.01099898985260818,0.10383333333333333,0.007341283569270733,0.07916666666666668,0.005781676035353224,0.05449999999999999,0.003283798613394757,0.07566666666666667,0.01253971468752158,0.059666666666666666,0.00223109340409087,0.1738333333333333,0.013612290198362815,0.059666666666666666,0.00223109340409087,0.059666666666666666,0.00223109340409087
Gln + Fum,Bs,WT+WT,Gln,Fum,WT,WT,0.11133333333333333,0.01099898985260818,,,,,,,,0.11133333333333333,0.0,Gln,Fum,0.11133333333333333,0.01099898985260818,0.10383333333333333,0.007341283569270733,0.07916666666666668,0.005781676035353224,0.05449999999999999,0.003283798613394757,0.07566666666666667,0.01253971468752158,0.059666666666666666,0.00223109340409087,0.1738333333333333,0.013612290198362815,0.11133333333333333,0.01099898985260818,0.11133333333333333,0.01099898985260818
Gln + Fum,Ec,C+C,Gln,Fum,C,C,0.005,0.0,C,0.005,0.0,C,0.005,0.0,0.01,0.005,0.0,Gln,Fum,0.8896666666666667,0.052976514712758445,0.7608333333333333,0.030672916029907845,0.7876666666666666,0.036036709678388304,0.4831666666666667,0.02773615770874626,0.057333333333333326,0.0021550973166992817,0.0595,0.009358596760910973,0.29683333333333334,0.04400864814000892,0.057333333333333326,0.0021550973166992817,0.057333333333333326,0.0021550973166992817
Gln + Fum,Ec,F+C,Gln,Fum,F,C,0.10616666666666667,0.0024551533104427074,F,0.06233333333333333,0.015389751279486113,C,0.005,0.0,0.06733333333333333,0.038833333333333345,0.015584358255065309,Gln,Fum,0.8896666666666667,0.052976514712758445,0.7608333333333333,0.030672916029907845,0.7876666666666666,0.036036709678388304,0.4831666666666667,0.02773615770874626,0.057333333333333326,0.0021550973166992817,0.0595,0.009358596760910973,0.29683333333333334,0.04400864814000892,0.7876666666666666,0.036036709678388304,0.057333333333333326,0.0021550973166992817
Gln + Fum,Ec,M+C,Gln,Fum,M,C,0.042,0.001632993161855452,M,0.04466666666666667,0.0019436506316151006,C,0.005,0.0,0.049666666666666665,0.005,0.00253859103528797,Gln,Fum,0.8896666666666667,0.052976514712758445,0.7608333333333333,0.030672916029907845,0.7876666666666666,0.036036709678388304,0.4831666666666667,0.02773615770874626,0.057333333333333326,0.0021550973166992817,0.0595,0.009358596760910973,0.29683333333333334,0.04400864814000892,0.7608333333333333,0.030672916029907845,0.057333333333333326,0.0021550973166992817
Gln + Fum,Ec,R+C,Gln,Fum,R,C,0.017833333333333333,0.0004772607021092113,R,0.005,0.0,C,0.005,0.0,0.01,0.007833333333333333,0.0004772607021092113,Gln,Fum,0.8896666666666667,0.052976514712758445,0.7608333333333333,0.030672916029907845,0.7876666666666666,0.036036709678388304,0.4831666666666667,0.02773615770874626,0.057333333333333326,0.0021550973166992817,0.0595,0.009358596760910973,0.29683333333333334,0.04400864814000892,0.4831666666666667,0.02773615770874626,0.057333333333333326,0.0021550973166992817
Gln + Fum,Ec,F+F,Gln,Fum,F,F,0.06233333333333333,0.015389751279486113,F,0.06233333333333333,0.015389751279486113,F,0.06233333333333333,0.015389751279486113,0.12466666666666666,0.005,0.026655831131918085,Gln,Fum,0.8896666666666667,0.052976514712758445,0.7608333333333333,0.030672916029907845,0.7876666666666666,0.036036709678388304,0.4831666666666667,0.02773615770874626,0.057333333333333326,0.0021550973166992817,0.0595,0.009358596760910973,0.29683333333333334,0.04400864814000892,0.7876666666666666,0.036036709678388304,0.7876666666666666,0.036036709678388304
Gln + Fum,Ec,M+F,Gln,Fum,M,F,0.3256666666666667,0.10118486931245095,M,0.04466666666666667,0.0019436506316151006,F,0.06233333333333333,0.015389751279486113,0.107,0.21866666666666673,0.10236698686588368,Gln,Fum,0.8896666666666667,0.052976514712758445,0.7608333333333333,0.030672916029907845,0.7876666666666666,0.036036709678388304,0.4831666666666667,0.02773615770874626,0.057333333333333326,0.0021550973166992817,0.0595,0.009358596760910973,0.29683333333333334,0.04400864814000892,0.7876666666666666,0.036036709678388304,0.7608333333333333,0.030672916029907845
Gln + Fum,Ec,C+L,Gln,Fum,C,L,0.005833333333333334,0.0005426273532033233,C,0.005,0.0,L,0.005,0.0,0.01,0.005,0.0005426273532033233,Gln,Fum,0.8896666666666667,0.052976514712758445,0.7608333333333333,0.030672916029907845,0.7876666666666666,0.036036709678388304,0.4831666666666667,0.02773615770874626,0.057333333333333326,0.0021550973166992817,0.0595,0.009358596760910973,0.29683333333333334,0.04400864814000892,0.29683333333333334,0.04400864814000892,0.057333333333333326,0.0021550973166992817
Gln + Fum,Ec,F+L,Gln,Fum,F,L,0.08016666666666666,0.008272108423961679,F,0.06233333333333333,0.015389751279486113,L,0.005,0.0,0.06733333333333333,0.012833333333333335,0.01747204115786768,Gln,Fum,0.8896666666666667,0.052976514712758445,0.7608333333333333,0.030672916029907845,0.7876666666666666,0.036036709678388304,0.4831666666666667,0.02773615770874626,0.057333333333333326,0.0021550973166992817,0.0595,0.009358596760910973,0.29683333333333334,0.04400864814000892,0.7876666666666666,0.036036709678388304,0.29683333333333334,0.04400864814000892
Gln + Fum,Ec,L+L,Gln,Fum,L,L,0.005,0.0,L,0.005,0.0,L,0.005,0.0,0.01,0.005,0.0,Gln,Fum,0.8896666666666667,0.052976514712758445,0.7608333333333333,0.030672916029907845,0.7876666666666666,0.036036709678388304,0.4831666666666667,0.02773615770874626,0.057333333333333326,0.0021550973166992817,0.0595,0.009358596760910973,0.29683333333333334,0.04400864814000892,0.29683333333333334,0.04400864814000892,0.29683333333333334,0.04400864814000892
Gln + Fum,Ec,M+L,Gln,Fum,M,L,0.0845,0.006417424197708402,M,0.04466666666666667,0.0019436506316151006,L,0.005,0.0,0.049666666666666665,0.03483333333333334,0.00670530469934895,Gln,Fum,0.8896666666666667,0.052976514712758445,0.7608333333333333,0.030672916029907845,0.7876666666666666,0.036036709678388304,0.4831666666666667,0.02773615770874626,0.057333333333333326,0.0021550973166992817,0.0595,0.009358596760910973,0.29683333333333334,0.04400864814000892,0.7608333333333333,0.030672916029907845,0.29683333333333334,0.04400864814000892
Gln + Fum,Ec,R+L,Gln,Fum,R,L,0.03866666666666666,0.00731057073315377,R,0.005,0.0,L,0.005,0.0,0.01,0.02866666666666666,0.00731057073315377,Gln,Fum,0.8896666666666667,0.052976514712758445,0.7608333333333333,0.030672916029907845,0.7876666666666666,0.036036709678388304,0.4831666666666667,0.02773615770874626,0.057333333333333326,0.0021550973166992817,0.0595,0.009358596760910973,0.29683333333333334,0.04400864814000892,0.4831666666666667,0.02773615770874626,0.29683333333333334,0.04400864814000892
Gln + Fum,Ec,S+L,Gln,Fum,S,L,0.005,0.0,S,0.005,0.0,L,0.005,0.0,0.01,0.005,0.0,Gln,Fum,0.8896666666666667,0.052976514712758445,0.7608333333333333,0.030672916029907845,0.7876666666666666,0.036036709678388304,0.4831666666666667,0.02773615770874626,0.057333333333333326,0.0021550973166992817,0.0595,0.009358596760910973,0.29683333333333334,0.04400864814000892,0.29683333333333334,0.04400864814000892,0.0595,0.009358596760910973
Gln + Fum,Ec,M+M,Gln,Fum,M,M,0.04466666666666667,0.0019436506316151006,M,0.04466666666666667,0.0019436506316151006,M,0.04466666666666667,0.0019436506316151006,0.08933333333333333,0.005,0.0033665016461206934,Gln,Fum,0.8896666666666667,0.052976514712758445,0.7608333333333333,0.030672916029907845,0.7876666666666666,0.036036709678388304,0.4831666666666667,0.02773615770874626,0.057333333333333326,0.0021550973166992817,0.0595,0.009358596760910973,0.29683333333333334,0.04400864814000892,0.7608333333333333,0.030672916029907845,0.7608333333333333,0.030672916029907845
Gln + Fum,Ec,F+R,Gln,Fum,F,R,0.11933333333333333,0.014718846573167492,F,0.06233333333333333,0.015389751279486113,R,0.005,0.0,0.06733333333333333,0.052000000000000005,0.02129527855861221,Gln,Fum,0.8896666666666667,0.052976514712758445,0.7608333333333333,0.030672916029907845,0.7876666666666666,0.036036709678388304,0.4831666666666667,0.02773615770874626,0.057333333333333326,0.0021550973166992817,0.0595,0.009358596760910973,0.29683333333333334,0.04400864814000892,0.7876666666666666,0.036036709678388304,0.4831666666666667,0.02773615770874626
Gln + Fum,Ec,M+R,Gln,Fum,M,R,0.18000000000000002,0.023917915182278465,M,0.04466666666666667,0.0019436506316151006,R,0.005,0.0,0.049666666666666665,0.13033333333333336,0.0239967590404297,Gln,Fum,0.8896666666666667,0.052976514712758445,0.7608333333333333,0.030672916029907845,0.7876666666666666,0.036036709678388304,0.4831666666666667,0.02773615770874626,0.057333333333333326,0.0021550973166992817,0.0595,0.009358596760910973,0.29683333333333334,0.04400864814000892,0.7608333333333333,0.030672916029907845,0.4831666666666667,0.02773615770874626
Gln + Fum,Ec,R+R,Gln,Fum,R,R,0.005,0.0,R,0.005,0.0,R,0.005,0.0,0.01,0.005,0.0,Gln,Fum,0.8896666666666667,0.052976514712758445,0.7608333333333333,0.030672916029907845,0.7876666666666666,0.036036709678388304,0.4831666666666667,0.02773615770874626,0.057333333333333326,0.0021550973166992817,0.0595,0.009358596760910973,0.29683333333333334,0.04400864814000892,0.4831666666666667,0.02773615770874626,0.4831666666666667,0.02773615770874626
Gln + Fum,Ec,C+S,Gln,Fum,C,S,0.005,0.0,C,0.005,0.0,S,0.005,0.0,0.01,0.005,0.0,Gln,Fum,0.8896666666666667,0.052976514712758445,0.7608333333333333,0.030672916029907845,0.7876666666666666,0.036036709678388304,0.4831666666666667,0.02773615770874626,0.057333333333333326,0.0021550973166992817,0.0595,0.009358596760910973,0.29683333333333334,0.04400864814000892,0.0595,0.009358596760910973,0.057333333333333326,0.0021550973166992817
Gln + Fum,Ec,F+S,Gln,Fum,F,S,0.12225,0.0037052890125692877,F,0.06233333333333333,0.015389751279486113,S,0.005,0.0,0.06733333333333333,0.05491666666666667,0.015829517083951458,Gln,Fum,0.8896666666666667,0.052976514712758445,0.7608333333333333,0.030672916029907845,0.7876666666666666,0.036036709678388304,0.4831666666666667,0.02773615770874626,0.057333333333333326,0.0021550973166992817,0.0595,0.009358596760910973,0.29683333333333334,0.04400864814000892,0.7876666666666666,0.036036709678388304,0.0595,0.009358596760910973
Gln + Fum,Ec,M+S,Gln,Fum,M,S,0.06716666666666667,0.002135675797285513,M,0.04466666666666667,0.0019436506316151006,S,0.005,0.0,0.049666666666666665,0.0175,0.0028877134360751396,Gln,Fum,0.8896666666666667,0.052976514712758445,0.7608333333333333,0.030672916029907845,0.7876666666666666,0.036036709678388304,0.4831666666666667,0.02773615770874626,0.057333333333333326,0.0021550973166992817,0.0595,0.009358596760910973,0.29683333333333334,0.04400864814000892,0.7608333333333333,0.030672916029907845,0.0595,0.009358596760910973
Gln + Fum,Ec,R+S,Gln,Fum,R,S,0.023999999999999997,0.0019148542155126755,R,0.005,0.0,S,0.005,0.0,0.01,0.013999999999999997,0.0019148542155126755,Gln,Fum,0.8896666666666667,0.052976514712758445,0.7608333333333333,0.030672916029907845,0.7876666666666666,0.036036709678388304,0.4831666666666667,0.02773615770874626,0.057333333333333326,0.0021550973166992817,0.0595,0.009358596760910973,0.29683333333333334,0.04400864814000892,0.4831666666666667,0.02773615770874626,0.0595,0.009358596760910973
Gln + Fum,Ec,S+S,Gln,Fum,S,S,0.005,0.0,S,0.005,0.0,S,0.005,0.0,0.01,0.005,0.0,Gln,Fum,0.8896666666666667,0.052976514712758445,0.7608333333333333,0.030672916029907845,0.7876666666666666,0.036036709678388304,0.4831666666666667,0.02773615770874626,0.057333333333333326,0.0021550973166992817,0.0595,0.009358596760910973,0.29683333333333334,0.04400864814000892,0.0595,0.009358596760910973,0.0595,0.009358596760910973
Gln + Fum,Ec,WT+WT,Gln,Fum,WT,WT,0.8896666666666667,0.052976514712758445,,,,,,,,0.8896666666666667,0.0,Gln,Fum,0.8896666666666667,0.052976514712758445,0.7608333333333333,0.030672916029907845,0.7876666666666666,0.036036709678388304,0.4831666666666667,0.02773615770874626,0.057333333333333326,0.0021550973166992817,0.0595,0.009358596760910973,0.29683333333333334,0.04400864814000892,0.8896666666666667,0.052976514712758445,0.8896666666666667,0.052976514712758445
Gln + Gluc,Bs,C+C,Gln,Gluc,C,C,0.016166666666666666,0.005497979426823802,C,0.016166666666666666,0.005497979426823802,C,0.016166666666666666,0.005497979426823802,0.03233333333333333,0.005,0.00952277970622724,Gln,Gluc,0.3446666666666667,0.008301271656265145,0.21566666666666667,0.008155434452627959,0.2135,0.03220947065693567,0.18283333333333332,0.011844595579606945,0.234,0.05402900455619494,0.16066666666666665,0.014725639016506024,0.21633333333333335,0.04021249114944814,0.234,0.05402900455619494,0.234,0.05402900455619494
Gln + Gluc,Bs,F+C,Gln,Gluc,F,C,0.1751666666666667,0.024352161665400003,F,0.09783333333333333,0.017092720997872488,C,0.016166666666666666,0.005497979426823802,0.11399999999999999,0.0611666666666667,0.030255853428166033,Gln,Gluc,0.3446666666666667,0.008301271656265145,0.21566666666666667,0.008155434452627959,0.2135,0.03220947065693567,0.18283333333333332,0.011844595579606945,0.234,0.05402900455619494,0.16066666666666665,0.014725639016506024,0.21633333333333335,0.04021249114944814,0.234,0.05402900455619494,0.2135,0.03220947065693567
Gln + Gluc,Bs,M+C,Gln,Gluc,M,C,0.09316666666666668,0.0064674398163243685,M,0.05616666666666667,0.006400086804966876,C,0.016166666666666666,0.005497979426823802,0.07233333333333333,0.020833333333333343,0.010630929717887646,Gln,Gluc,0.3446666666666667,0.008301271656265145,0.21566666666666667,0.008155434452627959,0.2135,0.03220947065693567,0.18283333333333332,0.011844595579606945,0.234,0.05402900455619494,0.16066666666666665,0.014725639016506024,0.21633333333333335,0.04021249114944814,0.234,0.05402900455619494,0.21566666666666667,0.008155434452627959
Gln + Gluc,Bs,R+C,Gln,Gluc,R,C,0.14216666666666666,0.03240413210962111,R,0.014166666666666666,0.0019046726169548874,C,0.016166666666666666,0.005497979426823802,0.03033333333333333,0.11183333333333334,0.032922383469811745,Gln,Gluc,0.3446666666666667,0.008301271656265145,0.21566666666666667,0.008155434452627959,0.2135,0.03220947065693567,0.18283333333333332,0.011844595579606945,0.234,0.05402900455619494,0.16066666666666665,0.014725639016506024,0.21633333333333335,0.04021249114944814,0.234,0.05402900455619494,0.18283333333333332,0.011844595579606945
Gln + Gluc,Bs,F+F,Gln,Gluc,F,F,0.09783333333333333,0.017092720997872488,F,0.09783333333333333,0.017092720997872488,F,0.09783333333333333,0.017092720997872488,0.19566666666666666,0.005,0.02960546120791455,Gln,Gluc,0.3446666666666667,0.008301271656265145,0.21566666666666667,0.008155434452627959,0.2135,0.03220947065693567,0.18283333333333332,0.011844595579606945,0.234,0.05402900455619494,0.16066666666666665,0.014725639016506024,0.21633333333333335,0.04021249114944814,0.2135,0.03220947065693567,0.2135,0.03220947065693567
Gln + Gluc,Bs,M+F,Gln,Gluc,M,F,0.2565,0.03070477704418863,M,0.05616666666666667,0.006400086804966876,F,0.09783333333333333,0.017092720997872488,0.154,0.10250000000000001,0.03571982020609224,Gln,Gluc,0.3446666666666667,0.008301271656265145,0.21566666666666667,0.008155434452627959,0.2135,0.03220947065693567,0.18283333333333332,0.011844595579606945,0.234,0.05402900455619494,0.16066666666666665,0.014725639016506024,0.21633333333333335,0.04021249114944814,0.21566666666666667,0.008155434452627959,0.2135,0.03220947065693567
Gln + Gluc,Bs,C+L,Gln,Gluc,C,L,0.02666666666666667,0.00626985734376079,C,0.016166666666666666,0.005497979426823802,L,0.006999999999999999,0.0008944271909999158,0.023166666666666665,0.005,0.008386828297329622,Gln,Gluc,0.3446666666666667,0.008301271656265145,0.21566666666666667,0.008155434452627959,0.2135,0.03220947065693567,0.18283333333333332,0.011844595579606945,0.234,0.05402900455619494,0.16066666666666665,0.014725639016506024,0.21633333333333335,0.04021249114944814,0.234,0.05402900455619494,0.21633333333333335,0.04021249114944814
Gln + Gluc,Bs,F+L,Gln,Gluc,F,L,0.20433333333333334,0.012473082128238304,F,0.09783333333333333,0.017092720997872488,L,0.006999999999999999,0.0008944271909999158,0.10483333333333333,0.0995,0.02117873671607655,Gln,Gluc,0.3446666666666667,0.008301271656265145,0.21566666666666667,0.008155434452627959,0.2135,0.03220947065693567,0.18283333333333332,0.011844595579606945,0.234,0.05402900455619494,0.16066666666666665,0.014725639016506024,0.21633333333333335,0.04021249114944814,0.21633333333333335,0.04021249114944814,0.2135,0.03220947065693567
Gln + Gluc,Bs,L+L,Gln,Gluc,L,L,0.006999999999999999,0.0008944271909999158,L,0.006999999999999999,0.0008944271909999158,L,0.006999999999999999,0.0008944271909999158,0.013999999999999999,0.005,0.0015491933384829666,Gln,Gluc,0.3446666666666667,0.008301271656265145,0.21566666666666667,0.008155434452627959,0.2135,0.03220947065693567,0.18283333333333332,0.011844595579606945,0.234,0.05402900455619494,0.16066666666666665,0.014725639016506024,0.21633333333333335,0.04021249114944814,0.21633333333333335,0.04021249114944814,0.21633333333333335,0.04021249114944814
Gln + Gluc,Bs,M+L,Gln,Gluc,M,L,0.211,0.020821463285113594,M,0.05616666666666667,0.006400086804966876,L,0.006999999999999999,0.0008944271909999158,0.06316666666666668,0.14783333333333332,0.02180124869002793,Gln,Gluc,0.3446666666666667,0.008301271656265145,0.21566666666666667,0.008155434452627959,0.2135,0.03220947065693567,0.18283333333333332,0.011844595579606945,0.234,0.05402900455619494,0.16066666666666665,0.014725639016506024,0.21633333333333335,0.04021249114944814,0.21633333333333335,0.04021249114944814,0.21566666666666667,0.008155434452627959
Gln + Gluc,Bs,R+L,Gln,Gluc,R,L,0.26,0.04438242895561262,R,0.014166666666666666,0.0019046726169548874,L,0.006999999999999999,0.0008944271909999158,0.021166666666666667,0.23883333333333334,0.044432283058354984,Gln,Gluc,0.3446666666666667,0.008301271656265145,0.21566666666666667,0.008155434452627959,0.2135,0.03220947065693567,0.18283333333333332,0.011844595579606945,0.234,0.05402900455619494,0.16066666666666665,0.014725639016506024,0.21633333333333335,0.04021249114944814,0.21633333333333335,0.04021249114944814,0.18283333333333332,0.011844595579606945
Gln + Gluc,Bs,S+L,Gln,Gluc,S,L,0.10983333333333334,0.013859814011899453,S,0.009666666666666665,0.0019776529298921766,L,0.006999999999999999,0.0008944271909999158,0.016666666666666663,0.09316666666666668,0.014028740341012643,Gln,Gluc,0.3446666666666667,0.008301271656265145,0.21566666666666667,0.008155434452627959,0.2135,0.03220947065693567,0.18283333333333332,0.011844595579606945,0.234,0.05402900455619494,0.16066666666666665,0.014725639016506024,0.21633333333333335,0.04021249114944814,0.21633333333333335,0.04021249114944814,0.16066666666666665,0.014725639016506024
Gln + Gluc,Bs,M+M,Gln,Gluc,M,M,0.05616666666666667,0.006400086804966876,M,0.05616666666666667,0.006400086804966876,M,0.05616666666666667,0.006400086804966876,0.11233333333333334,0.005,0.011085275519053793,Gln,Gluc,0.3446666666666667,0.008301271656265145,0.21566666666666667,0.008155434452627959,0.2135,0.03220947065693567,0.18283333333333332,0.011844595579606945,0.234,0.05402900455619494,0.16066666666666665,0.014725639016506024,0.21633333333333335,0.04021249114944814,0.21566666666666667,0.008155434452627959,0.21566666666666667,0.008155434452627959
Gln + Gluc,Bs,F+R,Gln,Gluc,F,R,0.24566666666666667,0.033732938074100674,F,0.09783333333333333,0.017092720997872488,R,0.014166666666666666,0.0019046726169548874,0.11199999999999999,0.13366666666666668,0.03786423114233273,Gln,Gluc,0.3446666666666667,0.008301271656265145,0.21566666666666667,0.008155434452627959,0.2135,0.03220947065693567,0.18283333333333332,0.011844595579606945,0.234,0.05402900455619494,0.16066666666666665,0.014725639016506024,0.21633333333333335,0.04021249114944814,0.2135,0.03220947065693567,0.18283333333333332,0.011844595579606945
Gln + Gluc,Bs,M+R,Gln,Gluc,M,R,0.17716666666666667,0.014304816593643481,M,0.05616666666666667,0.006400086804966876,R,0.014166666666666666,0.0019046726169548874,0.07033333333333333,0.10683333333333334,0.01578659769129076,Gln,Gluc,0.3446666666666667,0.008301271656265145,0.21566666666666667,0.008155434452627959,0.2135,0.03220947065693567,0.18283333333333332,0.011844595579606945,0.234,0.05402900455619494,0.16066666666666665,0.014725639016506024,0.21633333333333335,0.04021249114944814,0.21566666666666667,0.008155434452627959,0.18283333333333332,0.011844595579606945
Gln + Gluc,Bs,R+R,Gln,Gluc,R,R,0.014166666666666666,0.0019046726169548874,R,0.014166666666666666,0.0019046726169548874,R,0.014166666666666666,0.0019046726169548874,0.028333333333333332,0.005,0.0032989897443510396,Gln,Gluc,0.3446666666666667,0.008301271656265145,0.21566666666666667,0.008155434452627959,0.2135,0.03220947065693567,0.18283333333333332,0.011844595579606945,0.234,0.05402900455619494,0.16066666666666665,0.014725639016506024,0.21633333333333335,0.04021249114944814,0.18283333333333332,0.011844595579606945,0.18283333333333332,0.011844595579606945
Gln + Gluc,Bs,C+S,Gln,Gluc,C,S,0.048666666666666664,0.014289078968841126,C,0.016166666666666666,0.005497979426823802,S,0.009666666666666665,0.0019776529298921766,0.025833333333333333,0.02283333333333333,0.015437508434545603,Gln,Gluc,0.3446666666666667,0.008301271656265145,0.21566666666666667,0.008155434452627959,0.2135,0.03220947065693567,0.18283333333333332,0.011844595579606945,0.234,0.05402900455619494,0.16066666666666665,0.014725639016506024,0.21633333333333335,0.04021249114944814,0.234,0.05402900455619494,0.16066666666666665,0.014725639016506024
Gln + Gluc,Bs,F+S,Gln,Gluc,F,S,0.2185,0.04192990182037953,F,0.09783333333333333,0.017092720997872488,S,0.009666666666666665,0.0019776529298921766,0.1075,0.111,0.04532316062333792,Gln,Gluc,0.3446666666666667,0.008301271656265145,0.21566666666666667,0.008155434452627959,0.2135,0.03220947065693567,0.18283333333333332,0.011844595579606945,0.234,0.05402900455619494,0.16066666666666665,0.014725639016506024,0.21633333333333335,0.04021249114944814,0.2135,0.03220947065693567,0.16066666666666665,0.014725639016506024
Gln + Gluc,Bs,M+S,Gln,Gluc,M,S,0.14983333333333335,0.021603111915750577,M,0.05616666666666667,0.006400086804966876,S,0.009666666666666665,0.0019776529298921766,0.06583333333333334,0.084,0.02261783956673729,Gln,Gluc,0.3446666666666667,0.008301271656265145,0.21566666666666667,0.008155434452627959,0.2135,0.03220947065693567,0.18283333333333332,0.011844595579606945,0.234,0.05402900455619494,0.16066666666666665,0.014725639016506024,0.21633333333333335,0.04021249114944814,0.21566666666666667,0.008155434452627959,0.16066666666666665,0.014725639016506024
Gln + Gluc,Bs,R+S,Gln,Gluc,R,S,0.2545,0.04415333132014691,R,0.014166666666666666,0.0019046726169548874,S,0.009666666666666665,0.0019776529298921766,0.02383333333333333,0.2306666666666667,0.04423862063350931,Gln,Gluc,0.3446666666666667,0.008301271656265145,0.21566666666666667,0.008155434452627959,0.2135,0.03220947065693567,0.18283333333333332,0.011844595579606945,0.234,0.05402900455619494,0.16066666666666665,0.014725639016506024,0.21633333333333335,0.04021249114944814,0.18283333333333332,0.011844595579606945,0.16066666666666665,0.014725639016506024
Gln + Gluc,Bs,S+S,Gln,Gluc,S,S,0.009666666666666665,0.0019776529298921766,S,0.009666666666666665,0.0019776529298921766,S,0.009666666666666665,0.0019776529298921766,0.01933333333333333,0.005,0.003425395354310701,Gln,Gluc,0.3446666666666667,0.008301271656265145,0.21566666666666667,0.008155434452627959,0.2135,0.03220947065693567,0.18283333333333332,0.011844595579606945,0.234,0.05402900455619494,0.16066666666666665,0.014725639016506024,0.21633333333333335,0.04021249114944814,0.16066666666666665,0.014725639016506024,0.16066666666666665,0.014725639016506024
Gln + Gluc,Bs,WT+WT,Gln,Gluc,WT,WT,0.3446666666666667,0.008301271656265145,,,,,,,,0.3446666666666667,0.0,Gln,Gluc,0.3446666666666667,0.008301271656265145,0.21566666666666667,0.008155434452627959,0.2135,0.03220947065693567,0.18283333333333332,0.011844595579606945,0.234,0.05402900455619494,0.16066666666666665,0.014725639016506024,0.21633333333333335,0.04021249114944814,0.3446666666666667,0.008301271656265145,0.3446666666666667,0.008301271656265145
Gln + Gluc,Ec,C+C,Gln,Gluc,C,C,0.005,0.0,C,0.005,0.0,C,0.005,0.0,0.01,0.005,0.0,Gln,Gluc,0.12816666666666668,0.01474317167746177,0.09783333333333333,0.005325515102890153,0.09633333333333333,0.005811865258054231,0.10683333333333334,0.013592685941752317,0.15283333333333335,0.005160211020663572,0.07983333333333333,0.010697092024367081,0.08966666666666667,0.008701213197658767,0.15283333333333335,0.005160211020663572,0.15283333333333335,0.005160211020663572
Gln + Gluc,Ec,F+C,Gln,Gluc,F,C,0.13816666666666666,0.0041905979419542385,F,0.165,0.007174027227901118,C,0.005,0.0,0.17,0.005,0.008308295720409673,Gln,Gluc,0.12816666666666668,0.01474317167746177,0.09783333333333333,0.005325515102890153,0.09633333333333333,0.005811865258054231,0.10683333333333334,0.013592685941752317,0.15283333333333335,0.005160211020663572,0.07983333333333333,0.010697092024367081,0.08966666666666667,0.008701213197658767,0.15283333333333335,0.005160211020663572,0.09633333333333333,0.005811865258054231
Gln + Gluc,Ec,M+C,Gln,Gluc,M,C,0.0775,0.00311715682420161,M,0.09233333333333334,0.00475861791326478,C,0.005,0.0,0.09733333333333334,0.005,0.005688682721958671,Gln,Gluc,0.12816666666666668,0.01474317167746177,0.09783333333333333,0.005325515102890153,0.09633333333333333,0.005811865258054231,0.10683333333333334,0.013592685941752317,0.15283333333333335,0.005160211020663572,0.07983333333333333,0.010697092024367081,0.08966666666666667,0.008701213197658767,0.15283333333333335,0.005160211020663572,0.09783333333333333,0.005325515102890153
Gln + Gluc,Ec,R+C,Gln,Gluc,R,C,0.024833333333333332,0.0014472195564061605,R,0.005333333333333333,0.00021081851067789194,C,0.005,0.0,0.010333333333333333,0.014499999999999999,0.0014624940645653537,Gln,Gluc,0.12816666666666668,0.01474317167746177,0.09783333333333333,0.005325515102890153,0.09633333333333333,0.005811865258054231,0.10683333333333334,0.013592685941752317,0.15283333333333335,0.005160211020663572,0.07983333333333333,0.010697092024367081,0.08966666666666667,0.008701213197658767,0.15283333333333335,0.005160211020663572,0.10683333333333334,0.013592685941752317
Gln + Gluc,Ec,F+F,Gln,Gluc,F,F,0.165,0.007174027227901118,F,0.165,0.007174027227901118,F,0.165,0.007174027227901118,0.33,0.005,0.012425779653607244,Gln,Gluc,0.12816666666666668,0.01474317167746177,0.09783333333333333,0.005325515102890153,0.09633333333333333,0.005811865258054231,0.10683333333333334,0.013592685941752317,0.15283333333333335,0.005160211020663572,0.07983333333333333,0.010697092024367081,0.08966666666666667,0.008701213197658767,0.09633333333333333,0.005811865258054231,0.09633333333333333,0.005811865258054231
Gln + Gluc,Ec,M+F,Gln,Gluc,M,F,0.18783333333333332,0.06269365553582311,M,0.09233333333333334,0.00475861791326478,F,0.165,0.007174027227901118,0.25733333333333336,0.005,0.06328195284246176,Gln,Gluc,0.12816666666666668,0.01474317167746177,0.09783333333333333,0.005325515102890153,0.09633333333333333,0.005811865258054231,0.10683333333333334,0.013592685941752317,0.15283333333333335,0.005160211020663572,0.07983333333333333,0.010697092024367081,0.08966666666666667,0.008701213197658767,0.09783333333333333,0.005325515102890153,0.09633333333333333,0.005811865258054231
Gln + Gluc,Ec,C+L,Gln,Gluc,C,L,0.009,0.0011547005383792514,C,0.005,0.0,L,0.0055000000000000005,0.0003415650255319867,0.0105,0.005,0.0012041594578792293,Gln,Gluc,0.12816666666666668,0.01474317167746177,0.09783333333333333,0.005325515102890153,0.09633333333333333,0.005811865258054231,0.10683333333333334,0.013592685941752317,0.15283333333333335,0.005160211020663572,0.07983333333333333,0.010697092024367081,0.08966666666666667,0.008701213197658767,0.15283333333333335,0.005160211020663572,0.08966666666666667,0.008701213197658767
Gln + Gluc,Ec,F+L,Gln,Gluc,F,L,0.11183333333333334,0.004142597145645603,F,0.165,0.007174027227901118,L,0.0055000000000000005,0.0003415650255319867,0.1705,0.005,0.008291226956515203,Gln,Gluc,0.12816666666666668,0.01474317167746177,0.09783333333333333,0.005325515102890153,0.09633333333333333,0.005811865258054231,0.10683333333333334,0.013592685941752317,0.15283333333333335,0.005160211020663572,0.07983333333333333,0.010697092024367081,0.08966666666666667,0.008701213197658767,0.09633333333333333,0.005811865258054231,0.08966666666666667,0.008701213197658767
Gln + Gluc,Ec,L+L,Gln,Gluc,L,L,0.0055000000000000005,0.0003415650255319867,L,0.0055000000000000005,0.0003415650255319867,L,0.0055000000000000005,0.0003415650255319867,0.011000000000000001,0.005,0.0005916079783099618,Gln,Gluc,0.12816666666666668,0.01474317167746177,0.09783333333333333,0.005325515102890153,0.09633333333333333,0.005811865258054231,0.10683333333333334,0.013592685941752317,0.15283333333333335,0.005160211020663572,0.07983333333333333,0.010697092024367081,0.08966666666666667,0.008701213197658767,0.08966666666666667,0.008701213197658767,0.08966666666666667,0.008701213197658767
Gln + Gluc,Ec,M+L,Gln,Gluc,M,L,0.106,0.005391351098441528,M,0.09233333333333334,0.00475861791326478,L,0.0055000000000000005,0.0003415650255319867,0.09783333333333334,0.008166666666666655,0.007199151184534034,Gln,Gluc,0.12816666666666668,0.01474317167746177,0.09783333333333333,0.005325515102890153,0.09633333333333333,0.005811865258054231,0.10683333333333334,0.013592685941752317,0.15283333333333335,0.005160211020663572,0.07983333333333333,0.010697092024367081,0.08966666666666667,0.008701213197658767,0.09783333333333333,0.005325515102890153,0.08966666666666667,0.008701213197658767
Gln + Gluc,Ec,R+L,Gln,Gluc,R,L,0.08800000000000001,0.0060827625302982205,R,0.005333333333333333,0.00021081851067789194,L,0.0055000000000000005,0.0003415650255319867,0.010833333333333334,0.07716666666666668,0.00609599139690265,Gln,Gluc,0.12816666666666668,0.01474317167746177,0.09783333333333333,0.005325515102890153,0.09633333333333333,0.005811865258054231,0.10683333333333334,0.013592685941752317,0.15283333333333335,0.005160211020663572,0.07983333333333333,0.010697092024367081,0.08966666666666667,0.008701213197658767,0.10683333333333334,0.013592685941752317,0.08966666666666667,0.008701213197658767
Gln + Gluc,Ec,S+L,Gln,Gluc,S,L,0.006166666666666667,0.0005426273532033236,S,0.005,0.0,L,0.0055000000000000005,0.0003415650255319867,0.0105,0.005,0.0006411794687223783,Gln,Gluc,0.12816666666666668,0.01474317167746177,0.09783333333333333,0.005325515102890153,0.09633333333333333,0.005811865258054231,0.10683333333333334,0.013592685941752317,0.15283333333333335,0.005160211020663572,0.07983333333333333,0.010697092024367081,0.08966666666666667,0.008701213197658767,0.08966666666666667,0.008701213197658767,0.07983333333333333,0.010697092024367081
Gln + Gluc,Ec,M+M,Gln,Gluc,M,M,0.09233333333333334,0.00475861791326478,M,0.09233333333333334,0.00475861791326478,M,0.09233333333333334,0.00475861791326478,0.18466666666666667,0.005,0.008242167999581988,Gln,Gluc,0.12816666666666668,0.01474317167746177,0.09783333333333333,0.005325515102890153,0.09633333333333333,0.005811865258054231,0.10683333333333334,0.013592685941752317,0.15283333333333335,0.005160211020663572,0.07983333333333333,0.010697092024367081,0.08966666666666667,0.008701213197658767,0.09783333333333333,0.005325515102890153,0.09783333333333333,0.005325515102890153
Gln + Gluc,Ec,F+R,Gln,Gluc,F,R,0.11733333333333333,0.0030840089349921007,F,0.165,0.007174027227901118,R,0.005333333333333333,0.00021081851067789194,0.17033333333333334,0.005,0.0078116721783637435,Gln,Gluc,0.12816666666666668,0.01474317167746177,0.09783333333333333,0.005325515102890153,0.09633333333333333,0.005811865258054231,0.10683333333333334,0.013592685941752317,0.15283333333333335,0.005160211020663572,0.07983333333333333,0.010697092024367081,0.08966666666666667,0.008701213197658767,0.10683333333333334,0.013592685941752317,0.09633333333333333,0.005811865258054231
Gln + Gluc,Ec,M+R,Gln,Gluc,M,R,0.08633333333333333,0.0031692971530679253,M,0.09233333333333334,0.00475861791326478,R,0.005333333333333333,0.00021081851067789194,0.09766666666666667,0.005,0.005721305212391081,Gln,Gluc,0.12816666666666668,0.01474317167746177,0.09783333333333333,0.005325515102890153,0.09633333333333333,0.005811865258054231,0.10683333333333334,0.013592685941752317,0.15283333333333335,0.005160211020663572,0.07983333333333333,0.010697092024367081,0.08966666666666667,0.008701213197658767,0.10683333333333334,0.013592685941752317,0.09783333333333333,0.005325515102890153
Gln + Gluc,Ec,R+R,Gln,Gluc,R,R,0.005333333333333333,0.00021081851067789194,R,0.005333333333333333,0.00021081851067789194,R,0.005333333333333333,0.00021081851067789194,0.010666666666666666,0.005,0.0003651483716701107,Gln,Gluc,0.12816666666666668,0.01474317167746177,0.09783333333333333,0.005325515102890153,0.09633333333333333,0.005811865258054231,0.10683333333333334,0.013592685941752317,0.15283333333333335,0.005160211020663572,0.07983333333333333,0.010697092024367081,0.08966666666666667,0.008701213197658767,0.10683333333333334,0.013592685941752317,0.10683333333333334,0.013592685941752317
Gln + Gluc,Ec,C+S,Gln,Gluc,C,S,0.006166666666666667,0.0009803627446568492,C,0.005,0.0,S,0.005,0.0,0.01,0.005,0.0009803627446568492,Gln,Gluc,0.12816666666666668,0.01474317167746177,0.09783333333333333,0.005325515102890153,0.09633333333333333,0.005811865258054231,0.10683333333333334,0.013592685941752317,0.15283333333333335,0.005160211020663572,0.07983333333333333,0.010697092024367081,0.08966666666666667,0.008701213197658767,0.15283333333333335,0.005160211020663572,0.07983333333333333,0.010697092024367081
Gln + Gluc,Ec,F+S,Gln,Gluc,F,S,0.14125,0.006536755056346124,F,0.165,0.007174027227901118,S,0.005,0.0,0.17,0.005,0.00970545379327176,Gln,Gluc,0.12816666666666668,0.01474317167746177,0.09783333333333333,0.005325515102890153,0.09633333333333333,0.005811865258054231,0.10683333333333334,0.013592685941752317,0.15283333333333335,0.005160211020663572,0.07983333333333333,0.010697092024367081,0.08966666666666667,0.008701213197658767,0.09633333333333333,0.005811865258054231,0.07983333333333333,0.010697092024367081
Gln + Gluc,Ec,M+S,Gln,Gluc,M,S,0.08016666666666666,0.0035908835186405624,M,0.09233333333333334,0.00475861791326478,S,0.005,0.0,0.09733333333333334,0.005,0.0059614502337005945,Gln,Gluc,0.12816666666666668,0.01474317167746177,0.09783333333333333,0.005325515102890153,0.09633333333333333,0.005811865258054231,0.10683333333333334,0.013592685941752317,0.15283333333333335,0.005160211020663572,0.07983333333333333,0.010697092024367081,0.08966666666666667,0.008701213197658767,0.09783333333333333,0.005325515102890153,0.07983333333333333,0.010697092024367081
Gln + Gluc,Ec,R+S,Gln,Gluc,R,S,0.024166666666666666,0.001990254031803757,R,0.005333333333333333,0.00021081851067789194,S,0.005,0.0,0.010333333333333333,0.013833333333333333,0.00200138840697041,Gln,Gluc,0.12816666666666668,0.01474317167746177,0.09783333333333333,0.005325515102890153,0.09633333333333333,0.005811865258054231,0.10683333333333334,0.013592685941752317,0.15283333333333335,0.005160211020663572,0.07983333333333333,0.010697092024367081,0.08966666666666667,0.008701213197658767,0.10683333333333334,0.013592685941752317,0.07983333333333333,0.010697092024367081
Gln + Gluc,Ec,S+S,Gln,Gluc,S,S,0.005,0.0,S,0.005,0.0,S,0.005,0.0,0.01,0.005,0.0,Gln,Gluc,0.12816666666666668,0.01474317167746177,0.09783333333333333,0.005325515102890153,0.09633333333333333,0.005811865258054231,0.10683333333333334,0.013592685941752317,0.15283333333333335,0.005160211020663572,0.07983333333333333,0.010697092024367081,0.08966666666666667,0.008701213197658767,0.07983333333333333,0.010697092024367081,0.07983333333333333,0.010697092024367081
Gln + Gluc,Ec,WT+WT,Gln,Gluc,WT,WT,0.12816666666666668,0.01474317167746177,,,,,,,,0.12816666666666668,0.0,Gln,Gluc,0.12816666666666668,0.01474317167746177,0.09783333333333333,0.005325515102890153,0.09633333333333333,0.005811865258054231,0.10683333333333334,0.013592685941752317,0.15283333333333335,0.005160211020663572,0.07983333333333333,0.010697092024367081,0.08966666666666667,0.008701213197658767,0.12816666666666668,0.01474317167746177,0.12816666666666668,0.01474317167746177
Gln + Gly,Bs,C+C,Gln,Gly,C,C,0.014499999999999999,0.0074732857566133515,C,0.014499999999999999,0.0074732857566133515,C,0.014499999999999999,0.0074732857566133515,0.028999999999999998,0.005,0.012944110629935144,Gln,Gly,0.044500000000000005,0.0056847749882177985,0.10383333333333333,0.004102167448773605,0.076,0.001341640786499874,0.08483333333333333,0.00392782099614758,0.10983333333333334,0.017386616819969447,0.04066666666666666,0.004737556801183965,0.12183333333333334,0.0034099527530125386,0.10983333333333334,0.017386616819969447,0.10983333333333334,0.017386616819969447
Gln + Gly,Bs,F+C,Gln,Gly,F,C,0.069,0.006613118276073198,F,0.0155,0.0016278820596099706,C,0.014499999999999999,0.0074732857566133515,0.03,0.03900000000000001,0.010111050060865753,Gln,Gly,0.044500000000000005,0.0056847749882177985,0.10383333333333333,0.004102167448773605,0.076,0.001341640786499874,0.08483333333333333,0.00392782099614758,0.10983333333333334,0.017386616819969447,0.04066666666666666,0.004737556801183965,0.12183333333333334,0.0034099527530125386,0.10983333333333334,0.017386616819969447,0.076,0.001341640786499874
Gln + Gly,Bs,M+C,Gln,Gly,M,C,0.059666666666666666,0.0029962940072325644,M,0.050666666666666665,0.003105550586360564,C,0.014499999999999999,0.0074732857566133515,0.06516666666666666,0.005,0.008629728977333079,Gln,Gly,0.044500000000000005,0.0056847749882177985,0.10383333333333333,0.004102167448773605,0.076,0.001341640786499874,0.08483333333333333,0.00392782099614758,0.10983333333333334,0.017386616819969447,0.04066666666666666,0.004737556801183965,0.12183333333333334,0.0034099527530125386,0.10983333333333334,0.017386616819969447,0.10383333333333333,0.004102167448773605
Gln + Gly,Bs,R+C,Gln,Gly,R,C,0.043666666666666666,0.0016261747890200626,R,0.008,0.0012110601416389967,C,0.014499999999999999,0.0074732857566133515,0.0225,0.021166666666666667,0.007743456018543084,Gln,Gly,0.044500000000000005,0.0056847749882177985,0.10383333333333333,0.004102167448773605,0.076,0.001341640786499874,0.08483333333333333,0.00392782099614758,0.10983333333333334,0.017386616819969447,0.04066666666666666,0.004737556801183965,0.12183333333333334,0.0034099527530125386,0.10983333333333334,0.017386616819969447,0.08483333333333333,0.00392782099614758
Gln + Gly,Bs,F+F,Gln,Gly,F,F,0.0155,0.0016278820596099706,F,0.0155,0.0016278820596099706,F,0.0155,0.0016278820596099706,0.031,0.005,0.002819574435974337,Gln,Gly,0.044500000000000005,0.0056847749882177985,0.10383333333333333,0.004102167448773605,0.076,0.001341640786499874,0.08483333333333333,0.00392782099614758,0.10983333333333334,0.017386616819969447,0.04066666666666666,0.004737556801183965,0.12183333333333334,0.0034099527530125386,0.076,0.001341640786499874,0.076,0.001341640786499874
Gln + Gly,Bs,M+F,Gln,Gly,M,F,0.07866666666666666,0.007897960355546093,M,0.050666666666666665,0.003105550586360564,F,0.0155,0.0016278820596099706,0.06616666666666667,0.012499999999999997,0.008641309057210153,Gln,Gly,0.044500000000000005,0.0056847749882177985,0.10383333333333333,0.004102167448773605,0.076,0.001341640786499874,0.08483333333333333,0.00392782099614758,0.10983333333333334,0.017386616819969447,0.04066666666666666,0.004737556801183965,0.12183333333333334,0.0034099527530125386,0.10383333333333333,0.004102167448773605,0.076,0.001341640786499874
Gln + Gly,Bs,C+L,Gln,Gly,C,L,0.0195,0.0063652703529910384,C,0.014499999999999999,0.0074732857566133515,L,0.005166666666666667,0.00016666666666666663,0.019666666666666666,0.005,0.009818067245870973,Gln,Gly,0.044500000000000005,0.0056847749882177985,0.10383333333333333,0.004102167448773605,0.076,0.001341640786499874,0.08483333333333333,0.00392782099614758,0.10983333333333334,0.017386616819969447,0.04066666666666666,0.004737556801183965,0.12183333333333334,0.0034099527530125386,0.12183333333333334,0.0034099527530125386,0.10983333333333334,0.017386616819969447
Gln + Gly,Bs,F+L,Gln,Gly,F,L,0.09749999999999999,0.005011653087222485,F,0.0155,0.0016278820596099706,L,0.005166666666666667,0.00016666666666666663,0.020666666666666667,0.07683333333333332,0.005272043668677683,Gln,Gly,0.044500000000000005,0.0056847749882177985,0.10383333333333333,0.004102167448773605,0.076,0.001341640786499874,0.08483333333333333,0.00392782099614758,0.10983333333333334,0.017386616819969447,0.04066666666666666,0.004737556801183965,0.12183333333333334,0.0034099527530125386,0.12183333333333334,0.0034099527530125386,0.076,0.001341640786499874
Gln + Gly,Bs,L+L,Gln,Gly,L,L,0.005166666666666667,0.00016666666666666663,L,0.005166666666666667,0.00016666666666666663,L,0.005166666666666667,0.00016666666666666663,0.010333333333333333,0.005,0.00028867513459481284,Gln,Gly,0.044500000000000005,0.0056847749882177985,0.10383333333333333,0.004102167448773605,0.076,0.001341640786499874,0.08483333333333333,0.00392782099614758,0.10983333333333334,0.017386616819969447,0.04066666666666666,0.004737556801183965,0.12183333333333334,0.0034099527530125386,0.12183333333333334,0.0034099527530125386,0.12183333333333334,0.0034099527530125386
Gln + Gly,Bs,M+L,Gln,Gly,M,L,0.12083333333333333,0.005924056418067306,M,0.050666666666666665,0.003105550586360564,L,0.005166666666666667,0.00016666666666666663,0.05583333333333333,0.065,0.0066907896893167,Gln,Gly,0.044500000000000005,0.0056847749882177985,0.10383333333333333,0.004102167448773605,0.076,0.001341640786499874,0.08483333333333333,0.00392782099614758,0.10983333333333334,0.017386616819969447,0.04066666666666666,0.004737556801183965,0.12183333333333334,0.0034099527530125386,0.12183333333333334,0.0034099527530125386,0.10383333333333333,0.004102167448773605
Gln + Gly,Bs,R+L,Gln,Gly,R,L,0.14266666666666666,0.008527081042837057,R,0.008,0.0012110601416389967,L,0.005166666666666667,0.00016666666666666663,0.013166666666666667,0.1295,0.008614264655532448,Gln,Gly,0.044500000000000005,0.0056847749882177985,0.10383333333333333,0.004102167448773605,0.076,0.001341640786499874,0.08483333333333333,0.00392782099614758,0.10983333333333334,0.017386616819969447,0.04066666666666666,0.004737556801183965,0.12183333333333334,0.0034099527530125386,0.12183333333333334,0.0034099527530125386,0.08483333333333333,0.00392782099614758
Gln + Gly,Bs,S+L,Gln,Gly,S,L,0.057166666666666664,0.007700288594880353,S,0.006166666666666667,0.0006540472290116194,L,0.005166666666666667,0.00016666666666666663,0.011333333333333334,0.04583333333333333,0.007729812416870153,Gln,Gly,0.044500000000000005,0.0056847749882177985,0.10383333333333333,0.004102167448773605,0.076,0.001341640786499874,0.08483333333333333,0.00392782099614758,0.10983333333333334,0.017386616819969447,0.04066666666666666,0.004737556801183965,0.12183333333333334,0.0034099527530125386,0.12183333333333334,0.0034099527530125386,0.04066666666666666,0.004737556801183965
Gln + Gly,Bs,M+M,Gln,Gly,M,M,0.050666666666666665,0.003105550586360564,M,0.050666666666666665,0.003105550586360564,M,0.050666666666666665,0.003105550586360564,0.10133333333333333,0.005,0.005378971401051816,Gln,Gly,0.044500000000000005,0.0056847749882177985,0.10383333333333333,0.004102167448773605,0.076,0.001341640786499874,0.08483333333333333,0.00392782099614758,0.10983333333333334,0.017386616819969447,0.04066666666666666,0.004737556801183965,0.12183333333333334,0.0034099527530125386,0.10383333333333333,0.004102167448773605,0.10383333333333333,0.004102167448773605
Gln + Gly,Bs,F+R,Gln,Gly,F,R,0.12183333333333334,0.011085776673036691,F,0.0155,0.0016278820596099706,R,0.008,0.0012110601416389967,0.0235,0.09833333333333333,0.011269920634641183,Gln,Gly,0.044500000000000005,0.0056847749882177985,0.10383333333333333,0.004102167448773605,0.076,0.001341640786499874,0.08483333333333333,0.00392782099614758,0.10983333333333334,0.017386616819969447,0.04066666666666666,0.004737556801183965,0.12183333333333334,0.0034099527530125386,0.08483333333333333,0.00392782099614758,0.076,0.001341640786499874
Gln + Gly,Bs,M+R,Gln,Gly,M,R,0.13849999999999998,0.026469794105734933,M,0.050666666666666665,0.003105550586360564,R,0.008,0.0012110601416389967,0.058666666666666666,0.07983333333333331,0.026678851382904604,Gln,Gly,0.044500000000000005,0.0056847749882177985,0.10383333333333333,0.004102167448773605,0.076,0.001341640786499874,0.08483333333333333,0.00392782099614758,0.10983333333333334,0.017386616819969447,0.04066666666666666,0.004737556801183965,0.12183333333333334,0.0034099527530125386,0.10383333333333333,0.004102167448773605,0.08483333333333333,0.00392782099614758
Gln + Gly,Bs,R+R,Gln,Gly,R,R,0.008,0.0012110601416389967,R,0.008,0.0012110601416389967,R,0.008,0.0012110601416389967,0.016,0.005,0.002097617696340303,Gln,Gly,0.044500000000000005,0.0056847749882177985,0.10383333333333333,0.004102167448773605,0.076,0.001341640786499874,0.08483333333333333,0.00392782099614758,0.10983333333333334,0.017386616819969447,0.04066666666666666,0.004737556801183965,0.12183333333333334,0.0034099527530125386,0.08483333333333333,0.00392782099614758,0.08483333333333333,0.00392782099614758
Gln + Gly,Bs,C+S,Gln,Gly,C,S,0.020166666666666666,0.004300516764813788,C,0.014499999999999999,0.0074732857566133515,S,0.006166666666666667,0.0006540472290116194,0.020666666666666667,0.005,0.00864709328168849,Gln,Gly,0.044500000000000005,0.0056847749882177985,0.10383333333333333,0.004102167448773605,0.076,0.001341640786499874,0.08483333333333333,0.00392782099614758,0.10983333333333334,0.017386616819969447,0.04066666666666666,0.004737556801183965,0.12183333333333334,0.0034099527530125386,0.10983333333333334,0.017386616819969447,0.04066666666666666,0.004737556801183965
Gln + Gly,Bs,F+S,Gln,Gly,F,S,0.07766666666666668,0.0027888667551135855,F,0.0155,0.0016278820596099706,S,0.006166666666666667,0.0006540472290116194,0.021666666666666667,0.05600000000000001,0.003294777011507085,Gln,Gly,0.044500000000000005,0.0056847749882177985,0.10383333333333333,0.004102167448773605,0.076,0.001341640786499874,0.08483333333333333,0.00392782099614758,0.10983333333333334,0.017386616819969447,0.04066666666666666,0.004737556801183965,0.12183333333333334,0.0034099527530125386,0.076,0.001341640786499874,0.04066666666666666,0.004737556801183965
Gln + Gly,Bs,M+S,Gln,Gly,M,S,0.066,0.00360555127546399,M,0.050666666666666665,0.003105550586360564,S,0.006166666666666667,0.0006540472290116194,0.05683333333333333,0.00916666666666667,0.0048033553087630555,Gln,Gly,0.044500000000000005,0.0056847749882177985,0.10383333333333333,0.004102167448773605,0.076,0.001341640786499874,0.08483333333333333,0.00392782099614758,0.10983333333333334,0.017386616819969447,0.04066666666666666,0.004737556801183965,0.12183333333333334,0.0034099527530125386,0.10383333333333333,0.004102167448773605,0.04066666666666666,0.004737556801183965
Gln + Gly,Bs,R+S,Gln,Gly,R,S,0.0655,0.003730504880933233,R,0.008,0.0012110601416389967,S,0.006166666666666667,0.0006540472290116194,0.014166666666666668,0.051333333333333335,0.0039763187889191075,Gln,Gly,0.044500000000000005,0.0056847749882177985,0.10383333333333333,0.004102167448773605,0.076,0.001341640786499874,0.08483333333333333,0.00392782099614758,0.10983333333333334,0.017386616819969447,0.04066666666666666,0.004737556801183965,0.12183333333333334,0.0034099527530125386,0.08483333333333333,0.00392782099614758,0.04066666666666666,0.004737556801183965
Gln + Gly,Bs,S+S,Gln,Gly,S,S,0.006166666666666667,0.0006540472290116194,S,0.006166666666666667,0.0006540472290116194,S,0.006166666666666667,0.0006540472290116194,0.012333333333333333,0.005,0.0011328430311977617,Gln,Gly,0.044500000000000005,0.0056847749882177985,0.10383333333333333,0.004102167448773605,0.076,0.001341640786499874,0.08483333333333333,0.00392782099614758,0.10983333333333334,0.017386616819969447,0.04066666666666666,0.004737556801183965,0.12183333333333334,0.0034099527530125386,0.04066666666666666,0.004737556801183965,0.04066666666666666,0.004737556801183965
Gln + Gly,Bs,WT+WT,Gln,Gly,WT,WT,0.044500000000000005,0.0056847749882177985,,,,,,,,0.044500000000000005,0.0,Gln,Gly,0.044500000000000005,0.0056847749882177985,0.10383333333333333,0.004102167448773605,0.076,0.001341640786499874,0.08483333333333333,0.00392782099614758,0.10983333333333334,0.017386616819969447,0.04066666666666666,0.004737556801183965,0.12183333333333334,0.0034099527530125386,0.044500000000000005,0.0056847749882177985,0.044500000000000005,0.0056847749882177985
Gln + Gly,Ec,C+C,Gln,Gly,C,C,0.005,0.0,C,0.005,0.0,C,0.005,0.0,0.01,0.005,0.0,Gln,Gly,0.325,0.017557524502806954,0.23716666666666666,0.01698316159546796,0.27,0.018393839548428523,0.217,0.011885565475258916,0.12533333333333332,0.002703906638756435,0.17783333333333332,0.04815559272930935,0.20350000000000001,0.02746482599010353,0.12533333333333332,0.002703906638756435,0.12533333333333332,0.002703906638756435
Gln + Gly,Ec,F+C,Gln,Gly,F,C,0.04566666666666667,0.0020763215336529915,F,0.0365,0.010220078277586725,C,0.005,0.0,0.041499999999999995,0.005,0.010428859530701867,Gln,Gly,0.325,0.017557524502806954,0.23716666666666666,0.01698316159546796,0.27,0.018393839548428523,0.217,0.011885565475258916,0.12533333333333332,0.002703906638756435,0.17783333333333332,0.04815559272930935,0.20350000000000001,0.02746482599010353,0.27,0.018393839548428523,0.12533333333333332,0.002703906638756435
Gln + Gly,Ec,M+C,Gln,Gly,M,C,0.030166666666666665,0.0025088731423578282,M,0.03283333333333333,0.001492574211815873,C,0.005,0.0,0.03783333333333333,0.005,0.002919284539441508,Gln,Gly,0.325,0.017557524502806954,0.23716666666666666,0.01698316159546796,0.27,0.018393839548428523,0.217,0.011885565475258916,0.12533333333333332,0.002703906638756435,0.17783333333333332,0.04815559272930935,0.20350000000000001,0.02746482599010353,0.23716666666666666,0.01698316159546796,0.12533333333333332,0.002703906638756435
Gln + Gly,Ec,R+C,Gln,Gly,R,C,0.006666666666666667,0.00033333333333333327,R,0.005,0.0,C,0.005,0.0,0.01,0.005,0.00033333333333333327,Gln,Gly,0.325,0.017557524502806954,0.23716666666666666,0.01698316159546796,0.27,0.018393839548428523,0.217,0.011885565475258916,0.12533333333333332,0.002703906638756435,0.17783333333333332,0.04815559272930935,0.20350000000000001,0.02746482599010353,0.217,0.011885565475258916,0.12533333333333332,0.002703906638756435
Gln + Gly,Ec,F+F,Gln,Gly,F,F,0.0365,0.010220078277586725,F,0.0365,0.010220078277586725,F,0.0365,0.010220078277586725,0.073,0.005,0.01770169483411123,Gln,Gly,0.325,0.017557524502806954,0.23716666666666666,0.01698316159546796,0.27,0.018393839548428523,0.217,0.011885565475258916,0.12533333333333332,0.002703906638756435,0.17783333333333332,0.04815559272930935,0.20350000000000001,0.02746482599010353,0.27,0.018393839548428523,0.27,0.018393839548428523
Gln + Gly,Ec,M+F,Gln,Gly,M,F,0.19233333333333333,0.0535261099319243,M,0.03283333333333333,0.001492574211815873,F,0.0365,0.010220078277586725,0.06933333333333333,0.123,0.05451350495264657,Gln,Gly,0.325,0.017557524502806954,0.23716666666666666,0.01698316159546796,0.27,0.018393839548428523,0.217,0.011885565475258916,0.12533333333333332,0.002703906638756435,0.17783333333333332,0.04815559272930935,0.20350000000000001,0.02746482599010353,0.27,0.018393839548428523,0.23716666666666666,0.01698316159546796
Gln + Gly,Ec,C+L,Gln,Gly,C,L,0.005,0.0,C,0.005,0.0,L,0.005,0.0,0.01,0.005,0.0,Gln,Gly,0.325,0.017557524502806954,0.23716666666666666,0.01698316159546796,0.27,0.018393839548428523,0.217,0.011885565475258916,0.12533333333333332,0.002703906638756435,0.17783333333333332,0.04815559272930935,0.20350000000000001,0.02746482599010353,0.20350000000000001,0.02746482599010353,0.12533333333333332,0.002703906638756435
Gln + Gly,Ec,F+L,Gln,Gly,F,L,0.04083333333333333,0.005256213254594772,F,0.0365,0.010220078277586725,L,0.005,0.0,0.041499999999999995,0.005,0.011492509637924078,Gln,Gly,0.325,0.017557524502806954,0.23716666666666666,0.01698316159546796,0.27,0.018393839548428523,0.217,0.011885565475258916,0.12533333333333332,0.002703906638756435,0.17783333333333332,0.04815559272930935,0.20350000000000001,0.02746482599010353,0.27,0.018393839548428523,0.20350000000000001,0.02746482599010353
Gln + Gly,Ec,L+L,Gln,Gly,L,L,0.005,0.0,L,0.005,0.0,L,0.005,0.0,0.01,0.005,0.0,Gln,Gly,0.325,0.017557524502806954,0.23716666666666666,0.01698316159546796,0.27,0.018393839548428523,0.217,0.011885565475258916,0.12533333333333332,0.002703906638756435,0.17783333333333332,0.04815559272930935,0.20350000000000001,0.02746482599010353,0.20350000000000001,0.02746482599010353,0.20350000000000001,0.02746482599010353
Gln + Gly,Ec,M+L,Gln,Gly,M,L,0.0375,0.0017654083569153805,M,0.03283333333333333,0.001492574211815873,L,0.005,0.0,0.03783333333333333,0.005,0.0023118054512532922,Gln,Gly,0.325,0.017557524502806954,0.23716666666666666,0.01698316159546796,0.27,0.018393839548428523,0.217,0.011885565475258916,0.12533333333333332,0.002703906638756435,0.17783333333333332,0.04815559272930935,0.20350000000000001,0.02746482599010353,0.23716666666666666,0.01698316159546796,0.20350000000000001,0.02746482599010353
Gln + Gly,Ec,R+L,Gln,Gly,R,L,0.011500000000000002,0.0029410882339705484,R,0.005,0.0,L,0.005,0.0,0.01,0.005,0.0029410882339705484,Gln,Gly,0.325,0.017557524502806954,0.23716666666666666,0.01698316159546796,0.27,0.018393839548428523,0.217,0.011885565475258916,0.12533333333333332,0.002703906638756435,0.17783333333333332,0.04815559272930935,0.20350000000000001,0.02746482599010353,0.217,0.011885565475258916,0.20350000000000001,0.02746482599010353
Gln + Gly,Ec,S+L,Gln,Gly,S,L,0.005333333333333333,0.00021081851067789205,S,0.005,0.0,L,0.005,0.0,0.01,0.005,0.00021081851067789205,Gln,Gly,0.325,0.017557524502806954,0.23716666666666666,0.01698316159546796,0.27,0.018393839548428523,0.217,0.011885565475258916,0.12533333333333332,0.002703906638756435,0.17783333333333332,0.04815559272930935,0.20350000000000001,0.02746482599010353,0.20350000000000001,0.02746482599010353,0.17783333333333332,0.04815559272930935
Gln + Gly,Ec,M+M,Gln,Gly,M,M,0.03283333333333333,0.001492574211815873,M,0.03283333333333333,0.001492574211815873,M,0.03283333333333333,0.001492574211815873,0.06566666666666666,0.005,0.002585214368932163,Gln,Gly,0.325,0.017557524502806954,0.23716666666666666,0.01698316159546796,0.27,0.018393839548428523,0.217,0.011885565475258916,0.12533333333333332,0.002703906638756435,0.17783333333333332,0.04815559272930935,0.20350000000000001,0.02746482599010353,0.23716666666666666,0.01698316159546796,0.23716666666666666,0.01698316159546796
Gln + Gly,Ec,F+R,Gln,Gly,F,R,0.06633333333333334,0.007868361399370971,F,0.0365,0.010220078277586725,R,0.005,0.0,0.041499999999999995,0.024833333333333346,0.012898104942630571,Gln,Gly,0.325,0.017557524502806954,0.23716666666666666,0.01698316159546796,0.27,0.018393839548428523,0.217,0.011885565475258916,0.12533333333333332,0.002703906638756435,0.17783333333333332,0.04815559272930935,0.20350000000000001,0.02746482599010353,0.27,0.018393839548428523,0.217,0.011885565475258916
Gln + Gly,Ec,M+R,Gln,Gly,M,R,0.10683333333333334,0.010839485432641374,M,0.03283333333333333,0.001492574211815873,R,0.005,0.0,0.03783333333333333,0.069,0.010941765041446573,Gln,Gly,0.325,0.017557524502806954,0.23716666666666666,0.01698316159546796,0.27,0.018393839548428523,0.217,0.011885565475258916,0.12533333333333332,0.002703906638756435,0.17783333333333332,0.04815559272930935,0.20350000000000001,0.02746482599010353,0.23716666666666666,0.01698316159546796,0.217,0.011885565475258916
Gln + Gly,Ec,R+R,Gln,Gly,R,R,0.005,0.0,R,0.005,0.0,R,0.005,0.0,0.01,0.005,0.0,Gln,Gly,0.325,0.017557524502806954,0.23716666666666666,0.01698316159546796,0.27,0.018393839548428523,0.217,0.011885565475258916,0.12533333333333332,0.002703906638756435,0.17783333333333332,0.04815559272930935,0.20350000000000001,0.02746482599010353,0.217,0.011885565475258916,0.217,0.011885565475258916
Gln + Gly,Ec,C+S,Gln,Gly,C,S,0.005,0.0,C,0.005,0.0,S,0.005,0.0,0.01,0.005,0.0,Gln,Gly,0.325,0.017557524502806954,0.23716666666666666,0.01698316159546796,0.27,0.018393839548428523,0.217,0.011885565475258916,0.12533333333333332,0.002703906638756435,0.17783333333333332,0.04815559272930935,0.20350000000000001,0.02746482599010353,0.17783333333333332,0.04815559272930935,0.12533333333333332,0.002703906638756435
Gln + Gly,Ec,F+S,Gln,Gly,F,S,0.0545,0.0069821200218844704,F,0.0365,0.010220078277586725,S,0.005,0.0,0.041499999999999995,0.013000000000000005,0.012377398757412643,Gln,Gly,0.325,0.017557524502806954,0.23716666666666666,0.01698316159546796,0.27,0.018393839548428523,0.217,0.011885565475258916,0.12533333333333332,0.002703906638756435,0.17783333333333332,0.04815559272930935,0.20350000000000001,0.02746482599010353,0.27,0.018393839548428523,0.17783333333333332,0.04815559272930935
Gln + Gly,Ec,M+S,Gln,Gly,M,S,0.035833333333333335,0.002212339134139349,M,0.03283333333333333,0.001492574211815873,S,0.005,0.0,0.03783333333333333,0.005,0.0026687491868330787,Gln,Gly,0.325,0.017557524502806954,0.23716666666666666,0.01698316159546796,0.27,0.018393839548428523,0.217,0.011885565475258916,0.12533333333333332,0.002703906638756435,0.17783333333333332,0.04815559272930935,0.20350000000000001,0.02746482599010353,0.23716666666666666,0.01698316159546796,0.17783333333333332,0.04815559272930935
Gln + Gly,Ec,R+S,Gln,Gly,R,S,0.010833333333333334,0.0011377365443917345,R,0.005,0.0,S,0.005,0.0,0.01,0.005,0.0011377365443917345,Gln,Gly,0.325,0.017557524502806954,0.23716666666666666,0.01698316159546796,0.27,0.018393839548428523,0.217,0.011885565475258916,0.12533333333333332,0.002703906638756435,0.17783333333333332,0.04815559272930935,0.20350000000000001,0.02746482599010353,0.217,0.011885565475258916,0.17783333333333332,0.04815559272930935
Gln + Gly,Ec,S+S,Gln,Gly,S,S,0.005,0.0,S,0.005,0.0,S,0.005,0.0,0.01,0.005,0.0,Gln,Gly,0.325,0.017557524502806954,0.23716666666666666,0.01698316159546796,0.27,0.018393839548428523,0.217,0.011885565475258916,0.12533333333333332,0.002703906638756435,0.17783333333333332,0.04815559272930935,0.20350000000000001,0.02746482599010353,0.17783333333333332,0.04815559272930935,0.17783333333333332,0.04815559272930935
Gln + Gly,Ec,WT+WT,Gln,Gly,WT,WT,0.325,0.017557524502806954,,,,,,,,0.325,0.0,Gln,Gly,0.325,0.017557524502806954,0.23716666666666666,0.01698316159546796,0.27,0.018393839548428523,0.217,0.011885565475258916,0.12533333333333332,0.002703906638756435,0.17783333333333332,0.04815559272930935,0.20350000000000001,0.02746482599010353,0.325,0.017557524502806954,0.325,0.017557524502806954
Gln + NoC,Bs,C+C,Gln,NoC,C,C,0.009166666666666667,0.001701306687356646,C,0.009166666666666667,0.001701306687356646,C,0.009166666666666667,0.001701306687356646,0.018333333333333333,0.005,0.00294674962175841,Gln,NoC,0.1585,0.026513832867643514,0.13183333333333333,0.013678247126165123,0.08750000000000001,0.00480104155366312,0.08183333333333333,0.01956768878647768,0.07333333333333333,0.014784376137591256,0.05983333333333333,0.004277200538254483,0.13633333333333333,0.018211107721510092,0.07333333333333333,0.014784376137591256,0.07333333333333333,0.014784376137591256
Gln + NoC,Bs,F+C,Gln,NoC,F,C,0.06316666666666666,0.006457123542603505,F,0.045000000000000005,0.003966526608171604,C,0.009166666666666667,0.001701306687356646,0.05416666666666667,0.008999999999999994,0.0077667381970954975,Gln,NoC,0.1585,0.026513832867643514,0.13183333333333333,0.013678247126165123,0.08750000000000001,0.00480104155366312,0.08183333333333333,0.01956768878647768,0.07333333333333333,0.014784376137591256,0.05983333333333333,0.004277200538254483,0.13633333333333333,0.018211107721510092,0.08750000000000001,0.00480104155366312,0.07333333333333333,0.014784376137591256
Gln + NoC,Bs,M+C,Gln,NoC,M,C,0.11566666666666665,0.03950752389665094,M,0.052,0.004802776974487433,C,0.009166666666666667,0.001701306687356646,0.06116666666666666,0.05449999999999999,0.039834728009057074,Gln,NoC,0.1585,0.026513832867643514,0.13183333333333333,0.013678247126165123,0.08750000000000001,0.00480104155366312,0.08183333333333333,0.01956768878647768,0.07333333333333333,0.014784376137591256,0.05983333333333333,0.004277200538254483,0.13633333333333333,0.018211107721510092,0.13183333333333333,0.013678247126165123,0.07333333333333333,0.014784376137591256
Gln + NoC,Bs,R+C,Gln,NoC,R,C,0.10333333333333333,0.01716521029420975,R,0.0135,0.00197905701450632,C,0.009166666666666667,0.001701306687356646,0.02266666666666667,0.08066666666666666,0.01736247550194256,Gln,NoC,0.1585,0.026513832867643514,0.13183333333333333,0.013678247126165123,0.08750000000000001,0.00480104155366312,0.08183333333333333,0.01956768878647768,0.07333333333333333,0.014784376137591256,0.05983333333333333,0.004277200538254483,0.13633333333333333,0.018211107721510092,0.08183333333333333,0.01956768878647768,0.07333333333333333,0.014784376137591256
Gln + NoC,Bs,F+F,Gln,NoC,F,F,0.045000000000000005,0.003966526608171604,F,0.045000000000000005,0.003966526608171604,F,0.045000000000000005,0.003966526608171604,0.09000000000000001,0.005,0.006870225614927067,Gln,NoC,0.1585,0.026513832867643514,0.13183333333333333,0.013678247126165123,0.08750000000000001,0.00480104155366312,0.08183333333333333,0.01956768878647768,0.07333333333333333,0.014784376137591256,0.05983333333333333,0.004277200538254483,0.13633333333333333,0.018211107721510092,0.08750000000000001,0.00480104155366312,0.08750000000000001,0.00480104155366312
Gln + NoC,Bs,M+F,Gln,NoC,M,F,0.13583333333333333,0.014700151170802443,M,0.052,0.004802776974487433,F,0.045000000000000005,0.003966526608171604,0.097,0.03883333333333333,0.015965414007924894,Gln,NoC,0.1585,0.026513832867643514,0.13183333333333333,0.013678247126165123,0.08750000000000001,0.00480104155366312,0.08183333333333333,0.01956768878647768,0.07333333333333333,0.014784376137591256,0.05983333333333333,0.004277200538254483,0.13633333333333333,0.018211107721510092,0.13183333333333333,0.013678247126165123,0.08750000000000001,0.00480104155366312
Gln + NoC,Bs,C+L,Gln,NoC,C,L,0.023333333333333334,0.001994436706886879,C,0.009166666666666667,0.001701306687356646,L,0.007833333333333333,0.0009457507306074071,0.017,0.006333333333333333,0.002786873995477131,Gln,NoC,0.1585,0.026513832867643514,0.13183333333333333,0.013678247126165123,0.08750000000000001,0.00480104155366312,0.08183333333333333,0.01956768878647768,0.07333333333333333,0.014784376137591256,0.05983333333333333,0.004277200538254483,0.13633333333333333,0.018211107721510092,0.13633333333333333,0.018211107721510092,0.07333333333333333,0.014784376137591256
Gln + NoC,Bs,F+L,Gln,NoC,F,L,0.08,0.010395511852076678,F,0.045000000000000005,0.003966526608171604,L,0.007833333333333333,0.0009457507306074071,0.052833333333333336,0.027166666666666665,0.011166666666666668,Gln,NoC,0.1585,0.026513832867643514,0.13183333333333333,0.013678247126165123,0.08750000000000001,0.00480104155366312,0.08183333333333333,0.01956768878647768,0.07333333333333333,0.014784376137591256,0.05983333333333333,0.004277200538254483,0.13633333333333333,0.018211107721510092,0.13633333333333333,0.018211107721510092,0.08750000000000001,0.00480104155366312
Gln + NoC,Bs,L+L,Gln,NoC,L,L,0.007833333333333333,0.0009457507306074071,L,0.007833333333333333,0.0009457507306074071,L,0.007833333333333333,0.0009457507306074071,0.015666666666666666,0.005,0.0016380883167074153,Gln,NoC,0.1585,0.026513832867643514,0.13183333333333333,0.013678247126165123,0.08750000000000001,0.00480104155366312,0.08183333333333333,0.01956768878647768,0.07333333333333333,0.014784376137591256,0.05983333333333333,0.004277200538254483,0.13633333333333333,0.018211107721510092,0.13633333333333333,0.018211107721510092,0.13633333333333333,0.018211107721510092
Gln + NoC,Bs,M+L,Gln,NoC,M,L,0.11716666666666666,0.011597173985262292,M,0.052,0.004802776974487433,L,0.007833333333333333,0.0009457507306074071,0.05983333333333333,0.057333333333333326,0.012587913073879863,Gln,NoC,0.1585,0.026513832867643514,0.13183333333333333,0.013678247126165123,0.08750000000000001,0.00480104155366312,0.08183333333333333,0.01956768878647768,0.07333333333333333,0.014784376137591256,0.05983333333333333,0.004277200538254483,0.13633333333333333,0.018211107721510092,0.13633333333333333,0.018211107721510092,0.13183333333333333,0.013678247126165123
Gln + NoC,Bs,R+L,Gln,NoC,R,L,0.09799999999999999,0.004501851470969103,R,0.0135,0.00197905701450632,L,0.007833333333333333,0.0009457507306074071,0.021333333333333333,0.07666666666666666,0.005007771737786957,Gln,NoC,0.1585,0.026513832867643514,0.13183333333333333,0.013678247126165123,0.08750000000000001,0.00480104155366312,0.08183333333333333,0.01956768878647768,0.07333333333333333,0.014784376137591256,0.05983333333333333,0.004277200538254483,0.13633333333333333,0.018211107721510092,0.13633333333333333,0.018211107721510092,0.08183333333333333,0.01956768878647768
Gln + NoC,Bs,S+L,Gln,NoC,S,L,0.07166666666666667,0.009607867146828744,S,0.015333333333333332,0.002894439112812321,L,0.007833333333333333,0.0009457507306074071,0.023166666666666665,0.0485,0.01007885575516057,Gln,NoC,0.1585,0.026513832867643514,0.13183333333333333,0.013678247126165123,0.08750000000000001,0.00480104155366312,0.08183333333333333,0.01956768878647768,0.07333333333333333,0.014784376137591256,0.05983333333333333,0.004277200538254483,0.13633333333333333,0.018211107721510092,0.13633333333333333,0.018211107721510092,0.05983333333333333,0.004277200538254483
Gln + NoC,Bs,M+M,Gln,NoC,M,M,0.052,0.004802776974487433,M,0.052,0.004802776974487433,M,0.052,0.004802776974487433,0.104,0.005,0.008318653737234168,Gln,NoC,0.1585,0.026513832867643514,0.13183333333333333,0.013678247126165123,0.08750000000000001,0.00480104155366312,0.08183333333333333,0.01956768878647768,0.07333333333333333,0.014784376137591256,0.05983333333333333,0.004277200538254483,0.13633333333333333,0.018211107721510092,0.13183333333333333,0.013678247126165123,0.13183333333333333,0.013678247126165123
Gln + NoC,Bs,F+R,Gln,NoC,F,R,0.09483333333333334,0.005467581224311575,F,0.045000000000000005,0.003966526608171604,R,0.0135,0.00197905701450632,0.0585,0.036333333333333336,0.007038781460199235,Gln,NoC,0.1585,0.026513832867643514,0.13183333333333333,0.013678247126165123,0.08750000000000001,0.00480104155366312,0.08183333333333333,0.01956768878647768,0.07333333333333333,0.014784376137591256,0.05983333333333333,0.004277200538254483,0.13633333333333333,0.018211107721510092,0.08750000000000001,0.00480104155366312,0.08183333333333333,0.01956768878647768
Gln + NoC,Bs,M+R,Gln,NoC,M,R,0.18999999999999997,0.05237302104455435,M,0.052,0.004802776974487433,R,0.0135,0.00197905701450632,0.0655,0.12449999999999997,0.05262999778326678,Gln,NoC,0.1585,0.026513832867643514,0.13183333333333333,0.013678247126165123,0.08750000000000001,0.00480104155366312,0.08183333333333333,0.01956768878647768,0.07333333333333333,0.014784376137591256,0.05983333333333333,0.004277200538254483,0.13633333333333333,0.018211107721510092,0.13183333333333333,0.013678247126165123,0.08183333333333333,0.01956768878647768
Gln + NoC,Bs,R+R,Gln,NoC,R,R,0.0135,0.00197905701450632,R,0.0135,0.00197905701450632,R,0.0135,0.00197905701450632,0.027,0.005,0.003427827300200523,Gln,NoC,0.1585,0.026513832867643514,0.13183333333333333,0.013678247126165123,0.08750000000000001,0.00480104155366312,0.08183333333333333,0.01956768878647768,0.07333333333333333,0.014784376137591256,0.05983333333333333,0.004277200538254483,0.13633333333333333,0.018211107721510092,0.08183333333333333,0.01956768878647768,0.08183333333333333,0.01956768878647768
Gln + NoC,Bs,C+S,Gln,NoC,C,S,0.051166666666666666,0.00485397889479457,C,0.009166666666666667,0.001701306687356646,S,0.015333333333333332,0.002894439112812321,0.0245,0.026666666666666665,0.0059019770698752584,Gln,NoC,0.1585,0.026513832867643514,0.13183333333333333,0.013678247126165123,0.08750000000000001,0.00480104155366312,0.08183333333333333,0.01956768878647768,0.07333333333333333,0.014784376137591256,0.05983333333333333,0.004277200538254483,0.13633333333333333,0.018211107721510092,0.07333333333333333,0.014784376137591256,0.05983333333333333,0.004277200538254483
Gln + NoC,Bs,F+S,Gln,NoC,F,S,0.09266666666666667,0.0068588952787197776,F,0.045000000000000005,0.003966526608171604,S,0.015333333333333332,0.002894439112812321,0.060333333333333336,0.03233333333333334,0.008435375246872871,Gln,NoC,0.1585,0.026513832867643514,0.13183333333333333,0.013678247126165123,0.08750000000000001,0.00480104155366312,0.08183333333333333,0.01956768878647768,0.07333333333333333,0.014784376137591256,0.05983333333333333,0.004277200538254483,0.13633333333333333,0.018211107721510092,0.08750000000000001,0.00480104155366312,0.05983333333333333,0.004277200538254483
Gln + NoC,Bs,M+S,Gln,NoC,M,S,0.08066666666666666,0.007838650677536564,M,0.052,0.004802776974487433,S,0.015333333333333332,0.002894439112812321,0.06733333333333333,0.013333333333333336,0.009637888196533974,Gln,NoC,0.1585,0.026513832867643514,0.13183333333333333,0.013678247126165123,0.08750000000000001,0.00480104155366312,0.08183333333333333,0.01956768878647768,0.07333333333333333,0.014784376137591256,0.05983333333333333,0.004277200538254483,0.13633333333333333,0.018211107721510092,0.13183333333333333,0.013678247126165123,0.05983333333333333,0.004277200538254483
Gln + NoC,Bs,R+S,Gln,NoC,R,S,0.08333333333333333,0.008212456663169944,R,0.0135,0.00197905701450632,S,0.015333333333333332,0.002894439112812321,0.028833333333333332,0.05449999999999999,0.008929663425285908,Gln,NoC,0.1585,0.026513832867643514,0.13183333333333333,0.013678247126165123,0.08750000000000001,0.00480104155366312,0.08183333333333333,0.01956768878647768,0.07333333333333333,0.014784376137591256,0.05983333333333333,0.004277200538254483,0.13633333333333333,0.018211107721510092,0.08183333333333333,0.01956768878647768,0.05983333333333333,0.004277200538254483
Gln + NoC,Bs,S+S,Gln,NoC,S,S,0.015333333333333332,0.002894439112812321,S,0.015333333333333332,0.002894439112812321,S,0.015333333333333332,0.002894439112812321,0.030666666666666665,0.005,0.005013315602805526,Gln,NoC,0.1585,0.026513832867643514,0.13183333333333333,0.013678247126165123,0.08750000000000001,0.00480104155366312,0.08183333333333333,0.01956768878647768,0.07333333333333333,0.014784376137591256,0.05983333333333333,0.004277200538254483,0.13633333333333333,0.018211107721510092,0.05983333333333333,0.004277200538254483,0.05983333333333333,0.004277200538254483
Gln + NoC,Bs,WT+WT,Gln,NoC,WT,WT,0.1585,0.026513832867643514,,,,,,,,0.1585,0.0,Gln,NoC,0.1585,0.026513832867643514,0.13183333333333333,0.013678247126165123,0.08750000000000001,0.00480104155366312,0.08183333333333333,0.01956768878647768,0.07333333333333333,0.014784376137591256,0.05983333333333333,0.004277200538254483,0.13633333333333333,0.018211107721510092,0.1585,0.026513832867643514,0.1585,0.026513832867643514
Gln + NoC,Ec,C+C,Gln,NoC,C,C,0.005,0.0,C,0.005,0.0,C,0.005,0.0,0.01,0.005,0.0,Gln,NoC,0.08,0.01120714058089752,0.076,0.0042972859651955525,0.07883333333333332,0.006579851399875564,0.0695,0.009182410721954595,0.06266666666666666,0.0014298407059684824,0.04933333333333333,0.0008432740427115683,0.0685,0.00339362146779317,0.06266666666666666,0.0014298407059684824,0.06266666666666666,0.0014298407059684824
Gln + NoC,Ec,F+C,Gln,NoC,F,C,0.0535,0.0021717888172349225,F,0.026166666666666668,0.00402837160373491,C,0.005,0.0,0.03116666666666667,0.02233333333333333,0.004576510072581993,Gln,NoC,0.08,0.01120714058089752,0.076,0.0042972859651955525,0.07883333333333332,0.006579851399875564,0.0695,0.009182410721954595,0.06266666666666666,0.0014298407059684824,0.04933333333333333,0.0008432740427115683,0.0685,0.00339362146779317,0.07883333333333332,0.006579851399875564,0.06266666666666666,0.0014298407059684824
Gln + NoC,Ec,M+C,Gln,NoC,M,C,0.05783333333333333,0.0007490735018081407,M,0.048499999999999995,0.0030193818351885652,C,0.005,0.0,0.05349999999999999,0.005,0.0031109126920853595,Gln,NoC,0.08,0.01120714058089752,0.076,0.0042972859651955525,0.07883333333333332,0.006579851399875564,0.0695,0.009182410721954595,0.06266666666666666,0.0014298407059684824,0.04933333333333333,0.0008432740427115683,0.0685,0.00339362146779317,0.076,0.0042972859651955525,0.06266666666666666,0.0014298407059684824
Gln + NoC,Ec,R+C,Gln,NoC,R,C,0.018333333333333333,0.002060204952048326,R,0.005,0.0,C,0.005,0.0,0.01,0.008333333333333333,0.002060204952048326,Gln,NoC,0.08,0.01120714058089752,0.076,0.0042972859651955525,0.07883333333333332,0.006579851399875564,0.0695,0.009182410721954595,0.06266666666666666,0.0014298407059684824,0.04933333333333333,0.0008432740427115683,0.0685,0.00339362146779317,0.0695,0.009182410721954595,0.06266666666666666,0.0014298407059684824
Gln + NoC,Ec,F+F,Gln,NoC,F,F,0.026166666666666668,0.00402837160373491,F,0.026166666666666668,0.00402837160373491,F,0.026166666666666668,0.00402837160373491,0.052333333333333336,0.005,0.006977344289436584,Gln,NoC,0.08,0.01120714058089752,0.076,0.0042972859651955525,0.07883333333333332,0.006579851399875564,0.0695,0.009182410721954595,0.06266666666666666,0.0014298407059684824,0.04933333333333333,0.0008432740427115683,0.0685,0.00339362146779317,0.07883333333333332,0.006579851399875564,0.07883333333333332,0.006579851399875564
Gln + NoC,Ec,M+F,Gln,NoC,M,F,0.04833333333333334,0.013725078425195894,M,0.048499999999999995,0.0030193818351885652,F,0.026166666666666668,0.00402837160373491,0.07466666666666666,0.005,0.01461924150639226,Gln,NoC,0.08,0.01120714058089752,0.076,0.0042972859651955525,0.07883333333333332,0.006579851399875564,0.0695,0.009182410721954595,0.06266666666666666,0.0014298407059684824,0.04933333333333333,0.0008432740427115683,0.0685,0.00339362146779317,0.07883333333333332,0.006579851399875564,0.076,0.0042972859651955525
Gln + NoC,Ec,C+L,Gln,NoC,C,L,0.009166666666666667,0.000792324288266981,C,0.005,0.0,L,0.005,0.0,0.01,0.005,0.000792324288266981,Gln,NoC,0.08,0.01120714058089752,0.076,0.0042972859651955525,0.07883333333333332,0.006579851399875564,0.0695,0.009182410721954595,0.06266666666666666,0.0014298407059684824,0.04933333333333333,0.0008432740427115683,0.0685,0.00339362146779317,0.0685,0.00339362146779317,0.06266666666666666,0.0014298407059684824
Gln + NoC,Ec,F+L,Gln,NoC,F,L,0.044333333333333336,0.0027406406388125948,F,0.026166666666666668,0.00402837160373491,L,0.005,0.0,0.03116666666666667,0.013166666666666667,0.004872257063096002,Gln,NoC,0.08,0.01120714058089752,0.076,0.0042972859651955525,0.07883333333333332,0.006579851399875564,0.0695,0.009182410721954595,0.06266666666666666,0.0014298407059684824,0.04933333333333333,0.0008432740427115683,0.0685,0.00339362146779317,0.07883333333333332,0.006579851399875564,0.0685,0.00339362146779317
Gln + NoC,Ec,L+L,Gln,NoC,L,L,0.005,0.0,L,0.005,0.0,L,0.005,0.0,0.01,0.005,0.0,Gln,NoC,0.08,0.01120714058089752,0.076,0.0042972859651955525,0.07883333333333332,0.006579851399875564,0.0695,0.009182410721954595,0.06266666666666666,0.0014298407059684824,0.04933333333333333,0.0008432740427115683,0.0685,0.00339362146779317,0.0685,0.00339362146779317,0.0685,0.00339362146779317
Gln + NoC,Ec,M+L,Gln,NoC,M,L,0.051166666666666666,0.0018150604520082647,M,0.048499999999999995,0.0030193818351885652,L,0.005,0.0,0.05349999999999999,0.005,0.0035229406908307602,Gln,NoC,0.08,0.01120714058089752,0.076,0.0042972859651955525,0.07883333333333332,0.006579851399875564,0.0695,0.009182410721954595,0.06266666666666666,0.0014298407059684824,0.04933333333333333,0.0008432740427115683,0.0685,0.00339362146779317,0.076,0.0042972859651955525,0.0685,0.00339362146779317
Gln + NoC,Ec,R+L,Gln,NoC,R,L,0.010666666666666666,0.0023190036174568114,R,0.005,0.0,L,0.005,0.0,0.01,0.005,0.0023190036174568114,Gln,NoC,0.08,0.01120714058089752,0.076,0.0042972859651955525,0.07883333333333332,0.006579851399875564,0.0695,0.009182410721954595,0.06266666666666666,0.0014298407059684824,0.04933333333333333,0.0008432740427115683,0.0685,0.00339362146779317,0.0695,0.009182410721954595,0.0685,0.00339362146779317
Gln + NoC,Ec,S+L,Gln,NoC,S,L,0.005333333333333333,0.00021081851067789194,S,0.005,0.0,L,0.005,0.0,0.01,0.005,0.00021081851067789194,Gln,NoC,0.08,0.01120714058089752,0.076,0.0042972859651955525,0.07883333333333332,0.006579851399875564,0.0695,0.009182410721954595,0.06266666666666666,0.0014298407059684824,0.04933333333333333,0.0008432740427115683,0.0685,0.00339362146779317,0.0685,0.00339362146779317,0.04933333333333333,0.0008432740427115683
Gln + NoC,Ec,M+M,Gln,NoC,M,M,0.048499999999999995,0.0030193818351885652,M,0.048499999999999995,0.0030193818351885652,M,0.048499999999999995,0.0030193818351885652,0.09699999999999999,0.005,0.005229722745997154,Gln,NoC,0.08,0.01120714058089752,0.076,0.0042972859651955525,0.07883333333333332,0.006579851399875564,0.0695,0.009182410721954595,0.06266666666666666,0.0014298407059684824,0.04933333333333333,0.0008432740427115683,0.0685,0.00339362146779317,0.076,0.0042972859651955525,0.076,0.0042972859651955525
Gln + NoC,Ec,F+R,Gln,NoC,F,R,0.045500000000000006,0.0023769728648009433,F,0.026166666666666668,0.00402837160373491,R,0.005,0.0,0.03116666666666667,0.014333333333333337,0.004677368680976279,Gln,NoC,0.08,0.01120714058089752,0.076,0.0042972859651955525,0.07883333333333332,0.006579851399875564,0.0695,0.009182410721954595,0.06266666666666666,0.0014298407059684824,0.04933333333333333,0.0008432740427115683,0.0685,0.00339362146779317,0.07883333333333332,0.006579851399875564,0.0695,0.009182410721954595
Gln + NoC,Ec,M+R,Gln,NoC,M,R,0.06266666666666666,0.0013080944580232397,M,0.048499999999999995,0.0030193818351885652,R,0.005,0.0,0.05349999999999999,0.00916666666666667,0.003290558885322945,Gln,NoC,0.08,0.01120714058089752,0.076,0.0042972859651955525,0.07883333333333332,0.006579851399875564,0.0695,0.009182410721954595,0.06266666666666666,0.0014298407059684824,0.04933333333333333,0.0008432740427115683,0.0685,0.00339362146779317,0.076,0.0042972859651955525,0.0695,0.009182410721954595
Gln + NoC,Ec,R+R,Gln,NoC,R,R,0.005,0.0,R,0.005,0.0,R,0.005,0.0,0.01,0.005,0.0,Gln,NoC,0.08,0.01120714058089752,0.076,0.0042972859651955525,0.07883333333333332,0.006579851399875564,0.0695,0.009182410721954595,0.06266666666666666,0.0014298407059684824,0.04933333333333333,0.0008432740427115683,0.0685,0.00339362146779317,0.0695,0.009182410721954595,0.0695,0.009182410721954595
Gln + NoC,Ec,C+S,Gln,NoC,C,S,0.005166666666666667,0.00016666666666666663,C,0.005,0.0,S,0.005,0.0,0.01,0.005,0.00016666666666666663,Gln,NoC,0.08,0.01120714058089752,0.076,0.0042972859651955525,0.07883333333333332,0.006579851399875564,0.0695,0.009182410721954595,0.06266666666666666,0.0014298407059684824,0.04933333333333333,0.0008432740427115683,0.0685,0.00339362146779317,0.06266666666666666,0.0014298407059684824,0.04933333333333333,0.0008432740427115683
Gln + NoC,Ec,F+S,Gln,NoC,F,S,0.04925,0.003326033673912518,F,0.026166666666666668,0.00402837160373491,S,0.005,0.0,0.03116666666666667,0.018083333333333333,0.005224009741355559,Gln,NoC,0.08,0.01120714058089752,0.076,0.0042972859651955525,0.07883333333333332,0.006579851399875564,0.0695,0.009182410721954595,0.06266666666666666,0.0014298407059684824,0.04933333333333333,0.0008432740427115683,0.0685,0.00339362146779317,0.07883333333333332,0.006579851399875564,0.04933333333333333,0.0008432740427115683
Gln + NoC,Ec,M+S,Gln,NoC,M,S,0.06516666666666666,0.004174659001376972,M,0.048499999999999995,0.0030193818351885652,S,0.005,0.0,0.05349999999999999,0.011666666666666672,0.005152130088074683,Gln,NoC,0.08,0.01120714058089752,0.076,0.0042972859651955525,0.07883333333333332,0.006579851399875564,0.0695,0.009182410721954595,0.06266666666666666,0.0014298407059684824,0.04933333333333333,0.0008432740427115683,0.0685,0.00339362146779317,0.076,0.0042972859651955525,0.04933333333333333,0.0008432740427115683
Gln + NoC,Ec,R+S,Gln,NoC,R,S,0.018666666666666668,0.001406334873981932,R,0.005,0.0,S,0.005,0.0,0.01,0.008666666666666668,0.001406334873981932,Gln,NoC,0.08,0.01120714058089752,0.076,0.0042972859651955525,0.07883333333333332,0.006579851399875564,0.0695,0.009182410721954595,0.06266666666666666,0.0014298407059684824,0.04933333333333333,0.0008432740427115683,0.0685,0.00339362146779317,0.0695,0.009182410721954595,0.04933333333333333,0.0008432740427115683
Gln + NoC,Ec,S+S,Gln,NoC,S,S,0.005,0.0,S,0.005,0.0,S,0.005,0.0,0.01,0.005,0.0,Gln,NoC,0.08,0.01120714058089752,0.076,0.0042972859651955525,0.07883333333333332,0.006579851399875564,0.0695,0.009182410721954595,0.06266666666666666,0.0014298407059684824,0.04933333333333333,0.0008432740427115683,0.0685,0.00339362146779317,0.04933333333333333,0.0008432740427115683,0.04933333333333333,0.0008432740427115683
Gln + NoC,Ec,WT+WT,Gln,NoC,WT,WT,0.08,0.01120714058089752,,,,,,,,0.08,0.0,Gln,NoC,0.08,0.01120714058089752,0.076,0.0042972859651955525,0.07883333333333332,0.006579851399875564,0.0695,0.009182410721954595,0.06266666666666666,0.0014298407059684824,0.04933333333333333,0.0008432740427115683,0.0685,0.00339362146779317,0.08,0.01120714058089752,0.08,0.01120714058089752
Glut + Fum,Bs,C+C,Glut,Fum,C,C,0.0055000000000000005,0.0005,C,0.0055000000000000005,0.0005,C,0.0055000000000000005,0.0005,0.011000000000000001,0.005,0.0008660254037844387,Glut,Fum,0.09249999999999999,0.007693070475001081,0.10433333333333333,0.009820613241770824,0.06066666666666667,0.0053270796669261265,0.050166666666666665,0.0037542568431640964,0.06849999999999999,0.008678517538535406,0.09466666666666668,0.00260341655863555,0.12033333333333333,0.008928107924477116,0.06849999999999999,0.008678517538535406,0.06849999999999999,0.008678517538535406
Glut + Fum,Bs,F+C,Glut,Fum,F,C,0.0545,0.0029524001535473914,F,0.0355,0.0013844373104863453,C,0.0055000000000000005,0.0005,0.040999999999999995,0.013500000000000005,0.0032989897443510374,Glut,Fum,0.09249999999999999,0.007693070475001081,0.10433333333333333,0.009820613241770824,0.06066666666666667,0.0053270796669261265,0.050166666666666665,0.0037542568431640964,0.06849999999999999,0.008678517538535406,0.09466666666666668,0.00260341655863555,0.12033333333333333,0.008928107924477116,0.06849999999999999,0.008678517538535406,0.06066666666666667,0.0053270796669261265
Glut + Fum,Bs,M+C,Glut,Fum,M,C,0.05466666666666667,0.010965602785275618,M,0.006833333333333334,0.0012224747213928164,C,0.0055000000000000005,0.0005,0.012333333333333335,0.042333333333333334,0.011044858029367732,Glut,Fum,0.09249999999999999,0.007693070475001081,0.10433333333333333,0.009820613241770824,0.06066666666666667,0.0053270796669261265,0.050166666666666665,0.0037542568431640964,0.06849999999999999,0.008678517538535406,0.09466666666666668,0.00260341655863555,0.12033333333333333,0.008928107924477116,0.10433333333333333,0.009820613241770824,0.06849999999999999,0.008678517538535406
Glut + Fum,Bs,R+C,Glut,Fum,R,C,0.10616666666666667,0.029850088404856992,R,0.011500000000000002,0.001962141687034859,C,0.0055000000000000005,0.0005,0.017,0.08916666666666667,0.02991868609711626,Glut,Fum,0.09249999999999999,0.007693070475001081,0.10433333333333333,0.009820613241770824,0.06066666666666667,0.0053270796669261265,0.050166666666666665,0.0037542568431640964,0.06849999999999999,0.008678517538535406,0.09466666666666668,0.00260341655863555,0.12033333333333333,0.008928107924477116,0.06849999999999999,0.008678517538535406,0.050166666666666665,0.0037542568431640964
Glut + Fum,Bs,F+F,Glut,Fum,F,F,0.0355,0.0013844373104863453,F,0.0355,0.0013844373104863453,F,0.0355,0.0013844373104863453,0.071,0.005,0.0023979157616563587,Glut,Fum,0.09249999999999999,0.007693070475001081,0.10433333333333333,0.009820613241770824,0.06066666666666667,0.0053270796669261265,0.050166666666666665,0.0037542568431640964,0.06849999999999999,0.008678517538535406,0.09466666666666668,0.00260341655863555,0.12033333333333333,0.008928107924477116,0.06066666666666667,0.0053270796669261265,0.06066666666666667,0.0053270796669261265
Glut + Fum,Bs,M+F,Glut,Fum,M,F,0.0725,0.008265389686316469,M,0.006833333333333334,0.0012224747213928164,F,0.0355,0.0013844373104863453,0.042333333333333334,0.03016666666666666,0.008469225335163645,Glut,Fum,0.09249999999999999,0.007693070475001081,0.10433333333333333,0.009820613241770824,0.06066666666666667,0.0053270796669261265,0.050166666666666665,0.0037542568431640964,0.06849999999999999,0.008678517538535406,0.09466666666666668,0.00260341655863555,0.12033333333333333,0.008928107924477116,0.10433333333333333,0.009820613241770824,0.06066666666666667,0.0053270796669261265
Glut + Fum,Bs,C+L,Glut,Fum,C,L,0.011000000000000001,0.0028401877872187725,C,0.0055000000000000005,0.0005,L,0.0055000000000000005,0.00034156502553198657,0.011000000000000001,0.005,0.0029040202019499336,Glut,Fum,0.09249999999999999,0.007693070475001081,0.10433333333333333,0.009820613241770824,0.06066666666666667,0.0053270796669261265,0.050166666666666665,0.0037542568431640964,0.06849999999999999,0.008678517538535406,0.09466666666666668,0.00260341655863555,0.12033333333333333,0.008928107924477116,0.12033333333333333,0.008928107924477116,0.06849999999999999,0.008678517538535406
Glut + Fum,Bs,F+L,Glut,Fum,F,L,0.05466666666666667,0.006661664790259097,F,0.0355,0.0013844373104863453,L,0.0055000000000000005,0.00034156502553198657,0.040999999999999995,0.013666666666666674,0.006812570081188972,Glut,Fum,0.09249999999999999,0.007693070475001081,0.10433333333333333,0.009820613241770824,0.06066666666666667,0.0053270796669261265,0.050166666666666665,0.0037542568431640964,0.06849999999999999,0.008678517538535406,0.09466666666666668,0.00260341655863555,0.12033333333333333,0.008928107924477116,0.12033333333333333,0.008928107924477116,0.06066666666666667,0.0053270796669261265
Glut + Fum,Bs,L+L,Glut,Fum,L,L,0.0055000000000000005,0.00034156502553198657,L,0.0055000000000000005,0.00034156502553198657,L,0.0055000000000000005,0.00034156502553198657,0.011000000000000001,0.005,0.0005916079783099615,Glut,Fum,0.09249999999999999,0.007693070475001081,0.10433333333333333,0.009820613241770824,0.06066666666666667,0.0053270796669261265,0.050166666666666665,0.0037542568431640964,0.06849999999999999,0.008678517538535406,0.09466666666666668,0.00260341655863555,0.12033333333333333,0.008928107924477116,0.12033333333333333,0.008928107924477116,0.12033333333333333,0.008928107924477116
Glut + Fum,Bs,M+L,Glut,Fum,M,L,0.07966666666666666,0.005364492313143693,M,0.006833333333333334,0.0012224747213928164,L,0.0055000000000000005,0.00034156502553198657,0.012333333333333335,0.06733333333333333,0.005512611802847075,Glut,Fum,0.09249999999999999,0.007693070475001081,0.10433333333333333,0.009820613241770824,0.06066666666666667,0.0053270796669261265,0.050166666666666665,0.0037542568431640964,0.06849999999999999,0.008678517538535406,0.09466666666666668,0.00260341655863555,0.12033333333333333,0.008928107924477116,0.12033333333333333,0.008928107924477116,0.10433333333333333,0.009820613241770824
Glut + Fum,Bs,R+L,Glut,Fum,R,L,0.11133333333333334,0.005174724898753341,R,0.011500000000000002,0.001962141687034859,L,0.0055000000000000005,0.00034156502553198657,0.017,0.09433333333333334,0.005544767303002394,Glut,Fum,0.09249999999999999,0.007693070475001081,0.10433333333333333,0.009820613241770824,0.06066666666666667,0.0053270796669261265,0.050166666666666665,0.0037542568431640964,0.06849999999999999,0.008678517538535406,0.09466666666666668,0.00260341655863555,0.12033333333333333,0.008928107924477116,0.12033333333333333,0.008928107924477116,0.050166666666666665,0.0037542568431640964
Glut + Fum,Bs,S+L,Glut,Fum,S,L,0.03766666666666667,0.023159831125847567,S,0.006333333333333333,0.0008432740427115674,L,0.0055000000000000005,0.00034156502553198657,0.011833333333333335,0.025833333333333333,0.023177695216642133,Glut,Fum,0.09249999999999999,0.007693070475001081,0.10433333333333333,0.009820613241770824,0.06066666666666667,0.0053270796669261265,0.050166666666666665,0.0037542568431640964,0.06849999999999999,0.008678517538535406,0.09466666666666668,0.00260341655863555,0.12033333333333333,0.008928107924477116,0.12033333333333333,0.008928107924477116,0.09466666666666668,0.00260341655863555
Glut + Fum,Bs,M+M,Glut,Fum,M,M,0.006833333333333334,0.0012224747213928164,M,0.006833333333333334,0.0012224747213928164,M,0.006833333333333334,0.0012224747213928164,0.013666666666666667,0.005,0.0021173883284209658,Glut,Fum,0.09249999999999999,0.007693070475001081,0.10433333333333333,0.009820613241770824,0.06066666666666667,0.0053270796669261265,0.050166666666666665,0.0037542568431640964,0.06849999999999999,0.008678517538535406,0.09466666666666668,0.00260341655863555,0.12033333333333333,0.008928107924477116,0.10433333333333333,0.009820613241770824,0.10433333333333333,0.009820613241770824
Glut + Fum,Bs,F+R,Glut,Fum,F,R,0.08383333333333333,0.00467202073815793,F,0.0355,0.0013844373104863453,R,0.011500000000000002,0.001962141687034859,0.047,0.03683333333333333,0.005253041447051836,Glut,Fum,0.09249999999999999,0.007693070475001081,0.10433333333333333,0.009820613241770824,0.06066666666666667,0.0053270796669261265,0.050166666666666665,0.0037542568431640964,0.06849999999999999,0.008678517538535406,0.09466666666666668,0.00260341655863555,0.12033333333333333,0.008928107924477116,0.06066666666666667,0.0053270796669261265,0.050166666666666665,0.0037542568431640964
Glut + Fum,Bs,M+R,Glut,Fum,M,R,0.12666666666666668,0.023156952399753395,M,0.006833333333333334,0.0012224747213928164,R,0.011500000000000002,0.001962141687034859,0.018333333333333333,0.10833333333333334,0.0232720624115889,Glut,Fum,0.09249999999999999,0.007693070475001081,0.10433333333333333,0.009820613241770824,0.06066666666666667,0.0053270796669261265,0.050166666666666665,0.0037542568431640964,0.06849999999999999,0.008678517538535406,0.09466666666666668,0.00260341655863555,0.12033333333333333,0.008928107924477116,0.10433333333333333,0.009820613241770824,0.050166666666666665,0.0037542568431640964
Glut + Fum,Bs,R+R,Glut,Fum,R,R,0.011500000000000002,0.001962141687034859,R,0.011500000000000002,0.001962141687034859,R,0.011500000000000002,0.001962141687034859,0.023000000000000003,0.005,0.0033985290935932867,Glut,Fum,0.09249999999999999,0.007693070475001081,0.10433333333333333,0.009820613241770824,0.06066666666666667,0.0053270796669261265,0.050166666666666665,0.0037542568431640964,0.06849999999999999,0.008678517538535406,0.09466666666666668,0.00260341655863555,0.12033333333333333,0.008928107924477116,0.050166666666666665,0.0037542568431640964,0.050166666666666665,0.0037542568431640964
Glut + Fum,Bs,C+S,Glut,Fum,C,S,0.013666666666666667,0.0016465452046971298,C,0.0055000000000000005,0.0005,S,0.006333333333333333,0.0008432740427115674,0.011833333333333335,0.005,0.0019163043135739751,Glut,Fum,0.09249999999999999,0.007693070475001081,0.10433333333333333,0.009820613241770824,0.06066666666666667,0.0053270796669261265,0.050166666666666665,0.0037542568431640964,0.06849999999999999,0.008678517538535406,0.09466666666666668,0.00260341655863555,0.12033333333333333,0.008928107924477116,0.09466666666666668,0.00260341655863555,0.06849999999999999,0.008678517538535406
Glut + Fum,Bs,F+S,Glut,Fum,F,S,0.06466666666666666,0.005174724898753341,F,0.0355,0.0013844373104863453,S,0.006333333333333333,0.0008432740427115674,0.041833333333333333,0.02283333333333333,0.005422688959875493,Glut,Fum,0.09249999999999999,0.007693070475001081,0.10433333333333333,0.009820613241770824,0.06066666666666667,0.0053270796669261265,0.050166666666666665,0.0037542568431640964,0.06849999999999999,0.008678517538535406,0.09466666666666668,0.00260341655863555,0.12033333333333333,0.008928107924477116,0.09466666666666668,0.00260341655863555,0.06066666666666667,0.0053270796669261265
Glut + Fum,Bs,M+S,Glut,Fum,M,S,0.0735,0.005970762095411272,M,0.006833333333333334,0.0012224747213928164,S,0.006333333333333333,0.0008432740427115674,0.013166666666666667,0.06033333333333333,0.0061526868566143976,Glut,Fum,0.09249999999999999,0.007693070475001081,0.10433333333333333,0.009820613241770824,0.06066666666666667,0.0053270796669261265,0.050166666666666665,0.0037542568431640964,0.06849999999999999,0.008678517538535406,0.09466666666666668,0.00260341655863555,0.12033333333333333,0.008928107924477116,0.10433333333333333,0.009820613241770824,0.09466666666666668,0.00260341655863555
Glut + Fum,Bs,R+S,Glut,Fum,R,S,0.1115,0.01298909799280407,R,0.011500000000000002,0.001962141687034859,S,0.006333333333333333,0.0008432740427115674,0.017833333333333333,0.09366666666666668,0.013163501729318754,Glut,Fum,0.09249999999999999,0.007693070475001081,0.10433333333333333,0.009820613241770824,0.06066666666666667,0.0053270796669261265,0.050166666666666665,0.0037542568431640964,0.06849999999999999,0.008678517538535406,0.09466666666666668,0.00260341655863555,0.12033333333333333,0.008928107924477116,0.09466666666666668,0.00260341655863555,0.050166666666666665,0.0037542568431640964
Glut + Fum,Bs,S+S,Glut,Fum,S,S,0.006333333333333333,0.0008432740427115674,S,0.006333333333333333,0.0008432740427115674,S,0.006333333333333333,0.0008432740427115674,0.012666666666666666,0.005,0.0014605934866804423,Glut,Fum,0.09249999999999999,0.007693070475001081,0.10433333333333333,0.009820613241770824,0.06066666666666667,0.0053270796669261265,0.050166666666666665,0.0037542568431640964,0.06849999999999999,0.008678517538535406,0.09466666666666668,0.00260341655863555,0.12033333333333333,0.008928107924477116,0.09466666666666668,0.00260341655863555,0.09466666666666668,0.00260341655863555
Glut + Fum,Bs,WT+WT,Glut,Fum,WT,WT,0.09249999999999999,0.007693070475001081,,,,,,,,0.09249999999999999,0.0,Glut,Fum,0.09249999999999999,0.007693070475001081,0.10433333333333333,0.009820613241770824,0.06066666666666667,0.0053270796669261265,0.050166666666666665,0.0037542568431640964,0.06849999999999999,0.008678517538535406,0.09466666666666668,0.00260341655863555,0.12033333333333333,0.008928107924477116,0.09249999999999999,0.007693070475001081,0.09249999999999999,0.007693070475001081
Glut + Fum,Ec,C+C,Glut,Fum,C,C,0.005,0.0,C,0.005,0.0,C,0.005,0.0,0.01,0.005,0.0,Glut,Fum,0.5473333333333333,0.07045124397608446,0.4326666666666667,0.039395149165573386,0.4793333333333334,0.025993161493832257,0.26016666666666666,0.02473784774613813,0.057666666666666665,0.004055175020198815,0.06916666666666667,0.0028915585954829145,0.19816666666666669,0.029702319400642392,0.057666666666666665,0.004055175020198815,0.057666666666666665,0.004055175020198815
Glut + Fum,Ec,F+C,Glut,Fum,F,C,0.037,0.005537749241945383,F,0.017333333333333333,0.004807401700618653,C,0.005,0.0,0.022333333333333334,0.014666666666666665,0.007333333333333333,Glut,Fum,0.5473333333333333,0.07045124397608446,0.4326666666666667,0.039395149165573386,0.4793333333333334,0.025993161493832257,0.26016666666666666,0.02473784774613813,0.057666666666666665,0.004055175020198815,0.06916666666666667,0.0028915585954829145,0.19816666666666669,0.029702319400642392,0.4793333333333334,0.025993161493832257,0.057666666666666665,0.004055175020198815
Glut + Fum,Ec,M+C,Glut,Fum,M,C,0.005,0.0,M,0.005,0.0,C,0.005,0.0,0.01,0.005,0.0,Glut,Fum,0.5473333333333333,0.07045124397608446,0.4326666666666667,0.039395149165573386,0.4793333333333334,0.025993161493832257,0.26016666666666666,0.02473784774613813,0.057666666666666665,0.004055175020198815,0.06916666666666667,0.0028915585954829145,0.19816666666666669,0.029702319400642392,0.4326666666666667,0.039395149165573386,0.057666666666666665,0.004055175020198815
Glut + Fum,Ec,R+C,Glut,Fum,R,C,0.005,0.0,R,0.005,0.0,C,0.005,0.0,0.01,0.005,0.0,Glut,Fum,0.5473333333333333,0.07045124397608446,0.4326666666666667,0.039395149165573386,0.4793333333333334,0.025993161493832257,0.26016666666666666,0.02473784774613813,0.057666666666666665,0.004055175020198815,0.06916666666666667,0.0028915585954829145,0.19816666666666669,0.029702319400642392,0.26016666666666666,0.02473784774613813,0.057666666666666665,0.004055175020198815
Glut + Fum,Ec,F+F,Glut,Fum,F,F,0.017333333333333333,0.004807401700618653,F,0.017333333333333333,0.004807401700618653,F,0.017333333333333333,0.004807401700618653,0.034666666666666665,0.005,0.008326663997864532,Glut,Fum,0.5473333333333333,0.07045124397608446,0.4326666666666667,0.039395149165573386,0.4793333333333334,0.025993161493832257,0.26016666666666666,0.02473784774613813,0.057666666666666665,0.004055175020198815,0.06916666666666667,0.0028915585954829145,0.19816666666666669,0.029702319400642392,0.4793333333333334,0.025993161493832257,0.4793333333333334,0.025993161493832257
Glut + Fum,Ec,M+F,Glut,Fum,M,F,0.17066666666666666,0.03523129921595916,M,0.005,0.0,F,0.017333333333333333,0.004807401700618653,0.022333333333333334,0.14833333333333332,0.03555777770833768,Glut,Fum,0.5473333333333333,0.07045124397608446,0.4326666666666667,0.039395149165573386,0.4793333333333334,0.025993161493832257,0.26016666666666666,0.02473784774613813,0.057666666666666665,0.004055175020198815,0.06916666666666667,0.0028915585954829145,0.19816666666666669,0.029702319400642392,0.4793333333333334,0.025993161493832257,0.4326666666666667,0.039395149165573386
Glut + Fum,Ec,C+L,Glut,Fum,C,L,0.005,0.0,C,0.005,0.0,L,0.005,0.0,0.01,0.005,0.0,Glut,Fum,0.5473333333333333,0.07045124397608446,0.4326666666666667,0.039395149165573386,0.4793333333333334,0.025993161493832257,0.26016666666666666,0.02473784774613813,0.057666666666666665,0.004055175020198815,0.06916666666666667,0.0028915585954829145,0.19816666666666669,0.029702319400642392,0.19816666666666669,0.029702319400642392,0.057666666666666665,0.004055175020198815
Glut + Fum,Ec,F+L,Glut,Fum,F,L,0.037333333333333336,0.004673804065688296,F,0.017333333333333333,0.004807401700618653,L,0.005,0.0,0.022333333333333334,0.015000000000000003,0.006704890420846232,Glut,Fum,0.5473333333333333,0.07045124397608446,0.4326666666666667,0.039395149165573386,0.4793333333333334,0.025993161493832257,0.26016666666666666,0.02473784774613813,0.057666666666666665,0.004055175020198815,0.06916666666666667,0.0028915585954829145,0.19816666666666669,0.029702319400642392,0.4793333333333334,0.025993161493832257,0.19816666666666669,0.029702319400642392
Glut + Fum,Ec,L+L,Glut,Fum,L,L,0.005,0.0,L,0.005,0.0,L,0.005,0.0,0.01,0.005,0.0,Glut,Fum,0.5473333333333333,0.07045124397608446,0.4326666666666667,0.039395149165573386,0.4793333333333334,0.025993161493832257,0.26016666666666666,0.02473784774613813,0.057666666666666665,0.004055175020198815,0.06916666666666667,0.0028915585954829145,0.19816666666666669,0.029702319400642392,0.19816666666666669,0.029702319400642392,0.19816666666666669,0.029702319400642392
Glut + Fum,Ec,M+L,Glut,Fum,M,L,0.043166666666666666,0.0017207879332187077,M,0.005,0.0,L,0.005,0.0,0.01,0.033166666666666664,0.0017207879332187077,Glut,Fum,0.5473333333333333,0.07045124397608446,0.4326666666666667,0.039395149165573386,0.4793333333333334,0.025993161493832257,0.26016666666666666,0.02473784774613813,0.057666666666666665,0.004055175020198815,0.06916666666666667,0.0028915585954829145,0.19816666666666669,0.029702319400642392,0.4326666666666667,0.039395149165573386,0.19816666666666669,0.029702319400642392
Glut + Fum,Ec,R+L,Glut,Fum,R,L,0.005,0.0,R,0.005,0.0,L,0.005,0.0,0.01,0.005,0.0,Glut,Fum,0.5473333333333333,0.07045124397608446,0.4326666666666667,0.039395149165573386,0.4793333333333334,0.025993161493832257,0.26016666666666666,0.02473784774613813,0.057666666666666665,0.004055175020198815,0.06916666666666667,0.0028915585954829145,0.19816666666666669,0.029702319400642392,0.26016666666666666,0.02473784774613813,0.19816666666666669,0.029702319400642392
Glut + Fum,Ec,S+L,Glut,Fum,S,L,0.005,0.0,S,0.005,0.0,L,0.005,0.0,0.01,0.005,0.0,Glut,Fum,0.5473333333333333,0.07045124397608446,0.4326666666666667,0.039395149165573386,0.4793333333333334,0.025993161493832257,0.26016666666666666,0.02473784774613813,0.057666666666666665,0.004055175020198815,0.06916666666666667,0.0028915585954829145,0.19816666666666669,0.029702319400642392,0.19816666666666669,0.029702319400642392,0.06916666666666667,0.0028915585954829145
Glut + Fum,Ec,M+M,Glut,Fum,M,M,0.005,0.0,M,0.005,0.0,M,0.005,0.0,0.01,0.005,0.0,Glut,Fum,0.5473333333333333,0.07045124397608446,0.4326666666666667,0.039395149165573386,0.4793333333333334,0.025993161493832257,0.26016666666666666,0.02473784774613813,0.057666666666666665,0.004055175020198815,0.06916666666666667,0.0028915585954829145,0.19816666666666669,0.029702319400642392,0.4326666666666667,0.039395149165573386,0.4326666666666667,0.039395149165573386
Glut + Fum,Ec,F+R,Glut,Fum,F,R,0.04516666666666667,0.0021200104821543792,F,0.017333333333333333,0.004807401700618653,R,0.005,0.0,0.022333333333333334,0.022833333333333334,0.0052540989289844514,Glut,Fum,0.5473333333333333,0.07045124397608446,0.4326666666666667,0.039395149165573386,0.4793333333333334,0.025993161493832257,0.26016666666666666,0.02473784774613813,0.057666666666666665,0.004055175020198815,0.06916666666666667,0.0028915585954829145,0.19816666666666669,0.029702319400642392,0.4793333333333334,0.025993161493832257,0.26016666666666666,0.02473784774613813
Glut + Fum,Ec,M+R,Glut,Fum,M,R,0.06616666666666667,0.006503417904797788,M,0.005,0.0,R,0.005,0.0,0.01,0.05616666666666666,0.006503417904797788,Glut,Fum,0.5473333333333333,0.07045124397608446,0.4326666666666667,0.039395149165573386,0.4793333333333334,0.025993161493832257,0.26016666666666666,0.02473784774613813,0.057666666666666665,0.004055175020198815,0.06916666666666667,0.0028915585954829145,0.19816666666666669,0.029702319400642392,0.4326666666666667,0.039395149165573386,0.26016666666666666,0.02473784774613813
Glut + Fum,Ec,R+R,Glut,Fum,R,R,0.005,0.0,R,0.005,0.0,R,0.005,0.0,0.01,0.005,0.0,Glut,Fum,0.5473333333333333,0.07045124397608446,0.4326666666666667,0.039395149165573386,0.4793333333333334,0.025993161493832257,0.26016666666666666,0.02473784774613813,0.057666666666666665,0.004055175020198815,0.06916666666666667,0.0028915585954829145,0.19816666666666669,0.029702319400642392,0.26016666666666666,0.02473784774613813,0.26016666666666666,0.02473784774613813
Glut + Fum,Ec,C+S,Glut,Fum,C,S,0.005,0.0,C,0.005,0.0,S,0.005,0.0,0.01,0.005,0.0,Glut,Fum,0.5473333333333333,0.07045124397608446,0.4326666666666667,0.039395149165573386,0.4793333333333334,0.025993161493832257,0.26016666666666666,0.02473784774613813,0.057666666666666665,0.004055175020198815,0.06916666666666667,0.0028915585954829145,0.19816666666666669,0.029702319400642392,0.06916666666666667,0.0028915585954829145,0.057666666666666665,0.004055175020198815
Glut + Fum,Ec,F+S,Glut,Fum,F,S,0.04475,0.0011814539065631527,F,0.017333333333333333,0.004807401700618653,S,0.005,0.0,0.022333333333333334,0.022416666666666665,0.004950448913426383,Glut,Fum,0.5473333333333333,0.07045124397608446,0.4326666666666667,0.039395149165573386,0.4793333333333334,0.025993161493832257,0.26016666666666666,0.02473784774613813,0.057666666666666665,0.004055175020198815,0.06916666666666667,0.0028915585954829145,0.19816666666666669,0.029702319400642392,0.4793333333333334,0.025993161493832257,0.06916666666666667,0.0028915585954829145
Glut + Fum,Ec,M+S,Glut,Fum,M,S,0.021,0.003296462750686964,M,0.005,0.0,S,0.005,0.0,0.01,0.011000000000000001,0.003296462750686964,Glut,Fum,0.5473333333333333,0.07045124397608446,0.4326666666666667,0.039395149165573386,0.4793333333333334,0.025993161493832257,0.26016666666666666,0.02473784774613813,0.057666666666666665,0.004055175020198815,0.06916666666666667,0.0028915585954829145,0.19816666666666669,0.029702319400642392,0.4326666666666667,0.039395149165573386,0.06916666666666667,0.0028915585954829145
Glut + Fum,Ec,R+S,Glut,Fum,R,S,0.005,0.0,R,0.005,0.0,S,0.005,0.0,0.01,0.005,0.0,Glut,Fum,0.5473333333333333,0.07045124397608446,0.4326666666666667,0.039395149165573386,0.4793333333333334,0.025993161493832257,0.26016666666666666,0.02473784774613813,0.057666666666666665,0.004055175020198815,0.06916666666666667,0.0028915585954829145,0.19816666666666669,0.029702319400642392,0.26016666666666666,0.02473784774613813,0.06916666666666667,0.0028915585954829145
Glut + Fum,Ec,S+S,Glut,Fum,S,S,0.005,0.0,S,0.005,0.0,S,0.005,0.0,0.01,0.005,0.0,Glut,Fum,0.5473333333333333,0.07045124397608446,0.4326666666666667,0.039395149165573386,0.4793333333333334,0.025993161493832257,0.26016666666666666,0.02473784774613813,0.057666666666666665,0.004055175020198815,0.06916666666666667,0.0028915585954829145,0.19816666666666669,0.029702319400642392,0.06916666666666667,0.0028915585954829145,0.06916666666666667,0.0028915585954829145
Glut + Fum,Ec,WT+WT,Glut,Fum,WT,WT,0.5473333333333333,0.07045124397608446,,,,,,,,0.5473333333333333,0.0,Glut,Fum,0.5473333333333333,0.07045124397608446,0.4326666666666667,0.039395149165573386,0.4793333333333334,0.025993161493832257,0.26016666666666666,0.02473784774613813,0.057666666666666665,0.004055175020198815,0.06916666666666667,0.0028915585954829145,0.19816666666666669,0.029702319400642392,0.5473333333333333,0.07045124397608446,0.5473333333333333,0.07045124397608446
Glut + Gluc,Bs,C+C,Glut,Gluc,C,C,0.006666666666666667,0.0009888264649460883,C,0.006666666666666667,0.0009888264649460883,C,0.006666666666666667,0.0009888264649460883,0.013333333333333334,0.005,0.0017126976771553505,Glut,Gluc,0.27316666666666667,0.016813519692332246,0.33816666666666667,0.009495320484907874,0.159,0.015297058540778357,0.16466666666666666,0.022219610957690306,0.23450000000000001,0.019445222206667293,0.21283333333333335,0.02459460193710085,0.14883333333333335,0.01190354755711273,0.23450000000000001,0.019445222206667293,0.23450000000000001,0.019445222206667293
Glut + Gluc,Bs,F+C,Glut,Gluc,F,C,0.11066666666666668,0.005289402402708437,F,0.07116666666666667,0.0211587911858037,C,0.006666666666666667,0.0009888264649460883,0.07783333333333334,0.03283333333333334,0.021832315497903557,Glut,Gluc,0.27316666666666667,0.016813519692332246,0.33816666666666667,0.009495320484907874,0.159,0.015297058540778357,0.16466666666666666,0.022219610957690306,0.23450000000000001,0.019445222206667293,0.21283333333333335,0.02459460193710085,0.14883333333333335,0.01190354755711273,0.23450000000000001,0.019445222206667293,0.159,0.015297058540778357
Glut + Gluc,Bs,M+C,Glut,Gluc,M,C,0.10049999999999999,0.024505441572570497,M,0.009166666666666667,0.002495551597899306,C,0.006666666666666667,0.0009888264649460883,0.015833333333333335,0.08466666666666665,0.024652022680141723,Glut,Gluc,0.27316666666666667,0.016813519692332246,0.33816666666666667,0.009495320484907874,0.159,0.015297058540778357,0.16466666666666666,0.022219610957690306,0.23450000000000001,0.019445222206667293,0.21283333333333335,0.02459460193710085,0.14883333333333335,0.01190354755711273,0.33816666666666667,0.009495320484907874,0.23450000000000001,0.019445222206667293
Glut + Gluc,Bs,R+C,Glut,Gluc,R,C,0.23650000000000002,0.03781776478499665,R,0.01,0.0019493588689617927,C,0.006666666666666667,0.0009888264649460883,0.016666666666666666,0.21983333333333335,0.03788088054825429,Glut,Gluc,0.27316666666666667,0.016813519692332246,0.33816666666666667,0.009495320484907874,0.159,0.015297058540778357,0.16466666666666666,0.022219610957690306,0.23450000000000001,0.019445222206667293,0.21283333333333335,0.02459460193710085,0.14883333333333335,0.01190354755711273,0.23450000000000001,0.019445222206667293,0.16466666666666666,0.022219610957690306
Glut + Gluc,Bs,F+F,Glut,Gluc,F,F,0.07116666666666667,0.0211587911858037,F,0.07116666666666667,0.0211587911858037,F,0.07116666666666667,0.0211587911858037,0.14233333333333334,0.005,0.03664810136055254,Glut,Gluc,0.27316666666666667,0.016813519692332246,0.33816666666666667,0.009495320484907874,0.159,0.015297058540778357,0.16466666666666666,0.022219610957690306,0.23450000000000001,0.019445222206667293,0.21283333333333335,0.02459460193710085,0.14883333333333335,0.01190354755711273,0.159,0.015297058540778357,0.159,0.015297058540778357
Glut + Gluc,Bs,M+F,Glut,Gluc,M,F,0.17766666666666667,0.03523508352638194,M,0.009166666666666667,0.002495551597899306,F,0.07116666666666667,0.0211587911858037,0.08033333333333334,0.09733333333333333,0.0411756400476463,Glut,Gluc,0.27316666666666667,0.016813519692332246,0.33816666666666667,0.009495320484907874,0.159,0.015297058540778357,0.16466666666666666,0.022219610957690306,0.23450000000000001,0.019445222206667293,0.21283333333333335,0.02459460193710085,0.14883333333333335,0.01190354755711273,0.33816666666666667,0.009495320484907874,0.159,0.015297058540778357
Glut + Gluc,Bs,C+L,Glut,Gluc,C,L,0.020666666666666667,0.005731007280089989,C,0.006666666666666667,0.0009888264649460883,L,0.005833333333333334,0.0005426273532033233,0.0125,0.008166666666666666,0.005840947411736103,Glut,Gluc,0.27316666666666667,0.016813519692332246,0.33816666666666667,0.009495320484907874,0.159,0.015297058540778357,0.16466666666666666,0.022219610957690306,0.23450000000000001,0.019445222206667293,0.21283333333333335,0.02459460193710085,0.14883333333333335,0.01190354755711273,0.23450000000000001,0.019445222206667293,0.14883333333333335,0.01190354755711273
Glut + Gluc,Bs,F+L,Glut,Gluc,F,L,0.1205,0.004876815901111436,F,0.07116666666666667,0.0211587911858037,L,0.005833333333333334,0.0005426273532033233,0.077,0.0435,0.021720318188788626,Glut,Gluc,0.27316666666666667,0.016813519692332246,0.33816666666666667,0.009495320484907874,0.159,0.015297058540778357,0.16466666666666666,0.022219610957690306,0.23450000000000001,0.019445222206667293,0.21283333333333335,0.02459460193710085,0.14883333333333335,0.01190354755711273,0.159,0.015297058540778357,0.14883333333333335,0.01190354755711273
Glut + Gluc,Bs,L+L,Glut,Gluc,L,L,0.005833333333333334,0.0005426273532033233,L,0.005833333333333334,0.0005426273532033233,L,0.005833333333333334,0.0005426273532033233,0.011666666666666667,0.005,0.0009398581453247786,Glut,Gluc,0.27316666666666667,0.016813519692332246,0.33816666666666667,0.009495320484907874,0.159,0.015297058540778357,0.16466666666666666,0.022219610957690306,0.23450000000000001,0.019445222206667293,0.21283333333333335,0.02459460193710085,0.14883333333333335,0.01190354755711273,0.14883333333333335,0.01190354755711273,0.14883333333333335,0.01190354755711273
Glut + Gluc,Bs,M+L,Glut,Gluc,M,L,0.16533333333333333,0.010700986455047553,M,0.009166666666666667,0.002495551597899306,L,0.005833333333333334,0.0005426273532033233,0.015,0.15033333333333332,0.011001515047180247,Glut,Gluc,0.27316666666666667,0.016813519692332246,0.33816666666666667,0.009495320484907874,0.159,0.015297058540778357,0.16466666666666666,0.022219610957690306,0.23450000000000001,0.019445222206667293,0.21283333333333335,0.02459460193710085,0.14883333333333335,0.01190354755711273,0.33816666666666667,0.009495320484907874,0.14883333333333335,0.01190354755711273
Glut + Gluc,Bs,R+L,Glut,Gluc,R,L,0.22266666666666665,0.008248905651323964,R,0.01,0.0019493588689617927,L,0.005833333333333334,0.0005426273532033233,0.015833333333333335,0.2068333333333333,0.008493461537493937,Glut,Gluc,0.27316666666666667,0.016813519692332246,0.33816666666666667,0.009495320484907874,0.159,0.015297058540778357,0.16466666666666666,0.022219610957690306,0.23450000000000001,0.019445222206667293,0.21283333333333335,0.02459460193710085,0.14883333333333335,0.01190354755711273,0.16466666666666666,0.022219610957690306,0.14883333333333335,0.01190354755711273
Glut + Gluc,Bs,S+L,Glut,Gluc,S,L,0.06733333333333334,0.026275040966243567,S,0.011833333333333335,0.005552276810262415,L,0.005833333333333334,0.0005426273532033233,0.017666666666666667,0.04966666666666668,0.026860752037126585,Glut,Gluc,0.27316666666666667,0.016813519692332246,0.33816666666666667,0.009495320484907874,0.159,0.015297058540778357,0.16466666666666666,0.022219610957690306,0.23450000000000001,0.019445222206667293,0.21283333333333335,0.02459460193710085,0.14883333333333335,0.01190354755711273,0.21283333333333335,0.02459460193710085,0.14883333333333335,0.01190354755711273
Glut + Gluc,Bs,M+M,Glut,Gluc,M,M,0.009166666666666667,0.002495551597899306,M,0.009166666666666667,0.002495551597899306,M,0.009166666666666667,0.002495551597899306,0.018333333333333333,0.005,0.004322422160471295,Glut,Gluc,0.27316666666666667,0.016813519692332246,0.33816666666666667,0.009495320484907874,0.159,0.015297058540778357,0.16466666666666666,0.022219610957690306,0.23450000000000001,0.019445222206667293,0.21283333333333335,0.02459460193710085,0.14883333333333335,0.01190354755711273,0.33816666666666667,0.009495320484907874,0.33816666666666667,0.009495320484907874
Glut + Gluc,Bs,F+R,Glut,Gluc,F,R,0.268,0.031340070197751646,F,0.07116666666666667,0.0211587911858037,R,0.01,0.0019493588689617927,0.08116666666666666,0.18683333333333335,0.037864157780735666,Glut,Gluc,0.27316666666666667,0.016813519692332246,0.33816666666666667,0.009495320484907874,0.159,0.015297058540778357,0.16466666666666666,0.022219610957690306,0.23450000000000001,0.019445222206667293,0.21283333333333335,0.02459460193710085,0.14883333333333335,0.01190354755711273,0.16466666666666666,0.022219610957690306,0.159,0.015297058540778357
Glut + Gluc,Bs,M+R,Glut,Gluc,M,R,0.2708333333333333,0.04590890739037227,M,0.009166666666666667,0.002495551597899306,R,0.01,0.0019493588689617927,0.019166666666666665,0.25166666666666665,0.04601799165060939,Glut,Gluc,0.27316666666666667,0.016813519692332246,0.33816666666666667,0.009495320484907874,0.159,0.015297058540778357,0.16466666666666666,0.022219610957690306,0.23450000000000001,0.019445222206667293,0.21283333333333335,0.02459460193710085,0.14883333333333335,0.01190354755711273,0.33816666666666667,0.009495320484907874,0.16466666666666666,0.022219610957690306
Glut + Gluc,Bs,R+R,Glut,Gluc,R,R,0.01,0.0019493588689617927,R,0.01,0.0019493588689617927,R,0.01,0.0019493588689617927,0.02,0.005,0.0033763886032268263,Glut,Gluc,0.27316666666666667,0.016813519692332246,0.33816666666666667,0.009495320484907874,0.159,0.015297058540778357,0.16466666666666666,0.022219610957690306,0.23450000000000001,0.019445222206667293,0.21283333333333335,0.02459460193710085,0.14883333333333335,0.01190354755711273,0.16466666666666666,0.022219610957690306,0.16466666666666666,0.022219610957690306
Glut + Gluc,Bs,C+S,Glut,Gluc,C,S,0.028,0.007523297149521613,C,0.006666666666666667,0.0009888264649460883,S,0.011833333333333335,0.005552276810262415,0.018500000000000003,0.009499999999999998,0.009402422855602463,Glut,Gluc,0.27316666666666667,0.016813519692332246,0.33816666666666667,0.009495320484907874,0.159,0.015297058540778357,0.16466666666666666,0.022219610957690306,0.23450000000000001,0.019445222206667293,0.21283333333333335,0.02459460193710085,0.14883333333333335,0.01190354755711273,0.23450000000000001,0.019445222206667293,0.21283333333333335,0.02459460193710085
Glut + Gluc,Bs,F+S,Glut,Gluc,F,S,0.1245,0.003997916123849193,F,0.07116666666666667,0.0211587911858037,S,0.011833333333333335,0.005552276810262415,0.083,0.041499999999999995,0.02223748087251691,Glut,Gluc,0.27316666666666667,0.016813519692332246,0.33816666666666667,0.009495320484907874,0.159,0.015297058540778357,0.16466666666666666,0.022219610957690306,0.23450000000000001,0.019445222206667293,0.21283333333333335,0.02459460193710085,0.14883333333333335,0.01190354755711273,0.21283333333333335,0.02459460193710085,0.159,0.015297058540778357
Glut + Gluc,Bs,M+S,Glut,Gluc,M,S,0.11716666666666668,0.01147581999006801,M,0.009166666666666667,0.002495551597899306,S,0.011833333333333335,0.005552276810262415,0.021,0.09616666666666668,0.012990381056766585,Glut,Gluc,0.27316666666666667,0.016813519692332246,0.33816666666666667,0.009495320484907874,0.159,0.015297058540778357,0.16466666666666666,0.022219610957690306,0.23450000000000001,0.019445222206667293,0.21283333333333335,0.02459460193710085,0.14883333333333335,0.01190354755711273,0.33816666666666667,0.009495320484907874,0.21283333333333335,0.02459460193710085
Glut + Gluc,Bs,R+S,Glut,Gluc,R,S,0.292,0.020043286490327217,R,0.01,0.0019493588689617927,S,0.011833333333333335,0.005552276810262415,0.021833333333333337,0.27016666666666667,0.020889258270965758,Glut,Gluc,0.27316666666666667,0.016813519692332246,0.33816666666666667,0.009495320484907874,0.159,0.015297058540778357,0.16466666666666666,0.022219610957690306,0.23450000000000001,0.019445222206667293,0.21283333333333335,0.02459460193710085,0.14883333333333335,0.01190354755711273,0.21283333333333335,0.02459460193710085,0.16466666666666666,0.022219610957690306
Glut + Gluc,Bs,S+S,Glut,Gluc,S,S,0.011833333333333335,0.005552276810262415,S,0.011833333333333335,0.005552276810262415,S,0.011833333333333335,0.005552276810262415,0.02366666666666667,0.005,0.009616825533060966,Glut,Gluc,0.27316666666666667,0.016813519692332246,0.33816666666666667,0.009495320484907874,0.159,0.015297058540778357,0.16466666666666666,0.022219610957690306,0.23450000000000001,0.019445222206667293,0.21283333333333335,0.02459460193710085,0.14883333333333335,0.01190354755711273,0.21283333333333335,0.02459460193710085,0.21283333333333335,0.02459460193710085
Glut + Gluc,Bs,WT+WT,Glut,Gluc,WT,WT,0.27316666666666667,0.016813519692332246,,,,,,,,0.27316666666666667,0.0,Glut,Gluc,0.27316666666666667,0.016813519692332246,0.33816666666666667,0.009495320484907874,0.159,0.015297058540778357,0.16466666666666666,0.022219610957690306,0.23450000000000001,0.019445222206667293,0.21283333333333335,0.02459460193710085,0.14883333333333335,0.01190354755711273,0.27316666666666667,0.016813519692332246,0.27316666666666667,0.016813519692332246
Glut + Gluc,Ec,C+C,Glut,Gluc,C,C,0.005,0.0,C,0.005,0.0,C,0.005,0.0,0.01,0.005,0.0,Glut,Gluc,0.083,0.004366539438350082,0.09883333333333333,0.005306704354975046,0.09649999999999999,0.0018752777572046955,0.06949999999999999,0.009704809804078252,0.128,0.0031832897030168897,0.0825,0.009047098982546834,0.08616666666666667,0.003927820996147581,0.128,0.0031832897030168897,0.128,0.0031832897030168897
Glut + Gluc,Ec,F+C,Glut,Gluc,F,C,0.12566666666666668,0.003565264521898922,F,0.13933333333333334,0.015501971200821885,C,0.005,0.0,0.14433333333333334,0.005,0.0159066722548188,Glut,Gluc,0.083,0.004366539438350082,0.09883333333333333,0.005306704354975046,0.09649999999999999,0.0018752777572046955,0.06949999999999999,0.009704809804078252,0.128,0.0031832897030168897,0.0825,0.009047098982546834,0.08616666666666667,0.003927820996147581,0.128,0.0031832897030168897,0.09649999999999999,0.0018752777572046955
Glut + Gluc,Ec,M+C,Glut,Gluc,M,C,0.005666666666666667,0.0004944132324730441,M,0.005,0.0,C,0.005,0.0,0.01,0.005,0.0004944132324730441,Glut,Gluc,0.083,0.004366539438350082,0.09883333333333333,0.005306704354975046,0.09649999999999999,0.0018752777572046955,0.06949999999999999,0.009704809804078252,0.128,0.0031832897030168897,0.0825,0.009047098982546834,0.08616666666666667,0.003927820996147581,0.128,0.0031832897030168897,0.09883333333333333,0.005306704354975046
Glut + Gluc,Ec,R+C,Glut,Gluc,R,C,0.009333333333333334,0.0015846485765339618,R,0.005666666666666667,0.00042163702135578394,C,0.005,0.0,0.010666666666666668,0.005,0.0016397831834998459,Glut,Gluc,0.083,0.004366539438350082,0.09883333333333333,0.005306704354975046,0.09649999999999999,0.0018752777572046955,0.06949999999999999,0.009704809804078252,0.128,0.0031832897030168897,0.0825,0.009047098982546834,0.08616666666666667,0.003927820996147581,0.128,0.0031832897030168897,0.06949999999999999,0.009704809804078252
Glut + Gluc,Ec,F+F,Glut,Gluc,F,F,0.13933333333333334,0.015501971200821885,F,0.13933333333333334,0.015501971200821885,F,0.13933333333333334,0.015501971200821885,0.2786666666666667,0.005,0.026850201737293026,Glut,Gluc,0.083,0.004366539438350082,0.09883333333333333,0.005306704354975046,0.09649999999999999,0.0018752777572046955,0.06949999999999999,0.009704809804078252,0.128,0.0031832897030168897,0.0825,0.009047098982546834,0.08616666666666667,0.003927820996147581,0.09649999999999999,0.0018752777572046955,0.09649999999999999,0.0018752777572046955
Glut + Gluc,Ec,M+F,Glut,Gluc,M,F,0.19866666666666666,0.05929343227635849,M,0.005,0.0,F,0.13933333333333334,0.015501971200821885,0.14433333333333334,0.05433333333333332,0.06128639508261374,Glut,Gluc,0.083,0.004366539438350082,0.09883333333333333,0.005306704354975046,0.09649999999999999,0.0018752777572046955,0.06949999999999999,0.009704809804078252,0.128,0.0031832897030168897,0.0825,0.009047098982546834,0.08616666666666667,0.003927820996147581,0.09883333333333333,0.005306704354975046,0.09649999999999999,0.0018752777572046955
Glut + Gluc,Ec,C+L,Glut,Gluc,C,L,0.008333333333333333,0.0009545214042184234,C,0.005,0.0,L,0.005,0.0,0.01,0.005,0.0009545214042184234,Glut,Gluc,0.083,0.004366539438350082,0.09883333333333333,0.005306704354975046,0.09649999999999999,0.0018752777572046955,0.06949999999999999,0.009704809804078252,0.128,0.0031832897030168897,0.0825,0.009047098982546834,0.08616666666666667,0.003927820996147581,0.128,0.0031832897030168897,0.08616666666666667,0.003927820996147581
Glut + Gluc,Ec,F+L,Glut,Gluc,F,L,0.13683333333333333,0.022849386084629157,F,0.13933333333333334,0.015501971200821885,L,0.005,0.0,0.14433333333333334,0.005,0.02761169237036288,Glut,Gluc,0.083,0.004366539438350082,0.09883333333333333,0.005306704354975046,0.09649999999999999,0.0018752777572046955,0.06949999999999999,0.009704809804078252,0.128,0.0031832897030168897,0.0825,0.009047098982546834,0.08616666666666667,0.003927820996147581,0.09649999999999999,0.0018752777572046955,0.08616666666666667,0.003927820996147581
Glut + Gluc,Ec,L+L,Glut,Gluc,L,L,0.005,0.0,L,0.005,0.0,L,0.005,0.0,0.01,0.005,0.0,Glut,Gluc,0.083,0.004366539438350082,0.09883333333333333,0.005306704354975046,0.09649999999999999,0.0018752777572046955,0.06949999999999999,0.009704809804078252,0.128,0.0031832897030168897,0.0825,0.009047098982546834,0.08616666666666667,0.003927820996147581,0.08616666666666667,0.003927820996147581,0.08616666666666667,0.003927820996147581
Glut + Gluc,Ec,M+L,Glut,Gluc,M,L,0.1025,0.004821825380496478,M,0.005,0.0,L,0.005,0.0,0.01,0.0925,0.004821825380496478,Glut,Gluc,0.083,0.004366539438350082,0.09883333333333333,0.005306704354975046,0.09649999999999999,0.0018752777572046955,0.06949999999999999,0.009704809804078252,0.128,0.0031832897030168897,0.0825,0.009047098982546834,0.08616666666666667,0.003927820996147581,0.09883333333333333,0.005306704354975046,0.08616666666666667,0.003927820996147581
Glut + Gluc,Ec,R+L,Glut,Gluc,R,L,0.011333333333333334,0.004447221354708778,R,0.005666666666666667,0.00042163702135578394,L,0.005,0.0,0.010666666666666668,0.005,0.004467164151400255,Glut,Gluc,0.083,0.004366539438350082,0.09883333333333333,0.005306704354975046,0.09649999999999999,0.0018752777572046955,0.06949999999999999,0.009704809804078252,0.128,0.0031832897030168897,0.0825,0.009047098982546834,0.08616666666666667,0.003927820996147581,0.08616666666666667,0.003927820996147581,0.06949999999999999,0.009704809804078252
Glut + Gluc,Ec,S+L,Glut,Gluc,S,L,0.006166666666666667,0.0008333333333333334,S,0.005166666666666667,0.0001666666666666667,L,0.005,0.0,0.010166666666666668,0.005,0.0008498365855987975,Glut,Gluc,0.083,0.004366539438350082,0.09883333333333333,0.005306704354975046,0.09649999999999999,0.0018752777572046955,0.06949999999999999,0.009704809804078252,0.128,0.0031832897030168897,0.0825,0.009047098982546834,0.08616666666666667,0.003927820996147581,0.08616666666666667,0.003927820996147581,0.0825,0.009047098982546834
Glut + Gluc,Ec,M+M,Glut,Gluc,M,M,0.005,0.0,M,0.005,0.0,M,0.005,0.0,0.01,0.005,0.0,Glut,Gluc,0.083,0.004366539438350082,0.09883333333333333,0.005306704354975046,0.09649999999999999,0.0018752777572046955,0.06949999999999999,0.009704809804078252,0.128,0.0031832897030168897,0.0825,0.009047098982546834,0.08616666666666667,0.003927820996147581,0.09883333333333333,0.005306704354975046,0.09883333333333333,0.005306704354975046
Glut + Gluc,Ec,F+R,Glut,Gluc,F,R,0.11299999999999999,0.024127439427617123,F,0.13933333333333334,0.015501971200821885,R,0.005666666666666667,0.00042163702135578394,0.14500000000000002,0.005,0.028681391567046084,Glut,Gluc,0.083,0.004366539438350082,0.09883333333333333,0.005306704354975046,0.09649999999999999,0.0018752777572046955,0.06949999999999999,0.009704809804078252,0.128,0.0031832897030168897,0.0825,0.009047098982546834,0.08616666666666667,0.003927820996147581,0.09649999999999999,0.0018752777572046955,0.06949999999999999,0.009704809804078252
Glut + Gluc,Ec,M+R,Glut,Gluc,M,R,0.07916666666666666,0.015666134742742952,M,0.005,0.0,R,0.005666666666666667,0.00042163702135578394,0.010666666666666668,0.06849999999999999,0.015671807667131304,Glut,Gluc,0.083,0.004366539438350082,0.09883333333333333,0.005306704354975046,0.09649999999999999,0.0018752777572046955,0.06949999999999999,0.009704809804078252,0.128,0.0031832897030168897,0.0825,0.009047098982546834,0.08616666666666667,0.003927820996147581,0.09883333333333333,0.005306704354975046,0.06949999999999999,0.009704809804078252
Glut + Gluc,Ec,R+R,Glut,Gluc,R,R,0.005666666666666667,0.00042163702135578394,R,0.005666666666666667,0.00042163702135578394,R,0.005666666666666667,0.00042163702135578394,0.011333333333333334,0.005,0.0007302967433402215,Glut,Gluc,0.083,0.004366539438350082,0.09883333333333333,0.005306704354975046,0.09649999999999999,0.0018752777572046955,0.06949999999999999,0.009704809804078252,0.128,0.0031832897030168897,0.0825,0.009047098982546834,0.08616666666666667,0.003927820996147581,0.06949999999999999,0.009704809804078252,0.06949999999999999,0.009704809804078252
Glut + Gluc,Ec,C+S,Glut,Gluc,C,S,0.005666666666666667,0.0004944132324730441,C,0.005,0.0,S,0.005166666666666667,0.0001666666666666667,0.010166666666666668,0.005,0.0005217491947499508,Glut,Gluc,0.083,0.004366539438350082,0.09883333333333333,0.005306704354975046,0.09649999999999999,0.0018752777572046955,0.06949999999999999,0.009704809804078252,0.128,0.0031832897030168897,0.0825,0.009047098982546834,0.08616666666666667,0.003927820996147581,0.128,0.0031832897030168897,0.0825,0.009047098982546834
Glut + Gluc,Ec,F+S,Glut,Gluc,F,S,0.1445,0.0077082207198981186,F,0.13933333333333334,0.015501971200821885,S,0.005166666666666667,0.0001666666666666667,0.14450000000000002,0.005,0.017313450134376903,Glut,Gluc,0.083,0.004366539438350082,0.09883333333333333,0.005306704354975046,0.09649999999999999,0.0018752777572046955,0.06949999999999999,0.009704809804078252,0.128,0.0031832897030168897,0.0825,0.009047098982546834,0.08616666666666667,0.003927820996147581,0.09649999999999999,0.0018752777572046955,0.0825,0.009047098982546834
Glut + Gluc,Ec,M+S,Glut,Gluc,M,S,0.0155,0.002125245083906011,M,0.005,0.0,S,0.005166666666666667,0.0001666666666666667,0.010166666666666668,0.005333333333333332,0.0021317702607092644,Glut,Gluc,0.083,0.004366539438350082,0.09883333333333333,0.005306704354975046,0.09649999999999999,0.0018752777572046955,0.06949999999999999,0.009704809804078252,0.128,0.0031832897030168897,0.0825,0.009047098982546834,0.08616666666666667,0.003927820996147581,0.09883333333333333,0.005306704354975046,0.0825,0.009047098982546834
Glut + Gluc,Ec,R+S,Glut,Gluc,R,S,0.011333333333333334,0.0006666666666666666,R,0.005666666666666667,0.00042163702135578394,S,0.005166666666666667,0.0001666666666666667,0.010833333333333334,0.005,0.0008062257748298549,Glut,Gluc,0.083,0.004366539438350082,0.09883333333333333,0.005306704354975046,0.09649999999999999,0.0018752777572046955,0.06949999999999999,0.009704809804078252,0.128,0.0031832897030168897,0.0825,0.009047098982546834,0.08616666666666667,0.003927820996147581,0.0825,0.009047098982546834,0.06949999999999999,0.009704809804078252
Glut + Gluc,Ec,S+S,Glut,Gluc,S,S,0.005166666666666667,0.0001666666666666667,S,0.005166666666666667,0.0001666666666666667,S,0.005166666666666667,0.0001666666666666667,0.010333333333333333,0.005,0.0002886751345948129,Glut,Gluc,0.083,0.004366539438350082,0.09883333333333333,0.005306704354975046,0.09649999999999999,0.0018752777572046955,0.06949999999999999,0.009704809804078252,0.128,0.0031832897030168897,0.0825,0.009047098982546834,0.08616666666666667,0.003927820996147581,0.0825,0.009047098982546834,0.0825,0.009047098982546834
Glut + Gluc,Ec,WT+WT,Glut,Gluc,WT,WT,0.083,0.004366539438350082,,,,,,,,0.083,0.0,Glut,Gluc,0.083,0.004366539438350082,0.09883333333333333,0.005306704354975046,0.09649999999999999,0.0018752777572046955,0.06949999999999999,0.009704809804078252,0.128,0.0031832897030168897,0.0825,0.009047098982546834,0.08616666666666667,0.003927820996147581,0.083,0.004366539438350082,0.083,0.004366539438350082
Glut + Gly,Bs,C+C,Glut,Gly,C,C,0.005833333333333334,0.0006540472290116192,C,0.005833333333333334,0.0006540472290116192,C,0.005833333333333334,0.0006540472290116192,0.011666666666666667,0.005,0.0011328430311977613,Glut,Gly,0.08916666666666667,0.005564270941561984,0.11683333333333333,0.017728351430531957,0.09000000000000001,0.017931350571926623,0.062,0.0058195074247453845,0.12216666666666666,0.014499233696226077,0.08616666666666667,0.005570258322356135,0.159,0.0042583251793790146,0.12216666666666666,0.014499233696226077,0.12216666666666666,0.014499233696226077
Glut + Gly,Bs,F+C,Glut,Gly,F,C,0.05983333333333333,0.0023440231322332224,F,0.021500000000000002,0.00570233870150368,C,0.005833333333333334,0.0006540472290116192,0.027333333333333334,0.032499999999999994,0.00619991039361771,Glut,Gly,0.08916666666666667,0.005564270941561984,0.11683333333333333,0.017728351430531957,0.09000000000000001,0.017931350571926623,0.062,0.0058195074247453845,0.12216666666666666,0.014499233696226077,0.08616666666666667,0.005570258322356135,0.159,0.0042583251793790146,0.12216666666666666,0.014499233696226077,0.09000000000000001,0.017931350571926623
Glut + Gly,Bs,M+C,Glut,Gly,M,C,0.06666666666666667,0.022197096907278464,M,0.007666666666666666,0.0017638342073763935,C,0.005833333333333334,0.0006540472290116192,0.0135,0.05316666666666667,0.022276669409945462,Glut,Gly,0.08916666666666667,0.005564270941561984,0.11683333333333333,0.017728351430531957,0.09000000000000001,0.017931350571926623,0.062,0.0058195074247453845,0.12216666666666666,0.014499233696226077,0.08616666666666667,0.005570258322356135,0.159,0.0042583251793790146,0.12216666666666666,0.014499233696226077,0.11683333333333333,0.017728351430531957
Glut + Gly,Bs,R+C,Glut,Gly,R,C,0.143,0.014021412197064887,R,0.008333333333333333,0.001201850425154663,C,0.005833333333333334,0.0006540472290116192,0.014166666666666668,0.12883333333333333,0.01408801697266944,Glut,Gly,0.08916666666666667,0.005564270941561984,0.11683333333333333,0.017728351430531957,0.09000000000000001,0.017931350571926623,0.062,0.0058195074247453845,0.12216666666666666,0.014499233696226077,0.08616666666666667,0.005570258322356135,0.159,0.0042583251793790146,0.12216666666666666,0.014499233696226077,0.062,0.0058195074247453845
Glut + Gly,Bs,F+F,Glut,Gly,F,F,0.021500000000000002,0.00570233870150368,F,0.021500000000000002,0.00570233870150368,F,0.021500000000000002,0.00570233870150368,0.043000000000000003,0.005,0.009876740352970714,Glut,Gly,0.08916666666666667,0.005564270941561984,0.11683333333333333,0.017728351430531957,0.09000000000000001,0.017931350571926623,0.062,0.0058195074247453845,0.12216666666666666,0.014499233696226077,0.08616666666666667,0.005570258322356135,0.159,0.0042583251793790146,0.09000000000000001,0.017931350571926623,0.09000000000000001,0.017931350571926623
Glut + Gly,Bs,M+F,Glut,Gly,M,F,0.10583333333333333,0.010332526850248741,M,0.007666666666666666,0.0017638342073763935,F,0.021500000000000002,0.00570233870150368,0.029166666666666667,0.07666666666666666,0.011932681546445834,Glut,Gly,0.08916666666666667,0.005564270941561984,0.11683333333333333,0.017728351430531957,0.09000000000000001,0.017931350571926623,0.062,0.0058195074247453845,0.12216666666666666,0.014499233696226077,0.08616666666666667,0.005570258322356135,0.159,0.0042583251793790146,0.11683333333333333,0.017728351430531957,0.09000000000000001,0.017931350571926623
Glut + Gly,Bs,C+L,Glut,Gly,C,L,0.010333333333333333,0.0028126697479638647,C,0.005833333333333334,0.0006540472290116192,L,0.006000000000000001,0.000632455532033676,0.011833333333333335,0.005,0.0029561611743761343,Glut,Gly,0.08916666666666667,0.005564270941561984,0.11683333333333333,0.017728351430531957,0.09000000000000001,0.017931350571926623,0.062,0.0058195074247453845,0.12216666666666666,0.014499233696226077,0.08616666666666667,0.005570258322356135,0.159,0.0042583251793790146,0.159,0.0042583251793790146,0.12216666666666666,0.014499233696226077
Glut + Gly,Bs,F+L,Glut,Gly,F,L,0.0655,0.0023487585373270416,F,0.021500000000000002,0.00570233870150368,L,0.006000000000000001,0.000632455532033676,0.027500000000000004,0.038,0.006199462342278832,Glut,Gly,0.08916666666666667,0.005564270941561984,0.11683333333333333,0.017728351430531957,0.09000000000000001,0.017931350571926623,0.062,0.0058195074247453845,0.12216666666666666,0.014499233696226077,0.08616666666666667,0.005570258322356135,0.159,0.0042583251793790146,0.159,0.0042583251793790146,0.09000000000000001,0.017931350571926623
Glut + Gly,Bs,L+L,Glut,Gly,L,L,0.006000000000000001,0.000632455532033676,L,0.006000000000000001,0.000632455532033676,L,0.006000000000000001,0.000632455532033676,0.012000000000000002,0.005,0.0010954451150103324,Glut,Gly,0.08916666666666667,0.005564270941561984,0.11683333333333333,0.017728351430531957,0.09000000000000001,0.017931350571926623,0.062,0.0058195074247453845,0.12216666666666666,0.014499233696226077,0.08616666666666667,0.005570258322356135,0.159,0.0042583251793790146,0.159,0.0042583251793790146,0.159,0.0042583251793790146
Glut + Gly,Bs,M+L,Glut,Gly,M,L,0.07583333333333332,0.005770133832455229,M,0.007666666666666666,0.0017638342073763935,L,0.006000000000000001,0.000632455532033676,0.013666666666666667,0.062166666666666655,0.0060667582410671005,Glut,Gly,0.08916666666666667,0.005564270941561984,0.11683333333333333,0.017728351430531957,0.09000000000000001,0.017931350571926623,0.062,0.0058195074247453845,0.12216666666666666,0.014499233696226077,0.08616666666666667,0.005570258322356135,0.159,0.0042583251793790146,0.159,0.0042583251793790146,0.11683333333333333,0.017728351430531957
Glut + Gly,Bs,R+L,Glut,Gly,R,L,0.10999999999999999,0.011201190412927846,R,0.008333333333333333,0.001201850425154663,L,0.006000000000000001,0.000632455532033676,0.014333333333333333,0.09566666666666665,0.011283222549923897,Glut,Gly,0.08916666666666667,0.005564270941561984,0.11683333333333333,0.017728351430531957,0.09000000000000001,0.017931350571926623,0.062,0.0058195074247453845,0.12216666666666666,0.014499233696226077,0.08616666666666667,0.005570258322356135,0.159,0.0042583251793790146,0.159,0.0042583251793790146,0.062,0.0058195074247453845
Glut + Gly,Bs,S+L,Glut,Gly,S,L,0.04700000000000001,0.015390473243752666,S,0.007666666666666666,0.0017826322609494584,L,0.006000000000000001,0.000632455532033676,0.013666666666666667,0.03333333333333334,0.015506271132817344,Glut,Gly,0.08916666666666667,0.005564270941561984,0.11683333333333333,0.017728351430531957,0.09000000000000001,0.017931350571926623,0.062,0.0058195074247453845,0.12216666666666666,0.014499233696226077,0.08616666666666667,0.005570258322356135,0.159,0.0042583251793790146,0.159,0.0042583251793790146,0.08616666666666667,0.005570258322356135
Glut + Gly,Bs,M+M,Glut,Gly,M,M,0.007666666666666666,0.0017638342073763935,M,0.007666666666666666,0.0017638342073763935,M,0.007666666666666666,0.0017638342073763935,0.015333333333333332,0.005,0.0030550504633038928,Glut,Gly,0.08916666666666667,0.005564270941561984,0.11683333333333333,0.017728351430531957,0.09000000000000001,0.017931350571926623,0.062,0.0058195074247453845,0.12216666666666666,0.014499233696226077,0.08616666666666667,0.005570258322356135,0.159,0.0042583251793790146,0.11683333333333333,0.017728351430531957,0.11683333333333333,0.017728351430531957
Glut + Gly,Bs,F+R,Glut,Gly,F,R,0.083,0.010053191864610298,F,0.021500000000000002,0.00570233870150368,R,0.008333333333333333,0.001201850425154663,0.029833333333333337,0.05316666666666667,0.011620145342368908,Glut,Gly,0.08916666666666667,0.005564270941561984,0.11683333333333333,0.017728351430531957,0.09000000000000001,0.017931350571926623,0.062,0.0058195074247453845,0.12216666666666666,0.014499233696226077,0.08616666666666667,0.005570258322356135,0.159,0.0042583251793790146,0.09000000000000001,0.017931350571926623,0.062,0.0058195074247453845
Glut + Gly,Bs,M+R,Glut,Gly,M,R,0.12716666666666668,0.021898883786876242,M,0.007666666666666666,0.0017638342073763935,R,0.008333333333333333,0.001201850425154663,0.016,0.11116666666666668,0.022002651355385937,Glut,Gly,0.08916666666666667,0.005564270941561984,0.11683333333333333,0.017728351430531957,0.09000000000000001,0.017931350571926623,0.062,0.0058195074247453845,0.12216666666666666,0.014499233696226077,0.08616666666666667,0.005570258322356135,0.159,0.0042583251793790146,0.11683333333333333,0.017728351430531957,0.062,0.0058195074247453845
Glut + Gly,Bs,R+R,Glut,Gly,R,R,0.008333333333333333,0.001201850425154663,R,0.008333333333333333,0.001201850425154663,R,0.008333333333333333,0.001201850425154663,0.016666666666666666,0.005,0.0020816659994661326,Glut,Gly,0.08916666666666667,0.005564270941561984,0.11683333333333333,0.017728351430531957,0.09000000000000001,0.017931350571926623,0.062,0.0058195074247453845,0.12216666666666666,0.014499233696226077,0.08616666666666667,0.005570258322356135,0.159,0.0042583251793790146,0.062,0.0058195074247453845,0.062,0.0058195074247453845
Glut + Gly,Bs,C+S,Glut,Gly,C,S,0.019833333333333335,0.005218024317476662,C,0.005833333333333334,0.0006540472290116192,S,0.007666666666666666,0.0017826322609494584,0.0135,0.006333333333333335,0.005552777082985895,Glut,Gly,0.08916666666666667,0.005564270941561984,0.11683333333333333,0.017728351430531957,0.09000000000000001,0.017931350571926623,0.062,0.0058195074247453845,0.12216666666666666,0.014499233696226077,0.08616666666666667,0.005570258322356135,0.159,0.0042583251793790146,0.12216666666666666,0.014499233696226077,0.08616666666666667,0.005570258322356135
Glut + Gly,Bs,F+S,Glut,Gly,F,S,0.07066666666666667,0.0031162655713387315,F,0.021500000000000002,0.00570233870150368,S,0.007666666666666666,0.0017826322609494584,0.029166666666666667,0.0415,0.006738364457014445,Glut,Gly,0.08916666666666667,0.005564270941561984,0.11683333333333333,0.017728351430531957,0.09000000000000001,0.017931350571926623,0.062,0.0058195074247453845,0.12216666666666666,0.014499233696226077,0.08616666666666667,0.005570258322356135,0.159,0.0042583251793790146,0.09000000000000001,0.017931350571926623,0.08616666666666667,0.005570258322356135
Glut + Gly,Bs,M+S,Glut,Gly,M,S,0.079,0.01049126620893144,M,0.007666666666666666,0.0017638342073763935,S,0.007666666666666666,0.0017826322609494584,0.015333333333333332,0.06366666666666666,0.010786823237429802,Glut,Gly,0.08916666666666667,0.005564270941561984,0.11683333333333333,0.017728351430531957,0.09000000000000001,0.017931350571926623,0.062,0.0058195074247453845,0.12216666666666666,0.014499233696226077,0.08616666666666667,0.005570258322356135,0.159,0.0042583251793790146,0.11683333333333333,0.017728351430531957,0.08616666666666667,0.005570258322356135
Glut + Gly,Bs,R+S,Glut,Gly,R,S,0.12016666666666666,0.010517974033899199,R,0.008333333333333333,0.001201850425154663,S,0.007666666666666666,0.0017826322609494584,0.016,0.10416666666666666,0.010735455276791945,Glut,Gly,0.08916666666666667,0.005564270941561984,0.11683333333333333,0.017728351430531957,0.09000000000000001,0.017931350571926623,0.062,0.0058195074247453845,0.12216666666666666,0.014499233696226077,0.08616666666666667,0.005570258322356135,0.159,0.0042583251793790146,0.08616666666666667,0.005570258322356135,0.062,0.0058195074247453845
Glut + Gly,Bs,S+S,Glut,Gly,S,S,0.007666666666666666,0.0017826322609494584,S,0.007666666666666666,0.0017826322609494584,S,0.007666666666666666,0.0017826322609494584,0.015333333333333332,0.005,0.003087609647175843,Glut,Gly,0.08916666666666667,0.005564270941561984,0.11683333333333333,0.017728351430531957,0.09000000000000001,0.017931350571926623,0.062,0.0058195074247453845,0.12216666666666666,0.014499233696226077,0.08616666666666667,0.005570258322356135,0.159,0.0042583251793790146,0.08616666666666667,0.005570258322356135,0.08616666666666667,0.005570258322356135
Glut + Gly,Bs,WT+WT,Glut,Gly,WT,WT,0.08916666666666667,0.005564270941561984,,,,,,,,0.08916666666666667,0.0,Glut,Gly,0.08916666666666667,0.005564270941561984,0.11683333333333333,0.017728351430531957,0.09000000000000001,0.017931350571926623,0.062,0.0058195074247453845,0.12216666666666666,0.014499233696226077,0.08616666666666667,0.005570258322356135,0.159,0.0042583251793790146,0.08916666666666667,0.005564270941561984,0.08916666666666667,0.005564270941561984
Glut + Gly,Ec,C+C,Glut,Gly,C,C,0.005,0.0,C,0.005,0.0,C,0.005,0.0,0.01,0.005,0.0,Glut,Gly,0.3746666666666667,0.06588559107355045,0.23749999999999996,0.025634286935014728,0.3988333333333333,0.06816666666666667,0.3781666666666667,0.06673001157233861,0.14983333333333335,0.0040283716037349095,0.14383333333333334,0.028738379293976275,0.1625,0.021281838892977897,0.14983333333333335,0.0040283716037349095,0.14983333333333335,0.0040283716037349095
Glut + Gly,Ec,F+C,Glut,Gly,F,C,0.05633333333333334,0.007662317607037124,F,0.03216666666666667,0.007073031724640981,C,0.005,0.0,0.03716666666666667,0.019166666666666672,0.010427794056697174,Glut,Gly,0.3746666666666667,0.06588559107355045,0.23749999999999996,0.025634286935014728,0.3988333333333333,0.06816666666666667,0.3781666666666667,0.06673001157233861,0.14983333333333335,0.0040283716037349095,0.14383333333333334,0.028738379293976275,0.1625,0.021281838892977897,0.3988333333333333,0.06816666666666667,0.14983333333333335,0.0040283716037349095
Glut + Gly,Ec,M+C,Glut,Gly,M,C,0.005,0.0,M,0.005,0.0,C,0.005,0.0,0.01,0.005,0.0,Glut,Gly,0.3746666666666667,0.06588559107355045,0.23749999999999996,0.025634286935014728,0.3988333333333333,0.06816666666666667,0.3781666666666667,0.06673001157233861,0.14983333333333335,0.0040283716037349095,0.14383333333333334,0.028738379293976275,0.1625,0.021281838892977897,0.23749999999999996,0.025634286935014728,0.14983333333333335,0.0040283716037349095
Glut + Gly,Ec,R+C,Glut,Gly,R,C,0.005,0.0,R,0.005,0.0,C,0.005,0.0,0.01,0.005,0.0,Glut,Gly,0.3746666666666667,0.06588559107355045,0.23749999999999996,0.025634286935014728,0.3988333333333333,0.06816666666666667,0.3781666666666667,0.06673001157233861,0.14983333333333335,0.0040283716037349095,0.14383333333333334,0.028738379293976275,0.1625,0.021281838892977897,0.3781666666666667,0.06673001157233861,0.14983333333333335,0.0040283716037349095
Glut + Gly,Ec,F+F,Glut,Gly,F,F,0.03216666666666667,0.007073031724640981,F,0.03216666666666667,0.007073031724640981,F,0.03216666666666667,0.007073031724640981,0.06433333333333334,0.005,0.012250850310624702,Glut,Gly,0.3746666666666667,0.06588559107355045,0.23749999999999996,0.025634286935014728,0.3988333333333333,0.06816666666666667,0.3781666666666667,0.06673001157233861,0.14983333333333335,0.0040283716037349095,0.14383333333333334,0.028738379293976275,0.1625,0.021281838892977897,0.3988333333333333,0.06816666666666667,0.3988333333333333,0.06816666666666667
Glut + Gly,Ec,M+F,Glut,Gly,M,F,0.16966666666666666,0.04647842988359702,M,0.005,0.0,F,0.03216666666666667,0.007073031724640981,0.03716666666666667,0.1325,0.047013532330832386,Glut,Gly,0.3746666666666667,0.06588559107355045,0.23749999999999996,0.025634286935014728,0.3988333333333333,0.06816666666666667,0.3781666666666667,0.06673001157233861,0.14983333333333335,0.0040283716037349095,0.14383333333333334,0.028738379293976275,0.1625,0.021281838892977897,0.3988333333333333,0.06816666666666667,0.23749999999999996,0.025634286935014728
Glut + Gly,Ec,C+L,Glut,Gly,C,L,0.005,0.0,C,0.005,0.0,L,0.005,0.0,0.01,0.005,0.0,Glut,Gly,0.3746666666666667,0.06588559107355045,0.23749999999999996,0.025634286935014728,0.3988333333333333,0.06816666666666667,0.3781666666666667,0.06673001157233861,0.14983333333333335,0.0040283716037349095,0.14383333333333334,0.028738379293976275,0.1625,0.021281838892977897,0.1625,0.021281838892977897,0.14983333333333335,0.0040283716037349095
Glut + Gly,Ec,F+L,Glut,Gly,F,L,0.057499999999999996,0.004402650716708438,F,0.03216666666666667,0.007073031724640981,L,0.005,0.0,0.03716666666666667,0.020333333333333328,0.008331333093275715,Glut,Gly,0.3746666666666667,0.06588559107355045,0.23749999999999996,0.025634286935014728,0.3988333333333333,0.06816666666666667,0.3781666666666667,0.06673001157233861,0.14983333333333335,0.0040283716037349095,0.14383333333333334,0.028738379293976275,0.1625,0.021281838892977897,0.3988333333333333,0.06816666666666667,0.1625,0.021281838892977897
Glut + Gly,Ec,L+L,Glut,Gly,L,L,0.005,0.0,L,0.005,0.0,L,0.005,0.0,0.01,0.005,0.0,Glut,Gly,0.3746666666666667,0.06588559107355045,0.23749999999999996,0.025634286935014728,0.3988333333333333,0.06816666666666667,0.3781666666666667,0.06673001157233861,0.14983333333333335,0.0040283716037349095,0.14383333333333334,0.028738379293976275,0.1625,0.021281838892977897,0.1625,0.021281838892977897,0.1625,0.021281838892977897
Glut + Gly,Ec,M+L,Glut,Gly,M,L,0.04066666666666666,0.005919834832530755,M,0.005,0.0,L,0.005,0.0,0.01,0.03066666666666666,0.005919834832530755,Glut,Gly,0.3746666666666667,0.06588559107355045,0.23749999999999996,0.025634286935014728,0.3988333333333333,0.06816666666666667,0.3781666666666667,0.06673001157233861,0.14983333333333335,0.0040283716037349095,0.14383333333333334,0.028738379293976275,0.1625,0.021281838892977897,0.23749999999999996,0.025634286935014728,0.1625,0.021281838892977897
Glut + Gly,Ec,R+L,Glut,Gly,R,L,0.005,0.0,R,0.005,0.0,L,0.005,0.0,0.01,0.005,0.0,Glut,Gly,0.3746666666666667,0.06588559107355045,0.23749999999999996,0.025634286935014728,0.3988333333333333,0.06816666666666667,0.3781666666666667,0.06673001157233861,0.14983333333333335,0.0040283716037349095,0.14383333333333334,0.028738379293976275,0.1625,0.021281838892977897,0.3781666666666667,0.06673001157233861,0.1625,0.021281838892977897
Glut + Gly,Ec,S+L,Glut,Gly,S,L,0.005333333333333333,0.0003333333333333334,S,0.005,0.0,L,0.005,0.0,0.01,0.005,0.0003333333333333334,Glut,Gly,0.3746666666666667,0.06588559107355045,0.23749999999999996,0.025634286935014728,0.3988333333333333,0.06816666666666667,0.3781666666666667,0.06673001157233861,0.14983333333333335,0.0040283716037349095,0.14383333333333334,0.028738379293976275,0.1625,0.021281838892977897,0.1625,0.021281838892977897,0.14383333333333334,0.028738379293976275
Glut + Gly,Ec,M+M,Glut,Gly,M,M,0.005,0.0,M,0.005,0.0,M,0.005,0.0,0.01,0.005,0.0,Glut,Gly,0.3746666666666667,0.06588559107355045,0.23749999999999996,0.025634286935014728,0.3988333333333333,0.06816666666666667,0.3781666666666667,0.06673001157233861,0.14983333333333335,0.0040283716037349095,0.14383333333333334,0.028738379293976275,0.1625,0.021281838892977897,0.23749999999999996,0.025634286935014728,0.23749999999999996,0.025634286935014728
Glut + Gly,Ec,F+R,Glut,Gly,F,R,0.06733333333333334,0.0017638342073763944,F,0.03216666666666667,0.007073031724640981,R,0.005,0.0,0.03716666666666667,0.030166666666666675,0.00728964257620968,Glut,Gly,0.3746666666666667,0.06588559107355045,0.23749999999999996,0.025634286935014728,0.3988333333333333,0.06816666666666667,0.3781666666666667,0.06673001157233861,0.14983333333333335,0.0040283716037349095,0.14383333333333334,0.028738379293976275,0.1625,0.021281838892977897,0.3988333333333333,0.06816666666666667,0.3781666666666667,0.06673001157233861
Glut + Gly,Ec,M+R,Glut,Gly,M,R,0.07383333333333333,0.007850336156992118,M,0.005,0.0,R,0.005,0.0,0.01,0.06383333333333334,0.007850336156992118,Glut,Gly,0.3746666666666667,0.06588559107355045,0.23749999999999996,0.025634286935014728,0.3988333333333333,0.06816666666666667,0.3781666666666667,0.06673001157233861,0.14983333333333335,0.0040283716037349095,0.14383333333333334,0.028738379293976275,0.1625,0.021281838892977897,0.3781666666666667,0.06673001157233861,0.23749999999999996,0.025634286935014728
Glut + Gly,Ec,R+R,Glut,Gly,R,R,0.005,0.0,R,0.005,0.0,R,0.005,0.0,0.01,0.005,0.0,Glut,Gly,0.3746666666666667,0.06588559107355045,0.23749999999999996,0.025634286935014728,0.3988333333333333,0.06816666666666667,0.3781666666666667,0.06673001157233861,0.14983333333333335,0.0040283716037349095,0.14383333333333334,0.028738379293976275,0.1625,0.021281838892977897,0.3781666666666667,0.06673001157233861,0.3781666666666667,0.06673001157233861
Glut + Gly,Ec,C+S,Glut,Gly,C,S,0.005,0.0,C,0.005,0.0,S,0.005,0.0,0.01,0.005,0.0,Glut,Gly,0.3746666666666667,0.06588559107355045,0.23749999999999996,0.025634286935014728,0.3988333333333333,0.06816666666666667,0.3781666666666667,0.06673001157233861,0.14983333333333335,0.0040283716037349095,0.14383333333333334,0.028738379293976275,0.1625,0.021281838892977897,0.14983333333333335,0.0040283716037349095,0.14383333333333334,0.028738379293976275
Glut + Gly,Ec,F+S,Glut,Gly,F,S,0.05575,0.0022499999999999985,F,0.03216666666666667,0.007073031724640981,S,0.005,0.0,0.03716666666666667,0.018583333333333334,0.007422282518051827,Glut,Gly,0.3746666666666667,0.06588559107355045,0.23749999999999996,0.025634286935014728,0.3988333333333333,0.06816666666666667,0.3781666666666667,0.06673001157233861,0.14983333333333335,0.0040283716037349095,0.14383333333333334,0.028738379293976275,0.1625,0.021281838892977897,0.3988333333333333,0.06816666666666667,0.14383333333333334,0.028738379293976275
Glut + Gly,Ec,M+S,Glut,Gly,M,S,0.0165,0.0023202011407059803,M,0.005,0.0,S,0.005,0.0,0.01,0.006500000000000001,0.0023202011407059803,Glut,Gly,0.3746666666666667,0.06588559107355045,0.23749999999999996,0.025634286935014728,0.3988333333333333,0.06816666666666667,0.3781666666666667,0.06673001157233861,0.14983333333333335,0.0040283716037349095,0.14383333333333334,0.028738379293976275,0.1625,0.021281838892977897,0.23749999999999996,0.025634286935014728,0.14383333333333334,0.028738379293976275
Glut + Gly,Ec,R+S,Glut,Gly,R,S,0.005666666666666667,0.00021081851067789202,R,0.005,0.0,S,0.005,0.0,0.01,0.005,0.00021081851067789202,Glut,Gly,0.3746666666666667,0.06588559107355045,0.23749999999999996,0.025634286935014728,0.3988333333333333,0.06816666666666667,0.3781666666666667,0.06673001157233861,0.14983333333333335,0.0040283716037349095,0.14383333333333334,0.028738379293976275,0.1625,0.021281838892977897,0.3781666666666667,0.06673001157233861,0.14383333333333334,0.028738379293976275
Glut + Gly,Ec,S+S,Glut,Gly,S,S,0.005,0.0,S,0.005,0.0,S,0.005,0.0,0.01,0.005,0.0,Glut,Gly,0.3746666666666667,0.06588559107355045,0.23749999999999996,0.025634286935014728,0.3988333333333333,0.06816666666666667,0.3781666666666667,0.06673001157233861,0.14983333333333335,0.0040283716037349095,0.14383333333333334,0.028738379293976275,0.1625,0.021281838892977897,0.14383333333333334,0.028738379293976275,0.14383333333333334,0.028738379293976275
Glut + Gly,Ec,WT+WT,Glut,Gly,WT,WT,0.3746666666666667,0.06588559107355045,,,,,,,,0.3746666666666667,0.0,Glut,Gly,0.3746666666666667,0.06588559107355045,0.23749999999999996,0.025634286935014728,0.3988333333333333,0.06816666666666667,0.3781666666666667,0.06673001157233861,0.14983333333333335,0.0040283716037349095,0.14383333333333334,0.028738379293976275,0.1625,0.021281838892977897,0.3746666666666667,0.06588559107355045,0.3746666666666667,0.06588559107355045
Glut + NoC,Bs,C+C,Glut,NoC,C,C,0.007666666666666666,0.002666666666666667,C,0.007666666666666666,0.002666666666666667,C,0.007666666666666666,0.002666666666666667,0.015333333333333332,0.005,0.004618802153517006,Glut,NoC,0.37366666666666665,0.06736500905102324,0.2828333333333333,0.021030797522786537,0.08866666666666667,0.016072059952324438,0.073,0.01904555941245448,0.051333333333333335,0.01915666405660907,0.01,0.0013904435743076142,0.2818333333333333,0.01756021386860397,0.051333333333333335,0.01915666405660907,0.051333333333333335,0.01915666405660907
Glut + NoC,Bs,F+C,Glut,NoC,F,C,0.045000000000000005,0.0015275252316519464,F,0.04666666666666667,0.006606394208979998,C,0.007666666666666666,0.002666666666666667,0.05433333333333334,0.005,0.007286212245665707,Glut,NoC,0.37366666666666665,0.06736500905102324,0.2828333333333333,0.021030797522786537,0.08866666666666667,0.016072059952324438,0.073,0.01904555941245448,0.051333333333333335,0.01915666405660907,0.01,0.0013904435743076142,0.2818333333333333,0.01756021386860397,0.08866666666666667,0.016072059952324438,0.051333333333333335,0.01915666405660907
Glut + NoC,Bs,M+C,Glut,NoC,M,C,0.043666666666666666,0.0221730567230692,M,0.010666666666666666,0.004013864859597431,C,0.007666666666666666,0.002666666666666667,0.018333333333333333,0.025333333333333333,0.02269067356132617,Glut,NoC,0.37366666666666665,0.06736500905102324,0.2828333333333333,0.021030797522786537,0.08866666666666667,0.016072059952324438,0.073,0.01904555941245448,0.051333333333333335,0.01915666405660907,0.01,0.0013904435743076142,0.2818333333333333,0.01756021386860397,0.2828333333333333,0.021030797522786537,0.051333333333333335,0.01915666405660907
Glut + NoC,Bs,R+C,Glut,NoC,R,C,0.042,0.011854675589544124,R,0.016999999999999998,0.004509249752822893,C,0.007666666666666666,0.002666666666666667,0.024666666666666663,0.01733333333333334,0.012960624127632811,Glut,NoC,0.37366666666666665,0.06736500905102324,0.2828333333333333,0.021030797522786537,0.08866666666666667,0.016072059952324438,0.073,0.01904555941245448,0.051333333333333335,0.01915666405660907,0.01,0.0013904435743076142,0.2818333333333333,0.01756021386860397,0.073,0.01904555941245448,0.051333333333333335,0.01915666405660907
Glut + NoC,Bs,F+F,Glut,NoC,F,F,0.04666666666666667,0.006606394208979998,F,0.04666666666666667,0.006606394208979998,F,0.04666666666666667,0.006606394208979998,0.09333333333333334,0.005,0.01144261042478216,Glut,NoC,0.37366666666666665,0.06736500905102324,0.2828333333333333,0.021030797522786537,0.08866666666666667,0.016072059952324438,0.073,0.01904555941245448,0.051333333333333335,0.01915666405660907,0.01,0.0013904435743076142,0.2818333333333333,0.01756021386860397,0.08866666666666667,0.016072059952324438,0.08866666666666667,0.016072059952324438
Glut + NoC,Bs,M+F,Glut,NoC,M,F,0.08850000000000001,0.012392874296680867,M,0.010666666666666666,0.004013864859597431,F,0.04666666666666667,0.006606394208979998,0.05733333333333333,0.031166666666666676,0.014606125047009862,Glut,NoC,0.37366666666666665,0.06736500905102324,0.2828333333333333,0.021030797522786537,0.08866666666666667,0.016072059952324438,0.073,0.01904555941245448,0.051333333333333335,0.01915666405660907,0.01,0.0013904435743076142,0.2818333333333333,0.01756021386860397,0.2828333333333333,0.021030797522786537,0.08866666666666667,0.016072059952324438
Glut + NoC,Bs,C+L,Glut,NoC,C,L,0.015666666666666666,0.0036301209040165293,C,0.007666666666666666,0.002666666666666667,L,0.008499999999999999,0.0023057898140695014,0.016166666666666666,0.005,0.005060193233025352,Glut,NoC,0.37366666666666665,0.06736500905102324,0.2828333333333333,0.021030797522786537,0.08866666666666667,0.016072059952324438,0.073,0.01904555941245448,0.051333333333333335,0.01915666405660907,0.01,0.0013904435743076142,0.2818333333333333,0.01756021386860397,0.2818333333333333,0.01756021386860397,0.051333333333333335,0.01915666405660907
Glut + NoC,Bs,F+L,Glut,NoC,F,L,0.051,0.002932575659723036,F,0.04666666666666667,0.006606394208979998,L,0.008499999999999999,0.0023057898140695014,0.05516666666666667,0.005,0.007586903921304864,Glut,NoC,0.37366666666666665,0.06736500905102324,0.2828333333333333,0.021030797522786537,0.08866666666666667,0.016072059952324438,0.073,0.01904555941245448,0.051333333333333335,0.01915666405660907,0.01,0.0013904435743076142,0.2818333333333333,0.01756021386860397,0.2818333333333333,0.01756021386860397,0.08866666666666667,0.016072059952324438
Glut + NoC,Bs,L+L,Glut,NoC,L,L,0.008499999999999999,0.0023057898140695014,L,0.008499999999999999,0.0023057898140695014,L,0.008499999999999999,0.0023057898140695014,0.016999999999999998,0.005,0.003993745109543171,Glut,NoC,0.37366666666666665,0.06736500905102324,0.2828333333333333,0.021030797522786537,0.08866666666666667,0.016072059952324438,0.073,0.01904555941245448,0.051333333333333335,0.01915666405660907,0.01,0.0013904435743076142,0.2818333333333333,0.01756021386860397,0.2818333333333333,0.01756021386860397,0.2818333333333333,0.01756021386860397
Glut + NoC,Bs,M+L,Glut,NoC,M,L,0.06383333333333334,0.011522200792865533,M,0.010666666666666666,0.004013864859597431,L,0.008499999999999999,0.0023057898140695014,0.019166666666666665,0.044666666666666674,0.012417281863954322,Glut,NoC,0.37366666666666665,0.06736500905102324,0.2828333333333333,0.021030797522786537,0.08866666666666667,0.016072059952324438,0.073,0.01904555941245448,0.051333333333333335,0.01915666405660907,0.01,0.0013904435743076142,0.2818333333333333,0.01756021386860397,0.2828333333333333,0.021030797522786537,0.2818333333333333,0.01756021386860397
Glut + NoC,Bs,R+L,Glut,NoC,R,L,0.08016666666666666,0.005741176805421611,R,0.016999999999999998,0.004509249752822893,L,0.008499999999999999,0.0023057898140695014,0.025499999999999995,0.05466666666666667,0.007655789385237232,Glut,NoC,0.37366666666666665,0.06736500905102324,0.2828333333333333,0.021030797522786537,0.08866666666666667,0.016072059952324438,0.073,0.01904555941245448,0.051333333333333335,0.01915666405660907,0.01,0.0013904435743076142,0.2818333333333333,0.01756021386860397,0.2818333333333333,0.01756021386860397,0.073,0.01904555941245448
Glut + NoC,Bs,S+L,Glut,NoC,S,L,0.058666666666666666,0.017577763730855463,S,0.008166666666666668,0.002455153310442706,L,0.008499999999999999,0.0023057898140695014,0.016666666666666666,0.041999999999999996,0.01789754793881615,Glut,NoC,0.37366666666666665,0.06736500905102324,0.2828333333333333,0.021030797522786537,0.08866666666666667,0.016072059952324438,0.073,0.01904555941245448,0.051333333333333335,0.01915666405660907,0.01,0.0013904435743076142,0.2818333333333333,0.01756021386860397,0.2818333333333333,0.01756021386860397,0.01,0.0013904435743076142
Glut + NoC,Bs,M+M,Glut,NoC,M,M,0.010666666666666666,0.004013864859597431,M,0.010666666666666666,0.004013864859597431,M,0.010666666666666666,0.004013864859597431,0.021333333333333333,0.005,0.006952217871538069,Glut,NoC,0.37366666666666665,0.06736500905102324,0.2828333333333333,0.021030797522786537,0.08866666666666667,0.016072059952324438,0.073,0.01904555941245448,0.051333333333333335,0.01915666405660907,0.01,0.0013904435743076142,0.2818333333333333,0.01756021386860397,0.2828333333333333,0.021030797522786537,0.2828333333333333,0.021030797522786537
Glut + NoC,Bs,F+R,Glut,NoC,F,R,0.09333333333333334,0.005613475849338903,F,0.04666666666666667,0.006606394208979998,R,0.016999999999999998,0.004509249752822893,0.06366666666666666,0.029666666666666675,0.009771841632409363,Glut,NoC,0.37366666666666665,0.06736500905102324,0.2828333333333333,0.021030797522786537,0.08866666666666667,0.016072059952324438,0.073,0.01904555941245448,0.051333333333333335,0.01915666405660907,0.01,0.0013904435743076142,0.2818333333333333,0.01756021386860397,0.08866666666666667,0.016072059952324438,0.073,0.01904555941245448
Glut + NoC,Bs,M+R,Glut,NoC,M,R,0.08183333333333333,0.012300180667146495,M,0.010666666666666666,0.004013864859597431,R,0.016999999999999998,0.004509249752822893,0.027666666666666666,0.05416666666666666,0.013701784149842999,Glut,NoC,0.37366666666666665,0.06736500905102324,0.2828333333333333,0.021030797522786537,0.08866666666666667,0.016072059952324438,0.073,0.01904555941245448,0.051333333333333335,0.01915666405660907,0.01,0.0013904435743076142,0.2818333333333333,0.01756021386860397,0.2828333333333333,0.021030797522786537,0.073,0.01904555941245448
Glut + NoC,Bs,R+R,Glut,NoC,R,R,0.016999999999999998,0.004509249752822893,R,0.016999999999999998,0.004509249752822893,R,0.016999999999999998,0.004509249752822893,0.033999999999999996,0.005,0.007810249675906653,Glut,NoC,0.37366666666666665,0.06736500905102324,0.2828333333333333,0.021030797522786537,0.08866666666666667,0.016072059952324438,0.073,0.01904555941245448,0.051333333333333335,0.01915666405660907,0.01,0.0013904435743076142,0.2818333333333333,0.01756021386860397,0.073,0.01904555941245448,0.073,0.01904555941245448
Glut + NoC,Bs,C+S,Glut,NoC,C,S,0.028333333333333332,0.0034705106892854317,C,0.007666666666666666,0.002666666666666667,S,0.008166666666666668,0.002455153310442706,0.015833333333333335,0.012499999999999997,0.005018299844900993,Glut,NoC,0.37366666666666665,0.06736500905102324,0.2828333333333333,0.021030797522786537,0.08866666666666667,0.016072059952324438,0.073,0.01904555941245448,0.051333333333333335,0.01915666405660907,0.01,0.0013904435743076142,0.2818333333333333,0.01756021386860397,0.051333333333333335,0.01915666405660907,0.01,0.0013904435743076142
Glut + NoC,Bs,F+S,Glut,NoC,F,S,0.051,0.004802776974487435,F,0.04666666666666667,0.006606394208979998,S,0.008166666666666668,0.002455153310442706,0.05483333333333334,0.005,0.008528709684875485,Glut,NoC,0.37366666666666665,0.06736500905102324,0.2828333333333333,0.021030797522786537,0.08866666666666667,0.016072059952324438,0.073,0.01904555941245448,0.051333333333333335,0.01915666405660907,0.01,0.0013904435743076142,0.2818333333333333,0.01756021386860397,0.08866666666666667,0.016072059952324438,0.01,0.0013904435743076142
Glut + NoC,Bs,M+S,Glut,NoC,M,S,0.0805,0.005308797729555472,M,0.010666666666666666,0.004013864859597431,S,0.008166666666666668,0.002455153310442706,0.018833333333333334,0.06166666666666667,0.007093815773067568,Glut,NoC,0.37366666666666665,0.06736500905102324,0.2828333333333333,0.021030797522786537,0.08866666666666667,0.016072059952324438,0.073,0.01904555941245448,0.051333333333333335,0.01915666405660907,0.01,0.0013904435743076142,0.2818333333333333,0.01756021386860397,0.2828333333333333,0.021030797522786537,0.01,0.0013904435743076142
Glut + NoC,Bs,R+S,Glut,NoC,R,S,0.09016666666666666,0.008392125939103734,R,0.016999999999999998,0.004509249752822893,S,0.008166666666666668,0.002455153310442706,0.025166666666666664,0.065,0.009838134421163843,Glut,NoC,0.37366666666666665,0.06736500905102324,0.2828333333333333,0.021030797522786537,0.08866666666666667,0.016072059952324438,0.073,0.01904555941245448,0.051333333333333335,0.01915666405660907,0.01,0.0013904435743076142,0.2818333333333333,0.01756021386860397,0.073,0.01904555941245448,0.01,0.0013904435743076142
Glut + NoC,Bs,S+S,Glut,NoC,S,S,0.008166666666666668,0.002455153310442706,S,0.008166666666666668,0.002455153310442706,S,0.008166666666666668,0.002455153310442706,0.016333333333333335,0.005,0.004252450274057692,Glut,NoC,0.37366666666666665,0.06736500905102324,0.2828333333333333,0.021030797522786537,0.08866666666666667,0.016072059952324438,0.073,0.01904555941245448,0.051333333333333335,0.01915666405660907,0.01,0.0013904435743076142,0.2818333333333333,0.01756021386860397,0.01,0.0013904435743076142,0.01,0.0013904435743076142
Glut + NoC,Bs,WT+WT,Glut,NoC,WT,WT,0.37366666666666665,0.06736500905102324,,,,,,,,0.37366666666666665,0.0,Glut,NoC,0.37366666666666665,0.06736500905102324,0.2828333333333333,0.021030797522786537,0.08866666666666667,0.016072059952324438,0.073,0.01904555941245448,0.051333333333333335,0.01915666405660907,0.01,0.0013904435743076142,0.2818333333333333,0.01756021386860397,0.37366666666666665,0.06736500905102324,0.37366666666666665,0.06736500905102324
Glut + NoC,Ec,C+C,Glut,NoC,C,C,0.005,0.0,C,0.005,0.0,C,0.005,0.0,0.01,0.005,0.0,Glut,NoC,0.007166666666666666,0.001046156988431681,0.015666666666666666,0.005420127099780759,0.02033333333333333,0.008389146427246206,0.008,0.0009660917830792957,0.0075,0.0021095023109728986,0.011833333333333333,0.0017013066873566459,0.007833333333333333,0.0014472195564061605,0.0075,0.0021095023109728986,0.0075,0.0021095023109728986
Glut + NoC,Ec,F+C,Glut,NoC,F,C,0.009,0.001414213562373095,F,0.013666666666666667,0.00510990323891863,C,0.005,0.0,0.018666666666666668,0.005,0.005301991240195622,Glut,NoC,0.007166666666666666,0.001046156988431681,0.015666666666666666,0.005420127099780759,0.02033333333333333,0.008389146427246206,0.008,0.0009660917830792957,0.0075,0.0021095023109728986,0.011833333333333333,0.0017013066873566459,0.007833333333333333,0.0014472195564061605,0.02033333333333333,0.008389146427246206,0.0075,0.0021095023109728986
Glut + NoC,Ec,M+C,Glut,NoC,M,C,0.005,0.0,M,0.005,0.0,C,0.005,0.0,0.01,0.005,0.0,Glut,NoC,0.007166666666666666,0.001046156988431681,0.015666666666666666,0.005420127099780759,0.02033333333333333,0.008389146427246206,0.008,0.0009660917830792957,0.0075,0.0021095023109728986,0.011833333333333333,0.0017013066873566459,0.007833333333333333,0.0014472195564061605,0.015666666666666666,0.005420127099780759,0.0075,0.0021095023109728986
Glut + NoC,Ec,R+C,Glut,NoC,R,C,0.005166666666666667,0.00016666666666666663,R,0.006333333333333333,0.001333333333333333,C,0.005,0.0,0.011333333333333334,0.005,0.0013437096247164246,Glut,NoC,0.007166666666666666,0.001046156988431681,0.015666666666666666,0.005420127099780759,0.02033333333333333,0.008389146427246206,0.008,0.0009660917830792957,0.0075,0.0021095023109728986,0.011833333333333333,0.0017013066873566459,0.007833333333333333,0.0014472195564061605,0.008,0.0009660917830792957,0.0075,0.0021095023109728986
Glut + NoC,Ec,F+F,Glut,NoC,F,F,0.013666666666666667,0.00510990323891863,F,0.013666666666666667,0.00510990323891863,F,0.013666666666666667,0.00510990323891863,0.027333333333333334,0.005,0.008850612031567836,Glut,NoC,0.007166666666666666,0.001046156988431681,0.015666666666666666,0.005420127099780759,0.02033333333333333,0.008389146427246206,0.008,0.0009660917830792957,0.0075,0.0021095023109728986,0.011833333333333333,0.0017013066873566459,0.007833333333333333,0.0014472195564061605,0.02033333333333333,0.008389146427246206,0.02033333333333333,0.008389146427246206
Glut + NoC,Ec,M+F,Glut,NoC,M,F,0.0055000000000000005,0.0003415650255319867,M,0.005,0.0,F,0.013666666666666667,0.00510990323891863,0.018666666666666668,0.005,0.005121306256979539,Glut,NoC,0.007166666666666666,0.001046156988431681,0.015666666666666666,0.005420127099780759,0.02033333333333333,0.008389146427246206,0.008,0.0009660917830792957,0.0075,0.0021095023109728986,0.011833333333333333,0.0017013066873566459,0.007833333333333333,0.0014472195564061605,0.02033333333333333,0.008389146427246206,0.015666666666666666,0.005420127099780759
Glut + NoC,Ec,C+L,Glut,NoC,C,L,0.005,0.0,C,0.005,0.0,L,0.006666666666666667,0.0016666666666666666,0.011666666666666667,0.005,0.0016666666666666666,Glut,NoC,0.007166666666666666,0.001046156988431681,0.015666666666666666,0.005420127099780759,0.02033333333333333,0.008389146427246206,0.008,0.0009660917830792957,0.0075,0.0021095023109728986,0.011833333333333333,0.0017013066873566459,0.007833333333333333,0.0014472195564061605,0.007833333333333333,0.0014472195564061605,0.0075,0.0021095023109728986
Glut + NoC,Ec,F+L,Glut,NoC,F,L,0.005833333333333334,0.0005426273532033235,F,0.013666666666666667,0.00510990323891863,L,0.006666666666666667,0.0016666666666666666,0.020333333333333335,0.005,0.0054021600618024395,Glut,NoC,0.007166666666666666,0.001046156988431681,0.015666666666666666,0.005420127099780759,0.02033333333333333,0.008389146427246206,0.008,0.0009660917830792957,0.0075,0.0021095023109728986,0.011833333333333333,0.0017013066873566459,0.007833333333333333,0.0014472195564061605,0.02033333333333333,0.008389146427246206,0.007833333333333333,0.0014472195564061605
Glut + NoC,Ec,L+L,Glut,NoC,L,L,0.006666666666666667,0.0016666666666666666,L,0.006666666666666667,0.0016666666666666666,L,0.006666666666666667,0.0016666666666666666,0.013333333333333334,0.005,0.0028867513459481286,Glut,NoC,0.007166666666666666,0.001046156988431681,0.015666666666666666,0.005420127099780759,0.02033333333333333,0.008389146427246206,0.008,0.0009660917830792957,0.0075,0.0021095023109728986,0.011833333333333333,0.0017013066873566459,0.007833333333333333,0.0014472195564061605,0.007833333333333333,0.0014472195564061605,0.007833333333333333,0.0014472195564061605
Glut + NoC,Ec,M+L,Glut,NoC,M,L,0.005333333333333333,0.0003333333333333334,M,0.005,0.0,L,0.006666666666666667,0.0016666666666666666,0.011666666666666667,0.005,0.0016996731711975948,Glut,NoC,0.007166666666666666,0.001046156988431681,0.015666666666666666,0.005420127099780759,0.02033333333333333,0.008389146427246206,0.008,0.0009660917830792957,0.0075,0.0021095023109728986,0.011833333333333333,0.0017013066873566459,0.007833333333333333,0.0014472195564061605,0.015666666666666666,0.005420127099780759,0.007833333333333333,0.0014472195564061605
Glut + NoC,Ec,R+L,Glut,NoC,R,L,0.005166666666666667,0.0001666666666666667,R,0.006333333333333333,0.001333333333333333,L,0.006666666666666667,0.0016666666666666666,0.013000000000000001,0.005,0.002140872096444188,Glut,NoC,0.007166666666666666,0.001046156988431681,0.015666666666666666,0.005420127099780759,0.02033333333333333,0.008389146427246206,0.008,0.0009660917830792957,0.0075,0.0021095023109728986,0.011833333333333333,0.0017013066873566459,0.007833333333333333,0.0014472195564061605,0.008,0.0009660917830792957,0.007833333333333333,0.0014472195564061605
Glut + NoC,Ec,S+L,Glut,NoC,S,L,0.005,0.0,S,0.005,0.0,L,0.006666666666666667,0.0016666666666666666,0.011666666666666667,0.005,0.0016666666666666666,Glut,NoC,0.007166666666666666,0.001046156988431681,0.015666666666666666,0.005420127099780759,0.02033333333333333,0.008389146427246206,0.008,0.0009660917830792957,0.0075,0.0021095023109728986,0.011833333333333333,0.0017013066873566459,0.007833333333333333,0.0014472195564061605,0.011833333333333333,0.0017013066873566459,0.007833333333333333,0.0014472195564061605
Glut + NoC,Ec,M+M,Glut,NoC,M,M,0.005,0.0,M,0.005,0.0,M,0.005,0.0,0.01,0.005,0.0,Glut,NoC,0.007166666666666666,0.001046156988431681,0.015666666666666666,0.005420127099780759,0.02033333333333333,0.008389146427246206,0.008,0.0009660917830792957,0.0075,0.0021095023109728986,0.011833333333333333,0.0017013066873566459,0.007833333333333333,0.0014472195564061605,0.015666666666666666,0.005420127099780759,0.015666666666666666,0.005420127099780759
Glut + NoC,Ec,F+R,Glut,NoC,F,R,0.007166666666666666,0.0007031674369909661,F,0.013666666666666667,0.00510990323891863,R,0.006333333333333333,0.001333333333333333,0.02,0.005,0.00532760108616752,Glut,NoC,0.007166666666666666,0.001046156988431681,0.015666666666666666,0.005420127099780759,0.02033333333333333,0.008389146427246206,0.008,0.0009660917830792957,0.0075,0.0021095023109728986,0.011833333333333333,0.0017013066873566459,0.007833333333333333,0.0014472195564061605,0.02033333333333333,0.008389146427246206,0.008,0.0009660917830792957
Glut + NoC,Ec,M+R,Glut,NoC,M,R,0.006666666666666667,0.0010540925533894597,M,0.005,0.0,R,0.006333333333333333,0.001333333333333333,0.011333333333333334,0.005,0.0016996731711975948,Glut,NoC,0.007166666666666666,0.001046156988431681,0.015666666666666666,0.005420127099780759,0.02033333333333333,0.008389146427246206,0.008,0.0009660917830792957,0.0075,0.0021095023109728986,0.011833333333333333,0.0017013066873566459,0.007833333333333333,0.0014472195564061605,0.015666666666666666,0.005420127099780759,0.008,0.0009660917830792957
Glut + NoC,Ec,R+R,Glut,NoC,R,R,0.006333333333333333,0.001333333333333333,R,0.006333333333333333,0.001333333333333333,R,0.006333333333333333,0.001333333333333333,0.012666666666666666,0.005,0.0023094010767585028,Glut,NoC,0.007166666666666666,0.001046156988431681,0.015666666666666666,0.005420127099780759,0.02033333333333333,0.008389146427246206,0.008,0.0009660917830792957,0.0075,0.0021095023109728986,0.011833333333333333,0.0017013066873566459,0.007833333333333333,0.0014472195564061605,0.008,0.0009660917830792957,0.008,0.0009660917830792957
Glut + NoC,Ec,C+S,Glut,NoC,C,S,0.0065,0.0015,C,0.005,0.0,S,0.005,0.0,0.01,0.005,0.0015,Glut,NoC,0.007166666666666666,0.001046156988431681,0.015666666666666666,0.005420127099780759,0.02033333333333333,0.008389146427246206,0.008,0.0009660917830792957,0.0075,0.0021095023109728986,0.011833333333333333,0.0017013066873566459,0.007833333333333333,0.0014472195564061605,0.011833333333333333,0.0017013066873566459,0.0075,0.0021095023109728986
Glut + NoC,Ec,F+S,Glut,NoC,F,S,0.00675,0.001030776406404415,F,0.013666666666666667,0.00510990323891863,S,0.005,0.0,0.018666666666666668,0.005,0.005212831391011138,Glut,NoC,0.007166666666666666,0.001046156988431681,0.015666666666666666,0.005420127099780759,0.02033333333333333,0.008389146427246206,0.008,0.0009660917830792957,0.0075,0.0021095023109728986,0.011833333333333333,0.0017013066873566459,0.007833333333333333,0.0014472195564061605,0.02033333333333333,0.008389146427246206,0.011833333333333333,0.0017013066873566459
Glut + NoC,Ec,M+S,Glut,NoC,M,S,0.005999999999999999,0.0006831300510639731,M,0.005,0.0,S,0.005,0.0,0.01,0.005,0.0006831300510639731,Glut,NoC,0.007166666666666666,0.001046156988431681,0.015666666666666666,0.005420127099780759,0.02033333333333333,0.008389146427246206,0.008,0.0009660917830792957,0.0075,0.0021095023109728986,0.011833333333333333,0.0017013066873566459,0.007833333333333333,0.0014472195564061605,0.015666666666666666,0.005420127099780759,0.011833333333333333,0.0017013066873566459
Glut + NoC,Ec,R+S,Glut,NoC,R,S,0.005166666666666667,0.00016666666666666663,R,0.006333333333333333,0.001333333333333333,S,0.005,0.0,0.011333333333333334,0.005,0.0013437096247164246,Glut,NoC,0.007166666666666666,0.001046156988431681,0.015666666666666666,0.005420127099780759,0.02033333333333333,0.008389146427246206,0.008,0.0009660917830792957,0.0075,0.0021095023109728986,0.011833333333333333,0.0017013066873566459,0.007833333333333333,0.0014472195564061605,0.011833333333333333,0.0017013066873566459,0.008,0.0009660917830792957
Glut + NoC,Ec,S+S,Glut,NoC,S,S,0.005,0.0,S,0.005,0.0,S,0.005,0.0,0.01,0.005,0.0,Glut,NoC,0.007166666666666666,0.001046156988431681,0.015666666666666666,0.005420127099780759,0.02033333333333333,0.008389146427246206,0.008,0.0009660917830792957,0.0075,0.0021095023109728986,0.011833333333333333,0.0017013066873566459,0.007833333333333333,0.0014472195564061605,0.011833333333333333,0.0017013066873566459,0.011833333333333333,0.0017013066873566459
Glut + NoC,Ec,WT+WT,Glut,NoC,WT,WT,0.007166666666666666,0.001046156988431681,,,,,,,,0.007166666666666666,0.0,Glut,NoC,0.007166666666666666,0.001046156988431681,0.015666666666666666,0.005420127099780759,0.02033333333333333,0.008389146427246206,0.008,0.0009660917830792957,0.0075,0.0021095023109728986,0.011833333333333333,0.0017013066873566459,0.007833333333333333,0.0014472195564061605,0.007166666666666666,0.001046156988431681,0.007166666666666666,0.001046156988431681
NoN + Fum,Bs,C+C,NoN,Fum,C,C,0.005,0.0,C,0.005,0.0,C,0.005,0.0,0.01,0.005,0.0,NoN,Fum,0.028583333333333332,0.007752280537709761,0.059166666666666666,0.009319930853343877,0.04616666666666667,0.007380187783327177,0.0295,0.0012091820425896229,0.036083333333333335,0.0061267648457197605,0.005,0.0,0.05858333333333333,0.012271831710684168,0.036083333333333335,0.0061267648457197605,0.036083333333333335,0.0061267648457197605
NoN + Fum,Bs,F+C,NoN,Fum,F,C,0.016,0.0016190157878205268,F,0.006666666666666667,0.0008378664583453631,C,0.005,0.0,0.011666666666666667,0.005,0.0018229734839630342,NoN,Fum,0.028583333333333332,0.007752280537709761,0.059166666666666666,0.009319930853343877,0.04616666666666667,0.007380187783327177,0.0295,0.0012091820425896229,0.036083333333333335,0.0061267648457197605,0.005,0.0,0.05858333333333333,0.012271831710684168,0.04616666666666667,0.007380187783327177,0.036083333333333335,0.0061267648457197605
NoN + Fum,Bs,M+C,NoN,Fum,M,C,0.009916666666666666,0.002068736744289064,M,0.005583333333333333,0.0003361622383686938,C,0.005,0.0,0.010583333333333333,0.005,0.002095871362387674,NoN,Fum,0.028583333333333332,0.007752280537709761,0.059166666666666666,0.009319930853343877,0.04616666666666667,0.007380187783327177,0.0295,0.0012091820425896229,0.036083333333333335,0.0061267648457197605,0.005,0.0,0.05858333333333333,0.012271831710684168,0.059166666666666666,0.009319930853343877,0.036083333333333335,0.0061267648457197605
NoN + Fum,Bs,R+C,NoN,Fum,R,C,0.019666666666666666,0.003488798815024617,R,0.005416666666666667,0.00019299604852813634,C,0.005,0.0,0.010416666666666668,0.009249999999999998,0.0034941328890677075,NoN,Fum,0.028583333333333332,0.007752280537709761,0.059166666666666666,0.009319930853343877,0.04616666666666667,0.007380187783327177,0.0295,0.0012091820425896229,0.036083333333333335,0.0061267648457197605,0.005,0.0,0.05858333333333333,0.012271831710684168,0.036083333333333335,0.0061267648457197605,0.0295,0.0012091820425896229
NoN + Fum,Bs,F+F,NoN,Fum,F,F,0.006666666666666667,0.0008378664583453631,F,0.006666666666666667,0.0008378664583453631,F,0.006666666666666667,0.0008378664583453631,0.013333333333333334,0.005,0.0014512272758119612,NoN,Fum,0.028583333333333332,0.007752280537709761,0.059166666666666666,0.009319930853343877,0.04616666666666667,0.007380187783327177,0.0295,0.0012091820425896229,0.036083333333333335,0.0061267648457197605,0.005,0.0,0.05858333333333333,0.012271831710684168,0.04616666666666667,0.007380187783327177,0.04616666666666667,0.007380187783327177
NoN + Fum,Bs,M+F,NoN,Fum,M,F,0.024583333333333332,0.0024197994323764296,M,0.005583333333333333,0.0003361622383686938,F,0.006666666666666667,0.0008378664583453631,0.01225,0.012333333333333332,0.002582722312881225,NoN,Fum,0.028583333333333332,0.007752280537709761,0.059166666666666666,0.009319930853343877,0.04616666666666667,0.007380187783327177,0.0295,0.0012091820425896229,0.036083333333333335,0.0061267648457197605,0.005,0.0,0.05858333333333333,0.012271831710684168,0.059166666666666666,0.009319930853343877,0.04616666666666667,0.007380187783327177
NoN + Fum,Bs,C+L,NoN,Fum,C,L,0.0062499999999999995,0.0005093816810307347,C,0.005,0.0,L,0.005,0.0,0.01,0.005,0.0005093816810307347,NoN,Fum,0.028583333333333332,0.007752280537709761,0.059166666666666666,0.009319930853343877,0.04616666666666667,0.007380187783327177,0.0295,0.0012091820425896229,0.036083333333333335,0.0061267648457197605,0.005,0.0,0.05858333333333333,0.012271831710684168,0.05858333333333333,0.012271831710684168,0.036083333333333335,0.0061267648457197605
NoN + Fum,Bs,F+L,NoN,Fum,F,L,0.015583333333333333,0.002203503867237199,F,0.006666666666666667,0.0008378664583453631,L,0.005,0.0,0.011666666666666667,0.005,0.002357424334936223,NoN,Fum,0.028583333333333332,0.007752280537709761,0.059166666666666666,0.009319930853343877,0.04616666666666667,0.007380187783327177,0.0295,0.0012091820425896229,0.036083333333333335,0.0061267648457197605,0.005,0.0,0.05858333333333333,0.012271831710684168,0.05858333333333333,0.012271831710684168,0.04616666666666667,0.007380187783327177
NoN + Fum,Bs,L+L,NoN,Fum,L,L,0.005,0.0,L,0.005,0.0,L,0.005,0.0,0.01,0.005,0.0,NoN,Fum,0.028583333333333332,0.007752280537709761,0.059166666666666666,0.009319930853343877,0.04616666666666667,0.007380187783327177,0.0295,0.0012091820425896229,0.036083333333333335,0.0061267648457197605,0.005,0.0,0.05858333333333333,0.012271831710684168,0.05858333333333333,0.012271831710684168,0.05858333333333333,0.012271831710684168
NoN + Fum,Bs,M+L,NoN,Fum,M,L,0.02725,0.004888336458687488,M,0.005583333333333333,0.0003361622383686938,L,0.005,0.0,0.010583333333333333,0.016666666666666666,0.004899881466304913,NoN,Fum,0.028583333333333332,0.007752280537709761,0.059166666666666666,0.009319930853343877,0.04616666666666667,0.007380187783327177,0.0295,0.0012091820425896229,0.036083333333333335,0.0061267648457197605,0.005,0.0,0.05858333333333333,0.012271831710684168,0.059166666666666666,0.009319930853343877,0.05858333333333333,0.012271831710684168
NoN + Fum,Bs,R+L,NoN,Fum,R,L,0.022083333333333333,0.003589670224858034,R,0.005416666666666667,0.00019299604852813634,L,0.005,0.0,0.010416666666666668,0.011666666666666665,0.0035948546282123573,NoN,Fum,0.028583333333333332,0.007752280537709761,0.059166666666666666,0.009319930853343877,0.04616666666666667,0.007380187783327177,0.0295,0.0012091820425896229,0.036083333333333335,0.0061267648457197605,0.005,0.0,0.05858333333333333,0.012271831710684168,0.05858333333333333,0.012271831710684168,0.0295,0.0012091820425896229
NoN + Fum,Bs,S+L,NoN,Fum,S,L,0.0095,0.0014222261679238198,S,0.005,0.0,L,0.005,0.0,0.01,0.005,0.0014222261679238198,NoN,Fum,0.028583333333333332,0.007752280537709761,0.059166666666666666,0.009319930853343877,0.04616666666666667,0.007380187783327177,0.0295,0.0012091820425896229,0.036083333333333335,0.0061267648457197605,0.005,0.0,0.05858333333333333,0.012271831710684168,0.05858333333333333,0.012271831710684168,0.005,0.0
NoN + Fum,Bs,M+M,NoN,Fum,M,M,0.005583333333333333,0.0003361622383686938,M,0.005583333333333333,0.0003361622383686938,M,0.005583333333333333,0.0003361622383686938,0.011166666666666667,0.005,0.0005822500764406575,NoN,Fum,0.028583333333333332,0.007752280537709761,0.059166666666666666,0.009319930853343877,0.04616666666666667,0.007380187783327177,0.0295,0.0012091820425896229,0.036083333333333335,0.0061267648457197605,0.005,0.0,0.05858333333333333,0.012271831710684168,0.059166666666666666,0.009319930853343877,0.059166666666666666,0.009319930853343877
NoN + Fum,Bs,F+R,NoN,Fum,F,R,0.023666666666666666,0.003018461712712472,F,0.006666666666666667,0.0008378664583453631,R,0.005416666666666667,0.00019299604852813634,0.012083333333333335,0.011583333333333331,0.003138531310641776,NoN,Fum,0.028583333333333332,0.007752280537709761,0.059166666666666666,0.009319930853343877,0.04616666666666667,0.007380187783327177,0.0295,0.0012091820425896229,0.036083333333333335,0.0061267648457197605,0.005,0.0,0.05858333333333333,0.012271831710684168,0.04616666666666667,0.007380187783327177,0.0295,0.0012091820425896229
NoN + Fum,Bs,M+R,NoN,Fum,M,R,0.026833333333333334,0.00564187983572923,M,0.005583333333333333,0.0003361622383686938,R,0.005416666666666667,0.00019299604852813634,0.011,0.015833333333333335,0.0056551799799883125,NoN,Fum,0.028583333333333332,0.007752280537709761,0.059166666666666666,0.009319930853343877,0.04616666666666667,0.007380187783327177,0.0295,0.0012091820425896229,0.036083333333333335,0.0061267648457197605,0.005,0.0,0.05858333333333333,0.012271831710684168,0.059166666666666666,0.009319930853343877,0.0295,0.0012091820425896229
NoN + Fum,Bs,R+R,NoN,Fum,R,R,0.005416666666666667,0.00019299604852813634,R,0.005416666666666667,0.00019299604852813634,R,0.005416666666666667,0.00019299604852813634,0.010833333333333334,0.005,0.00033427896171076075,NoN,Fum,0.028583333333333332,0.007752280537709761,0.059166666666666666,0.009319930853343877,0.04616666666666667,0.007380187783327177,0.0295,0.0012091820425896229,0.036083333333333335,0.0061267648457197605,0.005,0.0,0.05858333333333333,0.012271831710684168,0.0295,0.0012091820425896229,0.0295,0.0012091820425896229
NoN + Fum,Bs,C+S,NoN,Fum,C,S,0.005,0.0,C,0.005,0.0,S,0.005,0.0,0.01,0.005,0.0,NoN,Fum,0.028583333333333332,0.007752280537709761,0.059166666666666666,0.009319930853343877,0.04616666666666667,0.007380187783327177,0.0295,0.0012091820425896229,0.036083333333333335,0.0061267648457197605,0.005,0.0,0.05858333333333333,0.012271831710684168,0.036083333333333335,0.0061267648457197605,0.005,0.0
NoN + Fum,Bs,F+S,NoN,Fum,F,S,0.019083333333333334,0.0022944542274842186,F,0.006666666666666667,0.0008378664583453631,S,0.005,0.0,0.011666666666666667,0.007416666666666667,0.002442650282795391,NoN,Fum,0.028583333333333332,0.007752280537709761,0.059166666666666666,0.009319930853343877,0.04616666666666667,0.007380187783327177,0.0295,0.0012091820425896229,0.036083333333333335,0.0061267648457197605,0.005,0.0,0.05858333333333333,0.012271831710684168,0.04616666666666667,0.007380187783327177,0.005,0.0
NoN + Fum,Bs,M+S,NoN,Fum,M,S,0.011999999999999999,0.0011078234188139945,M,0.005583333333333333,0.0003361622383686938,S,0.005,0.0,0.010583333333333333,0.005,0.0011577036657874837,NoN,Fum,0.028583333333333332,0.007752280537709761,0.059166666666666666,0.009319930853343877,0.04616666666666667,0.007380187783327177,0.0295,0.0012091820425896229,0.036083333333333335,0.0061267648457197605,0.005,0.0,0.05858333333333333,0.012271831710684168,0.059166666666666666,0.009319930853343877,0.005,0.0
NoN + Fum,Bs,R+S,NoN,Fum,R,S,0.023916666666666666,0.004314279204050782,R,0.005416666666666667,0.00019299604852813634,S,0.005,0.0,0.010416666666666668,0.013499999999999998,0.004318593813413404,NoN,Fum,0.028583333333333332,0.007752280537709761,0.059166666666666666,0.009319930853343877,0.04616666666666667,0.007380187783327177,0.0295,0.0012091820425896229,0.036083333333333335,0.0061267648457197605,0.005,0.0,0.05858333333333333,0.012271831710684168,0.0295,0.0012091820425896229,0.005,0.0
NoN + Fum,Bs,S+S,NoN,Fum,S,S,0.005,0.0,S,0.005,0.0,S,0.005,0.0,0.01,0.005,0.0,NoN,Fum,0.028583333333333332,0.007752280537709761,0.059166666666666666,0.009319930853343877,0.04616666666666667,0.007380187783327177,0.0295,0.0012091820425896229,0.036083333333333335,0.0061267648457197605,0.005,0.0,0.05858333333333333,0.012271831710684168,0.005,0.0,0.005,0.0
NoN + Fum,Bs,WT+WT,NoN,Fum,WT,WT,0.028583333333333332,0.007752280537709761,,,,,,,,0.028583333333333332,0.0,NoN,Fum,0.028583333333333332,0.007752280537709761,0.059166666666666666,0.009319930853343877,0.04616666666666667,0.007380187783327177,0.0295,0.0012091820425896229,0.036083333333333335,0.0061267648457197605,0.005,0.0,0.05858333333333333,0.012271831710684168,0.028583333333333332,0.007752280537709761,0.028583333333333332,0.007752280537709761
NoN + Fum,Ec,C+C,NoN,Fum,C,C,0.005,0.0,C,0.005,0.0,C,0.005,0.0,0.01,0.005,0.0,NoN,Fum,0.04041666666666666,0.0044542426716309225,0.077,0.009167630803291249,0.058499999999999996,0.0031920830094773448,0.06725,0.005048439602911223,0.043000000000000003,0.003475019075596216,0.048916666666666664,0.007262876061648626,0.04624999999999999,0.00486503449176474,0.043000000000000003,0.003475019075596216,0.043000000000000003,0.003475019075596216
NoN + Fum,Ec,F+C,NoN,Fum,F,C,0.03,0.0015025231304628083,F,0.015583333333333333,0.0030412774761387176,C,0.005,0.0,0.020583333333333332,0.009416666666666667,0.003392188739507937,NoN,Fum,0.04041666666666666,0.0044542426716309225,0.077,0.009167630803291249,0.058499999999999996,0.0031920830094773448,0.06725,0.005048439602911223,0.043000000000000003,0.003475019075596216,0.048916666666666664,0.007262876061648626,0.04624999999999999,0.00486503449176474,0.058499999999999996,0.0031920830094773448,0.043000000000000003,0.003475019075596216
NoN + Fum,Ec,M+C,NoN,Fum,M,C,0.005,0.0,M,0.005,0.0,C,0.005,0.0,0.01,0.005,0.0,NoN,Fum,0.04041666666666666,0.0044542426716309225,0.077,0.009167630803291249,0.058499999999999996,0.0031920830094773448,0.06725,0.005048439602911223,0.043000000000000003,0.003475019075596216,0.048916666666666664,0.007262876061648626,0.04624999999999999,0.00486503449176474,0.077,0.009167630803291249,0.043000000000000003,0.003475019075596216
NoN + Fum,Ec,R+C,NoN,Fum,R,C,0.005,0.0,R,0.005,0.0,C,0.005,0.0,0.01,0.005,0.0,NoN,Fum,0.04041666666666666,0.0044542426716309225,0.077,0.009167630803291249,0.058499999999999996,0.0031920830094773448,0.06725,0.005048439602911223,0.043000000000000003,0.003475019075596216,0.048916666666666664,0.007262876061648626,0.04624999999999999,0.00486503449176474,0.06725,0.005048439602911223,0.043000000000000003,0.003475019075596216
NoN + Fum,Ec,F+F,NoN,Fum,F,F,0.015583333333333333,0.0030412774761387176,F,0.015583333333333333,0.0030412774761387176,F,0.015583333333333333,0.0030412774761387176,0.031166666666666665,0.005,0.005267647108587103,NoN,Fum,0.04041666666666666,0.0044542426716309225,0.077,0.009167630803291249,0.058499999999999996,0.0031920830094773448,0.06725,0.005048439602911223,0.043000000000000003,0.003475019075596216,0.048916666666666664,0.007262876061648626,0.04624999999999999,0.00486503449176474,0.058499999999999996,0.0031920830094773448,0.058499999999999996,0.0031920830094773448
NoN + Fum,Ec,M+F,NoN,Fum,M,F,0.12566666666666668,0.037543779158941276,M,0.005,0.0,F,0.015583333333333333,0.0030412774761387176,0.020583333333333332,0.10508333333333335,0.03766675884944472,NoN,Fum,0.04041666666666666,0.0044542426716309225,0.077,0.009167630803291249,0.058499999999999996,0.0031920830094773448,0.06725,0.005048439602911223,0.043000000000000003,0.003475019075596216,0.048916666666666664,0.007262876061648626,0.04624999999999999,0.00486503449176474,0.077,0.009167630803291249,0.058499999999999996,0.0031920830094773448
NoN + Fum,Ec,C+L,NoN,Fum,C,L,0.005,0.0,C,0.005,0.0,L,0.005,0.0,0.01,0.005,0.0,NoN,Fum,0.04041666666666666,0.0044542426716309225,0.077,0.009167630803291249,0.058499999999999996,0.0031920830094773448,0.06725,0.005048439602911223,0.043000000000000003,0.003475019075596216,0.048916666666666664,0.007262876061648626,0.04624999999999999,0.00486503449176474,0.04624999999999999,0.00486503449176474,0.043000000000000003,0.003475019075596216
NoN + Fum,Ec,F+L,NoN,Fum,F,L,0.030166666666666665,0.001991776020834601,F,0.015583333333333333,0.0030412774761387176,L,0.005,0.0,0.020583333333333332,0.009583333333333333,0.0036354560104669685,NoN,Fum,0.04041666666666666,0.0044542426716309225,0.077,0.009167630803291249,0.058499999999999996,0.0031920830094773448,0.06725,0.005048439602911223,0.043000000000000003,0.003475019075596216,0.048916666666666664,0.007262876061648626,0.04624999999999999,0.00486503449176474,0.058499999999999996,0.0031920830094773448,0.04624999999999999,0.00486503449176474
NoN + Fum,Ec,L+L,NoN,Fum,L,L,0.005,0.0,L,0.005,0.0,L,0.005,0.0,0.01,0.005,0.0,NoN,Fum,0.04041666666666666,0.0044542426716309225,0.077,0.009167630803291249,0.058499999999999996,0.0031920830094773448,0.06725,0.005048439602911223,0.043000000000000003,0.003475019075596216,0.048916666666666664,0.007262876061648626,0.04624999999999999,0.00486503449176474,0.04624999999999999,0.00486503449176474,0.04624999999999999,0.00486503449176474
NoN + Fum,Ec,M+L,NoN,Fum,M,L,0.02741666666666667,0.002108634246103004,M,0.005,0.0,L,0.005,0.0,0.01,0.01741666666666667,0.002108634246103004,NoN,Fum,0.04041666666666666,0.0044542426716309225,0.077,0.009167630803291249,0.058499999999999996,0.0031920830094773448,0.06725,0.005048439602911223,0.043000000000000003,0.003475019075596216,0.048916666666666664,0.007262876061648626,0.04624999999999999,0.00486503449176474,0.077,0.009167630803291249,0.04624999999999999,0.00486503449176474
NoN + Fum,Ec,R+L,NoN,Fum,R,L,0.005583333333333333,0.00039806983804301966,R,0.005,0.0,L,0.005,0.0,0.01,0.005,0.00039806983804301966,NoN,Fum,0.04041666666666666,0.0044542426716309225,0.077,0.009167630803291249,0.058499999999999996,0.0031920830094773448,0.06725,0.005048439602911223,0.043000000000000003,0.003475019075596216,0.048916666666666664,0.007262876061648626,0.04624999999999999,0.00486503449176474,0.06725,0.005048439602911223,0.04624999999999999,0.00486503449176474
NoN + Fum,Ec,S+L,NoN,Fum,S,L,0.005,0.0,S,0.005,0.0,L,0.005,0.0,0.01,0.005,0.0,NoN,Fum,0.04041666666666666,0.0044542426716309225,0.077,0.009167630803291249,0.058499999999999996,0.0031920830094773448,0.06725,0.005048439602911223,0.043000000000000003,0.003475019075596216,0.048916666666666664,0.007262876061648626,0.04624999999999999,0.00486503449176474,0.048916666666666664,0.007262876061648626,0.04624999999999999,0.00486503449176474
NoN + Fum,Ec,M+M,NoN,Fum,M,M,0.005,0.0,M,0.005,0.0,M,0.005,0.0,0.01,0.005,0.0,NoN,Fum,0.04041666666666666,0.0044542426716309225,0.077,0.009167630803291249,0.058499999999999996,0.0031920830094773448,0.06725,0.005048439602911223,0.043000000000000003,0.003475019075596216,0.048916666666666664,0.007262876061648626,0.04624999999999999,0.00486503449176474,0.077,0.009167630803291249,0.077,0.009167630803291249
NoN + Fum,Ec,F+R,NoN,Fum,F,R,0.031166666666666665,0.0018083699898532985,F,0.015583333333333333,0.0030412774761387176,R,0.005,0.0,0.020583333333333332,0.010583333333333333,0.0035383005393932704,NoN,Fum,0.04041666666666666,0.0044542426716309225,0.077,0.009167630803291249,0.058499999999999996,0.0031920830094773448,0.06725,0.005048439602911223,0.043000000000000003,0.003475019075596216,0.048916666666666664,0.007262876061648626,0.04624999999999999,0.00486503449176474,0.06725,0.005048439602911223,0.058499999999999996,0.0031920830094773448
NoN + Fum,Ec,M+R,NoN,Fum,M,R,0.0395,0.0036999180990116443,M,0.005,0.0,R,0.005,0.0,0.01,0.0295,0.0036999180990116443,NoN,Fum,0.04041666666666666,0.0044542426716309225,0.077,0.009167630803291249,0.058499999999999996,0.0031920830094773448,0.06725,0.005048439602911223,0.043000000000000003,0.003475019075596216,0.048916666666666664,0.007262876061648626,0.04624999999999999,0.00486503449176474,0.077,0.009167630803291249,0.06725,0.005048439602911223
NoN + Fum,Ec,R+R,NoN,Fum,R,R,0.005,0.0,R,0.005,0.0,R,0.005,0.0,0.01,0.005,0.0,NoN,Fum,0.04041666666666666,0.0044542426716309225,0.077,0.009167630803291249,0.058499999999999996,0.0031920830094773448,0.06725,0.005048439602911223,0.043000000000000003,0.003475019075596216,0.048916666666666664,0.007262876061648626,0.04624999999999999,0.00486503449176474,0.06725,0.005048439602911223,0.06725,0.005048439602911223
NoN + Fum,Ec,C+S,NoN,Fum,C,S,0.005,0.0,C,0.005,0.0,S,0.005,0.0,0.01,0.005,0.0,NoN,Fum,0.04041666666666666,0.0044542426716309225,0.077,0.009167630803291249,0.058499999999999996,0.0031920830094773448,0.06725,0.005048439602911223,0.043000000000000003,0.003475019075596216,0.048916666666666664,0.007262876061648626,0.04624999999999999,0.00486503449176474,0.048916666666666664,0.007262876061648626,0.043000000000000003,0.003475019075596216
NoN + Fum,Ec,F+S,NoN,Fum,F,S,0.025750000000000002,0.0013855117672336302,F,0.015583333333333333,0.0030412774761387176,S,0.005,0.0,0.020583333333333332,0.00516666666666667,0.0033420071131000824,NoN,Fum,0.04041666666666666,0.0044542426716309225,0.077,0.009167630803291249,0.058499999999999996,0.0031920830094773448,0.06725,0.005048439602911223,0.043000000000000003,0.003475019075596216,0.048916666666666664,0.007262876061648626,0.04624999999999999,0.00486503449176474,0.058499999999999996,0.0031920830094773448,0.048916666666666664,0.007262876061648626
NoN + Fum,Ec,M+S,NoN,Fum,M,S,0.019916666666666666,0.0021548336550202855,M,0.005,0.0,S,0.005,0.0,0.01,0.009916666666666666,0.0021548336550202855,NoN,Fum,0.04041666666666666,0.0044542426716309225,0.077,0.009167630803291249,0.058499999999999996,0.0031920830094773448,0.06725,0.005048439602911223,0.043000000000000003,0.003475019075596216,0.048916666666666664,0.007262876061648626,0.04624999999999999,0.00486503449176474,0.077,0.009167630803291249,0.048916666666666664,0.007262876061648626
NoN + Fum,Ec,R+S,NoN,Fum,R,S,0.0062499999999999995,0.0005383054219239549,R,0.005,0.0,S,0.005,0.0,0.01,0.005,0.0005383054219239549,NoN,Fum,0.04041666666666666,0.0044542426716309225,0.077,0.009167630803291249,0.058499999999999996,0.0031920830094773448,0.06725,0.005048439602911223,0.043000000000000003,0.003475019075596216,0.048916666666666664,0.007262876061648626,0.04624999999999999,0.00486503449176474,0.06725,0.005048439602911223,0.048916666666666664,0.007262876061648626
NoN + Fum,Ec,S+S,NoN,Fum,S,S,0.005,0.0,S,0.005,0.0,S,0.005,0.0,0.01,0.005,0.0,NoN,Fum,0.04041666666666666,0.0044542426716309225,0.077,0.009167630803291249,0.058499999999999996,0.0031920830094773448,0.06725,0.005048439602911223,0.043000000000000003,0.003475019075596216,0.048916666666666664,0.007262876061648626,0.04624999999999999,0.00486503449176474,0.048916666666666664,0.007262876061648626,0.048916666666666664,0.007262876061648626
NoN + Fum,Ec,WT+WT,NoN,Fum,WT,WT,0.04041666666666666,0.0044542426716309225,,,,,,,,0.04041666666666666,0.0,NoN,Fum,0.04041666666666666,0.0044542426716309225,0.077,0.009167630803291249,0.058499999999999996,0.0031920830094773448,0.06725,0.005048439602911223,0.043000000000000003,0.003475019075596216,0.048916666666666664,0.007262876061648626,0.04624999999999999,0.00486503449176474,0.04041666666666666,0.0044542426716309225,0.04041666666666666,0.0044542426716309225
NoN + Gluc,Bs,C+C,NoN,Gluc,C,C,0.005,0.0,C,0.005,0.0,C,0.005,0.0,0.01,0.005,0.0,NoN,Gluc,0.074,0.0254454258555383,0.06683333333333334,0.006226572252869311,0.05608333333333334,0.013421183128385387,0.09133333333333334,0.0077901777057310245,0.06366666666666666,0.009282872247947679,0.005,0.0,0.04225,0.0042124005248573146,0.06366666666666666,0.009282872247947679,0.06366666666666666,0.009282872247947679
NoN + Gluc,Bs,F+C,NoN,Gluc,F,C,0.021916666666666668,0.0027008930434808467,F,0.009583333333333334,0.0022410033377029937,C,0.005,0.0,0.014583333333333334,0.007333333333333334,0.0035095468641862,NoN,Gluc,0.074,0.0254454258555383,0.06683333333333334,0.006226572252869311,0.05608333333333334,0.013421183128385387,0.09133333333333334,0.0077901777057310245,0.06366666666666666,0.009282872247947679,0.005,0.0,0.04225,0.0042124005248573146,0.06366666666666666,0.009282872247947679,0.05608333333333334,0.013421183128385387
NoN + Gluc,Bs,M+C,NoN,Gluc,M,C,0.0095,0.0016353111093129723,M,0.006666666666666667,0.000721250317297691,C,0.005,0.0,0.011666666666666667,0.005,0.0017873008824606013,NoN,Gluc,0.074,0.0254454258555383,0.06683333333333334,0.006226572252869311,0.05608333333333334,0.013421183128385387,0.09133333333333334,0.0077901777057310245,0.06366666666666666,0.009282872247947679,0.005,0.0,0.04225,0.0042124005248573146,0.06683333333333334,0.006226572252869311,0.06366666666666666,0.009282872247947679
NoN + Gluc,Bs,R+C,NoN,Gluc,R,C,0.015583333333333333,0.0021086342461030037,R,0.0055000000000000005,0.0003588702812826367,C,0.005,0.0,0.0105,0.005083333333333332,0.002138954478857898,NoN,Gluc,0.074,0.0254454258555383,0.06683333333333334,0.006226572252869311,0.05608333333333334,0.013421183128385387,0.09133333333333334,0.0077901777057310245,0.06366666666666666,0.009282872247947679,0.005,0.0,0.04225,0.0042124005248573146,0.09133333333333334,0.0077901777057310245,0.06366666666666666,0.009282872247947679
NoN + Gluc,Bs,F+F,NoN,Gluc,F,F,0.009583333333333334,0.0022410033377029937,F,0.009583333333333334,0.0022410033377029937,F,0.009583333333333334,0.0022410033377029937,0.01916666666666667,0.005,0.0038815316408330196,NoN,Gluc,0.074,0.0254454258555383,0.06683333333333334,0.006226572252869311,0.05608333333333334,0.013421183128385387,0.09133333333333334,0.0077901777057310245,0.06366666666666666,0.009282872247947679,0.005,0.0,0.04225,0.0042124005248573146,0.05608333333333334,0.013421183128385387,0.05608333333333334,0.013421183128385387
NoN + Gluc,Bs,M+F,NoN,Gluc,M,F,0.045250000000000005,0.005620747550842594,M,0.006666666666666667,0.000721250317297691,F,0.009583333333333334,0.0022410033377029937,0.01625,0.029000000000000005,0.006093857646031864,NoN,Gluc,0.074,0.0254454258555383,0.06683333333333334,0.006226572252869311,0.05608333333333334,0.013421183128385387,0.09133333333333334,0.0077901777057310245,0.06366666666666666,0.009282872247947679,0.005,0.0,0.04225,0.0042124005248573146,0.06683333333333334,0.006226572252869311,0.05608333333333334,0.013421183128385387
NoN + Gluc,Bs,C+L,NoN,Gluc,C,L,0.008583333333333333,0.002076047867337058,C,0.005,0.0,L,0.005,0.0,0.01,0.005,0.002076047867337058,NoN,Gluc,0.074,0.0254454258555383,0.06683333333333334,0.006226572252869311,0.05608333333333334,0.013421183128385387,0.09133333333333334,0.0077901777057310245,0.06366666666666666,0.009282872247947679,0.005,0.0,0.04225,0.0042124005248573146,0.06366666666666666,0.009282872247947679,0.04225,0.0042124005248573146
NoN + Gluc,Bs,F+L,NoN,Gluc,F,L,0.02125,0.002056493779875511,F,0.009583333333333334,0.0022410033377029937,L,0.005,0.0,0.014583333333333334,0.006666666666666668,0.0030415888325450277,NoN,Gluc,0.074,0.0254454258555383,0.06683333333333334,0.006226572252869311,0.05608333333333334,0.013421183128385387,0.09133333333333334,0.0077901777057310245,0.06366666666666666,0.009282872247947679,0.005,0.0,0.04225,0.0042124005248573146,0.05608333333333334,0.013421183128385387,0.04225,0.0042124005248573146
NoN + Gluc,Bs,L+L,NoN,Gluc,L,L,0.005,0.0,L,0.005,0.0,L,0.005,0.0,0.01,0.005,0.0,NoN,Gluc,0.074,0.0254454258555383,0.06683333333333334,0.006226572252869311,0.05608333333333334,0.013421183128385387,0.09133333333333334,0.0077901777057310245,0.06366666666666666,0.009282872247947679,0.005,0.0,0.04225,0.0042124005248573146,0.04225,0.0042124005248573146,0.04225,0.0042124005248573146
NoN + Gluc,Bs,M+L,NoN,Gluc,M,L,0.016,0.002452580582804879,M,0.006666666666666667,0.000721250317297691,L,0.005,0.0,0.011666666666666667,0.005,0.0025564337533668926,NoN,Gluc,0.074,0.0254454258555383,0.06683333333333334,0.006226572252869311,0.05608333333333334,0.013421183128385387,0.09133333333333334,0.0077901777057310245,0.06366666666666666,0.009282872247947679,0.005,0.0,0.04225,0.0042124005248573146,0.06683333333333334,0.006226572252869311,0.04225,0.0042124005248573146
NoN + Gluc,Bs,R+L,NoN,Gluc,R,L,0.012583333333333334,0.0011245088714724317,R,0.0055000000000000005,0.0003588702812826367,L,0.005,0.0,0.0105,0.005,0.0011803847172884275,NoN,Gluc,0.074,0.0254454258555383,0.06683333333333334,0.006226572252869311,0.05608333333333334,0.013421183128385387,0.09133333333333334,0.0077901777057310245,0.06366666666666666,0.009282872247947679,0.005,0.0,0.04225,0.0042124005248573146,0.09133333333333334,0.0077901777057310245,0.04225,0.0042124005248573146
NoN + Gluc,Bs,S+L,NoN,Gluc,S,L,0.011916666666666666,0.002466313447273485,S,0.005,0.0,L,0.005,0.0,0.01,0.005,0.002466313447273485,NoN,Gluc,0.074,0.0254454258555383,0.06683333333333334,0.006226572252869311,0.05608333333333334,0.013421183128385387,0.09133333333333334,0.0077901777057310245,0.06366666666666666,0.009282872247947679,0.005,0.0,0.04225,0.0042124005248573146,0.04225,0.0042124005248573146,0.005,0.0
NoN + Gluc,Bs,M+M,NoN,Gluc,M,M,0.006666666666666667,0.000721250317297691,M,0.006666666666666667,0.000721250317297691,M,0.006666666666666667,0.000721250317297691,0.013333333333333334,0.005,0.0012492421945347748,NoN,Gluc,0.074,0.0254454258555383,0.06683333333333334,0.006226572252869311,0.05608333333333334,0.013421183128385387,0.09133333333333334,0.0077901777057310245,0.06366666666666666,0.009282872247947679,0.005,0.0,0.04225,0.0042124005248573146,0.06683333333333334,0.006226572252869311,0.06683333333333334,0.006226572252869311
NoN + Gluc,Bs,F+R,NoN,Gluc,F,R,0.029416666666666664,0.003664858369526286,F,0.009583333333333334,0.0022410033377029937,R,0.0055000000000000005,0.0003588702812826367,0.015083333333333334,0.01433333333333333,0.004310692601783466,NoN,Gluc,0.074,0.0254454258555383,0.06683333333333334,0.006226572252869311,0.05608333333333334,0.013421183128385387,0.09133333333333334,0.0077901777057310245,0.06366666666666666,0.009282872247947679,0.005,0.0,0.04225,0.0042124005248573146,0.09133333333333334,0.0077901777057310245,0.05608333333333334,0.013421183128385387
NoN + Gluc,Bs,M+R,NoN,Gluc,M,R,0.0275,0.002629955639676583,M,0.006666666666666667,0.000721250317297691,R,0.0055000000000000005,0.0003588702812826367,0.012166666666666668,0.015333333333333332,0.0027505738611527165,NoN,Gluc,0.074,0.0254454258555383,0.06683333333333334,0.006226572252869311,0.05608333333333334,0.013421183128385387,0.09133333333333334,0.0077901777057310245,0.06366666666666666,0.009282872247947679,0.005,0.0,0.04225,0.0042124005248573146,0.09133333333333334,0.0077901777057310245,0.06683333333333334,0.006226572252869311
NoN + Gluc,Bs,R+R,NoN,Gluc,R,R,0.0055000000000000005,0.0003588702812826367,R,0.0055000000000000005,0.0003588702812826367,R,0.0055000000000000005,0.0003588702812826367,0.011000000000000001,0.005,0.000621581560508061,NoN,Gluc,0.074,0.0254454258555383,0.06683333333333334,0.006226572252869311,0.05608333333333334,0.013421183128385387,0.09133333333333334,0.0077901777057310245,0.06366666666666666,0.009282872247947679,0.005,0.0,0.04225,0.0042124005248573146,0.09133333333333334,0.0077901777057310245,0.09133333333333334,0.0077901777057310245
NoN + Gluc,Bs,C+S,NoN,Gluc,C,S,0.005333333333333333,0.00033333333333333327,C,0.005,0.0,S,0.005,0.0,0.01,0.005,0.00033333333333333327,NoN,Gluc,0.074,0.0254454258555383,0.06683333333333334,0.006226572252869311,0.05608333333333334,0.013421183128385387,0.09133333333333334,0.0077901777057310245,0.06366666666666666,0.009282872247947679,0.005,0.0,0.04225,0.0042124005248573146,0.06366666666666666,0.009282872247947679,0.005,0.0
NoN + Gluc,Bs,F+S,NoN,Gluc,F,S,0.027583333333333335,0.0025597654169667557,F,0.009583333333333334,0.0022410033377029937,S,0.005,0.0,0.014583333333333334,0.013000000000000001,0.0034021309424381286,NoN,Gluc,0.074,0.0254454258555383,0.06683333333333334,0.006226572252869311,0.05608333333333334,0.013421183128385387,0.09133333333333334,0.0077901777057310245,0.06366666666666666,0.009282872247947679,0.005,0.0,0.04225,0.0042124005248573146,0.05608333333333334,0.013421183128385387,0.005,0.0
NoN + Gluc,Bs,M+S,NoN,Gluc,M,S,0.011250000000000001,0.0012193204764303861,M,0.006666666666666667,0.000721250317297691,S,0.005,0.0,0.011666666666666667,0.005,0.0014166666666666663,NoN,Gluc,0.074,0.0254454258555383,0.06683333333333334,0.006226572252869311,0.05608333333333334,0.013421183128385387,0.09133333333333334,0.0077901777057310245,0.06366666666666666,0.009282872247947679,0.005,0.0,0.04225,0.0042124005248573146,0.06683333333333334,0.006226572252869311,0.005,0.0
NoN + Gluc,Bs,R+S,NoN,Gluc,R,S,0.021750000000000002,0.002089385149518945,R,0.0055000000000000005,0.0003588702812826367,S,0.005,0.0,0.0105,0.011250000000000001,0.0021199807031711828,NoN,Gluc,0.074,0.0254454258555383,0.06683333333333334,0.006226572252869311,0.05608333333333334,0.013421183128385387,0.09133333333333334,0.0077901777057310245,0.06366666666666666,0.009282872247947679,0.005,0.0,0.04225,0.0042124005248573146,0.09133333333333334,0.0077901777057310245,0.005,0.0
NoN + Gluc,Bs,S+S,NoN,Gluc,S,S,0.005,0.0,S,0.005,0.0,S,0.005,0.0,0.01,0.005,0.0,NoN,Gluc,0.074,0.0254454258555383,0.06683333333333334,0.006226572252869311,0.05608333333333334,0.013421183128385387,0.09133333333333334,0.0077901777057310245,0.06366666666666666,0.009282872247947679,0.005,0.0,0.04225,0.0042124005248573146,0.005,0.0,0.005,0.0
NoN + Gluc,Bs,WT+WT,NoN,Gluc,WT,WT,0.074,0.0254454258555383,,,,,,,,0.074,0.0,NoN,Gluc,0.074,0.0254454258555383,0.06683333333333334,0.006226572252869311,0.05608333333333334,0.013421183128385387,0.09133333333333334,0.0077901777057310245,0.06366666666666666,0.009282872247947679,0.005,0.0,0.04225,0.0042124005248573146,0.074,0.0254454258555383,0.074,0.0254454258555383
NoN + Gluc,Ec,C+C,NoN,Gluc,C,C,0.005666666666666667,0.0006666666666666666,C,0.005666666666666667,0.0006666666666666666,C,0.005666666666666667,0.0006666666666666666,0.011333333333333334,0.005,0.0011547005383792516,NoN,Gluc,0.04608333333333333,0.007675678168965616,0.050833333333333335,0.0017573798218893481,0.043333333333333335,0.005330491667204951,0.08416666666666667,0.0038412303374115056,0.06258333333333334,0.016780426157288197,0.07125,0.0053951788242332195,0.06308333333333334,0.006321510096408127,0.06258333333333334,0.016780426157288197,0.06258333333333334,0.016780426157288197
NoN + Gluc,Ec,F+C,NoN,Gluc,F,C,0.04816666666666666,0.0062822903241709326,F,0.02033333333333333,0.002227015033536137,C,0.005666666666666667,0.0006666666666666666,0.026,0.022166666666666664,0.006698597772759021,NoN,Gluc,0.04608333333333333,0.007675678168965616,0.050833333333333335,0.0017573798218893481,0.043333333333333335,0.005330491667204951,0.08416666666666667,0.0038412303374115056,0.06258333333333334,0.016780426157288197,0.07125,0.0053951788242332195,0.06308333333333334,0.006321510096408127,0.06258333333333334,0.016780426157288197,0.043333333333333335,0.005330491667204951
NoN + Gluc,Ec,M+C,NoN,Gluc,M,C,0.00925,0.0006642950239072085,M,0.00525,0.0001794351406413184,C,0.005666666666666667,0.0006666666666666666,0.010916666666666668,0.005,0.0009580862659120487,NoN,Gluc,0.04608333333333333,0.007675678168965616,0.050833333333333335,0.0017573798218893481,0.043333333333333335,0.005330491667204951,0.08416666666666667,0.0038412303374115056,0.06258333333333334,0.016780426157288197,0.07125,0.0053951788242332195,0.06308333333333334,0.006321510096408127,0.06258333333333334,0.016780426157288197,0.050833333333333335,0.0017573798218893481
NoN + Gluc,Ec,R+C,NoN,Gluc,R,C,0.015916666666666666,0.0020168169240291755,R,0.005916666666666667,0.00043446821087695953,C,0.005666666666666667,0.0006666666666666666,0.011583333333333334,0.005,0.0021681230536474577,NoN,Gluc,0.04608333333333333,0.007675678168965616,0.050833333333333335,0.0017573798218893481,0.043333333333333335,0.005330491667204951,0.08416666666666667,0.0038412303374115056,0.06258333333333334,0.016780426157288197,0.07125,0.0053951788242332195,0.06308333333333334,0.006321510096408127,0.08416666666666667,0.0038412303374115056,0.06258333333333334,0.016780426157288197
NoN + Gluc,Ec,F+F,NoN,Gluc,F,F,0.02033333333333333,0.002227015033536137,F,0.02033333333333333,0.002227015033536137,F,0.02033333333333333,0.002227015033536137,0.04066666666666666,0.005,0.003857303187304297,NoN,Gluc,0.04608333333333333,0.007675678168965616,0.050833333333333335,0.0017573798218893481,0.043333333333333335,0.005330491667204951,0.08416666666666667,0.0038412303374115056,0.06258333333333334,0.016780426157288197,0.07125,0.0053951788242332195,0.06308333333333334,0.006321510096408127,0.043333333333333335,0.005330491667204951,0.043333333333333335,0.005330491667204951
NoN + Gluc,Ec,M+F,NoN,Gluc,M,F,0.07366666666666667,0.011962905629950907,M,0.00525,0.0001794351406413184,F,0.02033333333333333,0.002227015033536137,0.025583333333333333,0.04808333333333334,0.0121697536556992,NoN,Gluc,0.04608333333333333,0.007675678168965616,0.050833333333333335,0.0017573798218893481,0.043333333333333335,0.005330491667204951,0.08416666666666667,0.0038412303374115056,0.06258333333333334,0.016780426157288197,0.07125,0.0053951788242332195,0.06308333333333334,0.006321510096408127,0.050833333333333335,0.0017573798218893481,0.043333333333333335,0.005330491667204951
NoN + Gluc,Ec,C+L,NoN,Gluc,C,L,0.030083333333333333,0.013416666666666665,C,0.005666666666666667,0.0006666666666666666,L,0.005,0.0,0.010666666666666668,0.019416666666666665,0.013433219602496226,NoN,Gluc,0.04608333333333333,0.007675678168965616,0.050833333333333335,0.0017573798218893481,0.043333333333333335,0.005330491667204951,0.08416666666666667,0.0038412303374115056,0.06258333333333334,0.016780426157288197,0.07125,0.0053951788242332195,0.06308333333333334,0.006321510096408127,0.06308333333333334,0.006321510096408127,0.06258333333333334,0.016780426157288197
NoN + Gluc,Ec,F+L,NoN,Gluc,F,L,0.0365,0.001033528818263825,F,0.02033333333333333,0.002227015033536137,L,0.005,0.0,0.025333333333333333,0.011166666666666665,0.0024551533104427065,NoN,Gluc,0.04608333333333333,0.007675678168965616,0.050833333333333335,0.0017573798218893481,0.043333333333333335,0.005330491667204951,0.08416666666666667,0.0038412303374115056,0.06258333333333334,0.016780426157288197,0.07125,0.0053951788242332195,0.06308333333333334,0.006321510096408127,0.06308333333333334,0.006321510096408127,0.043333333333333335,0.005330491667204951
NoN + Gluc,Ec,L+L,NoN,Gluc,L,L,0.005,0.0,L,0.005,0.0,L,0.005,0.0,0.01,0.005,0.0,NoN,Gluc,0.04608333333333333,0.007675678168965616,0.050833333333333335,0.0017573798218893481,0.043333333333333335,0.005330491667204951,0.08416666666666667,0.0038412303374115056,0.06258333333333334,0.016780426157288197,0.07125,0.0053951788242332195,0.06308333333333334,0.006321510096408127,0.06308333333333334,0.006321510096408127,0.06308333333333334,0.006321510096408127
NoN + Gluc,Ec,M+L,NoN,Gluc,M,L,0.027083333333333334,0.0014588202650280696,M,0.00525,0.0001794351406413184,L,0.005,0.0,0.01025,0.016833333333333332,0.0014698141159185869,NoN,Gluc,0.04608333333333333,0.007675678168965616,0.050833333333333335,0.0017573798218893481,0.043333333333333335,0.005330491667204951,0.08416666666666667,0.0038412303374115056,0.06258333333333334,0.016780426157288197,0.07125,0.0053951788242332195,0.06308333333333334,0.006321510096408127,0.06308333333333334,0.006321510096408127,0.050833333333333335,0.0017573798218893481
NoN + Gluc,Ec,R+L,NoN,Gluc,R,L,0.017666666666666667,0.0033356052863404905,R,0.005916666666666667,0.00043446821087695953,L,0.005,0.0,0.010916666666666668,0.006749999999999999,0.003363781391904838,NoN,Gluc,0.04608333333333333,0.007675678168965616,0.050833333333333335,0.0017573798218893481,0.043333333333333335,0.005330491667204951,0.08416666666666667,0.0038412303374115056,0.06258333333333334,0.016780426157288197,0.07125,0.0053951788242332195,0.06308333333333334,0.006321510096408127,0.08416666666666667,0.0038412303374115056,0.06308333333333334,0.006321510096408127
NoN + Gluc,Ec,S+L,NoN,Gluc,S,L,0.007916666666666667,0.0011379029977652895,S,0.005,0.0,L,0.005,0.0,0.01,0.005,0.0011379029977652895,NoN,Gluc,0.04608333333333333,0.007675678168965616,0.050833333333333335,0.0017573798218893481,0.043333333333333335,0.005330491667204951,0.08416666666666667,0.0038412303374115056,0.06258333333333334,0.016780426157288197,0.07125,0.0053951788242332195,0.06308333333333334,0.006321510096408127,0.07125,0.0053951788242332195,0.06308333333333334,0.006321510096408127
NoN + Gluc,Ec,M+M,NoN,Gluc,M,M,0.00525,0.0001794351406413184,M,0.00525,0.0001794351406413184,M,0.00525,0.0001794351406413184,0.0105,0.005,0.0003107907802540306,NoN,Gluc,0.04608333333333333,0.007675678168965616,0.050833333333333335,0.0017573798218893481,0.043333333333333335,0.005330491667204951,0.08416666666666667,0.0038412303374115056,0.06258333333333334,0.016780426157288197,0.07125,0.0053951788242332195,0.06308333333333334,0.006321510096408127,0.050833333333333335,0.0017573798218893481,0.050833333333333335,0.0017573798218893481
NoN + Gluc,Ec,F+R,NoN,Gluc,F,R,0.03883333333333334,0.002912442829022269,F,0.02033333333333333,0.002227015033536137,R,0.005916666666666667,0.00043446821087695953,0.02625,0.012583333333333339,0.003691975327406973,NoN,Gluc,0.04608333333333333,0.007675678168965616,0.050833333333333335,0.0017573798218893481,0.043333333333333335,0.005330491667204951,0.08416666666666667,0.0038412303374115056,0.06258333333333334,0.016780426157288197,0.07125,0.0053951788242332195,0.06308333333333334,0.006321510096408127,0.08416666666666667,0.0038412303374115056,0.043333333333333335,0.005330491667204951
NoN + Gluc,Ec,M+R,NoN,Gluc,M,R,0.045250000000000005,0.006534436749740841,M,0.00525,0.0001794351406413184,R,0.005916666666666667,0.00043446821087695953,0.011166666666666668,0.03408333333333334,0.006551322250685219,NoN,Gluc,0.04608333333333333,0.007675678168965616,0.050833333333333335,0.0017573798218893481,0.043333333333333335,0.005330491667204951,0.08416666666666667,0.0038412303374115056,0.06258333333333334,0.016780426157288197,0.07125,0.0053951788242332195,0.06308333333333334,0.006321510096408127,0.08416666666666667,0.0038412303374115056,0.050833333333333335,0.0017573798218893481
NoN + Gluc,Ec,R+R,NoN,Gluc,R,R,0.005916666666666667,0.00043446821087695953,R,0.005916666666666667,0.00043446821087695953,R,0.005916666666666667,0.00043446821087695953,0.011833333333333335,0.005,0.000752521015512443,NoN,Gluc,0.04608333333333333,0.007675678168965616,0.050833333333333335,0.0017573798218893481,0.043333333333333335,0.005330491667204951,0.08416666666666667,0.0038412303374115056,0.06258333333333334,0.016780426157288197,0.07125,0.0053951788242332195,0.06308333333333334,0.006321510096408127,0.08416666666666667,0.0038412303374115056,0.08416666666666667,0.0038412303374115056
NoN + Gluc,Ec,C+S,NoN,Gluc,C,S,0.005750000000000001,0.00039167472590032016,C,0.005666666666666667,0.0006666666666666666,S,0.005,0.0,0.010666666666666668,0.005,0.0007732098908792718,NoN,Gluc,0.04608333333333333,0.007675678168965616,0.050833333333333335,0.0017573798218893481,0.043333333333333335,0.005330491667204951,0.08416666666666667,0.0038412303374115056,0.06258333333333334,0.016780426157288197,0.07125,0.0053951788242332195,0.06308333333333334,0.006321510096408127,0.07125,0.0053951788242332195,0.06258333333333334,0.016780426157288197
NoN + Gluc,Ec,F+S,NoN,Gluc,F,S,0.05475,0.006581223290544093,F,0.02033333333333333,0.002227015033536137,S,0.005,0.0,0.025333333333333333,0.029416666666666667,0.006947812314649553,NoN,Gluc,0.04608333333333333,0.007675678168965616,0.050833333333333335,0.0017573798218893481,0.043333333333333335,0.005330491667204951,0.08416666666666667,0.0038412303374115056,0.06258333333333334,0.016780426157288197,0.07125,0.0053951788242332195,0.06308333333333334,0.006321510096408127,0.07125,0.0053951788242332195,0.043333333333333335,0.005330491667204951
NoN + Gluc,Ec,M+S,NoN,Gluc,M,S,0.015333333333333332,0.0011169040905443706,M,0.00525,0.0001794351406413184,S,0.005,0.0,0.01025,0.005083333333333332,0.0011312257587111942,NoN,Gluc,0.04608333333333333,0.007675678168965616,0.050833333333333335,0.0017573798218893481,0.043333333333333335,0.005330491667204951,0.08416666666666667,0.0038412303374115056,0.06258333333333334,0.016780426157288197,0.07125,0.0053951788242332195,0.06308333333333334,0.006321510096408127,0.07125,0.0053951788242332195,0.050833333333333335,0.0017573798218893481
NoN + Gluc,Ec,R+S,NoN,Gluc,R,S,0.01475,0.0019350240778393903,R,0.005916666666666667,0.00043446821087695953,S,0.005,0.0,0.010916666666666668,0.005,0.001983199638987666,NoN,Gluc,0.04608333333333333,0.007675678168965616,0.050833333333333335,0.0017573798218893481,0.043333333333333335,0.005330491667204951,0.08416666666666667,0.0038412303374115056,0.06258333333333334,0.016780426157288197,0.07125,0.0053951788242332195,0.06308333333333334,0.006321510096408127,0.08416666666666667,0.0038412303374115056,0.07125,0.0053951788242332195
NoN + Gluc,Ec,S+S,NoN,Gluc,S,S,0.005,0.0,S,0.005,0.0,S,0.005,0.0,0.01,0.005,0.0,NoN,Gluc,0.04608333333333333,0.007675678168965616,0.050833333333333335,0.0017573798218893481,0.043333333333333335,0.005330491667204951,0.08416666666666667,0.0038412303374115056,0.06258333333333334,0.016780426157288197,0.07125,0.0053951788242332195,0.06308333333333334,0.006321510096408127,0.07125,0.0053951788242332195,0.07125,0.0053951788242332195
NoN + Gluc,Ec,WT+WT,NoN,Gluc,WT,WT,0.04608333333333333,0.007675678168965616,,,,,,,,0.04608333333333333,0.0,NoN,Gluc,0.04608333333333333,0.007675678168965616,0.050833333333333335,0.0017573798218893481,0.043333333333333335,0.005330491667204951,0.08416666666666667,0.0038412303374115056,0.06258333333333334,0.016780426157288197,0.07125,0.0053951788242332195,0.06308333333333334,0.006321510096408127,0.04608333333333333,0.007675678168965616,0.04608333333333333,0.007675678168965616
NoN + Gly,Bs,C+C,NoN,Gly,C,C,0.005,0.0,C,0.005,0.0,C,0.005,0.0,0.01,0.005,0.0,NoN,Gly,0.0325,0.008502673376383132,0.0515,0.0045701601324640295,0.005,0.0,0.03883333333333334,0.004056108997798285,0.049166666666666664,0.007818813105826126,0.005,0.0,0.036333333333333336,0.008633385983225442,0.049166666666666664,0.007818813105826126,0.049166666666666664,0.007818813105826126
NoN + Gly,Bs,F+C,NoN,Gly,F,C,0.007083333333333334,0.001592873967000364,F,0.005,0.0,C,0.005,0.0,0.01,0.005,0.001592873967000364,NoN,Gly,0.0325,0.008502673376383132,0.0515,0.0045701601324640295,0.005,0.0,0.03883333333333334,0.004056108997798285,0.049166666666666664,0.007818813105826126,0.005,0.0,0.036333333333333336,0.008633385983225442,0.049166666666666664,0.007818813105826126,0.005,0.0
NoN + Gly,Bs,M+C,NoN,Gly,M,C,0.007416666666666666,0.0011445412825559188,M,0.005083333333333333,8.333333333333328e-05,C,0.005,0.0,0.010083333333333333,0.005,0.0011475709964613048,NoN,Gly,0.0325,0.008502673376383132,0.0515,0.0045701601324640295,0.005,0.0,0.03883333333333334,0.004056108997798285,0.049166666666666664,0.007818813105826126,0.005,0.0,0.036333333333333336,0.008633385983225442,0.0515,0.0045701601324640295,0.049166666666666664,0.007818813105826126
NoN + Gly,Bs,R+C,NoN,Gly,R,C,0.010166666666666666,0.00094414730917063,R,0.005,0.0,C,0.005,0.0,0.01,0.005,0.00094414730917063,NoN,Gly,0.0325,0.008502673376383132,0.0515,0.0045701601324640295,0.005,0.0,0.03883333333333334,0.004056108997798285,0.049166666666666664,0.007818813105826126,0.005,0.0,0.036333333333333336,0.008633385983225442,0.049166666666666664,0.007818813105826126,0.03883333333333334,0.004056108997798285
NoN + Gly,Bs,F+F,NoN,Gly,F,F,0.005,0.0,F,0.005,0.0,F,0.005,0.0,0.01,0.005,0.0,NoN,Gly,0.0325,0.008502673376383132,0.0515,0.0045701601324640295,0.005,0.0,0.03883333333333334,0.004056108997798285,0.049166666666666664,0.007818813105826126,0.005,0.0,0.036333333333333336,0.008633385983225442,0.005,0.0,0.005,0.0
NoN + Gly,Bs,M+F,NoN,Gly,M,F,0.009083333333333334,0.0017899480834410088,M,0.005083333333333333,8.333333333333328e-05,F,0.005,0.0,0.010083333333333333,0.005,0.0017918868786445715,NoN,Gly,0.0325,0.008502673376383132,0.0515,0.0045701601324640295,0.005,0.0,0.03883333333333334,0.004056108997798285,0.049166666666666664,0.007818813105826126,0.005,0.0,0.036333333333333336,0.008633385983225442,0.0515,0.0045701601324640295,0.005,0.0
NoN + Gly,Bs,C+L,NoN,Gly,C,L,0.005416666666666667,0.0004166666666666667,C,0.005,0.0,L,0.005,0.0,0.01,0.005,0.0004166666666666667,NoN,Gly,0.0325,0.008502673376383132,0.0515,0.0045701601324640295,0.005,0.0,0.03883333333333334,0.004056108997798285,0.049166666666666664,0.007818813105826126,0.005,0.0,0.036333333333333336,0.008633385983225442,0.049166666666666664,0.007818813105826126,0.036333333333333336,0.008633385983225442
NoN + Gly,Bs,F+L,NoN,Gly,F,L,0.005,0.0,F,0.005,0.0,L,0.005,0.0,0.01,0.005,0.0,NoN,Gly,0.0325,0.008502673376383132,0.0515,0.0045701601324640295,0.005,0.0,0.03883333333333334,0.004056108997798285,0.049166666666666664,0.007818813105826126,0.005,0.0,0.036333333333333336,0.008633385983225442,0.036333333333333336,0.008633385983225442,0.005,0.0
NoN + Gly,Bs,L+L,NoN,Gly,L,L,0.005,0.0,L,0.005,0.0,L,0.005,0.0,0.01,0.005,0.0,NoN,Gly,0.0325,0.008502673376383132,0.0515,0.0045701601324640295,0.005,0.0,0.03883333333333334,0.004056108997798285,0.049166666666666664,0.007818813105826126,0.005,0.0,0.036333333333333336,0.008633385983225442,0.036333333333333336,0.008633385983225442,0.036333333333333336,0.008633385983225442
NoN + Gly,Bs,M+L,NoN,Gly,M,L,0.010166666666666666,0.002077415838405148,M,0.005083333333333333,8.333333333333328e-05,L,0.005,0.0,0.010083333333333333,0.005,0.0020790865807130323,NoN,Gly,0.0325,0.008502673376383132,0.0515,0.0045701601324640295,0.005,0.0,0.03883333333333334,0.004056108997798285,0.049166666666666664,0.007818813105826126,0.005,0.0,0.036333333333333336,0.008633385983225442,0.0515,0.0045701601324640295,0.036333333333333336,0.008633385983225442
NoN + Gly,Bs,R+L,NoN,Gly,R,L,0.011583333333333333,0.001270041357793143,R,0.005,0.0,L,0.005,0.0,0.01,0.005,0.001270041357793143,NoN,Gly,0.0325,0.008502673376383132,0.0515,0.0045701601324640295,0.005,0.0,0.03883333333333334,0.004056108997798285,0.049166666666666664,0.007818813105826126,0.005,0.0,0.036333333333333336,0.008633385983225442,0.03883333333333334,0.004056108997798285,0.036333333333333336,0.008633385983225442
NoN + Gly,Bs,S+L,NoN,Gly,S,L,0.005333333333333333,0.0001421338109037404,S,0.005,0.0,L,0.005,0.0,0.01,0.005,0.0001421338109037404,NoN,Gly,0.0325,0.008502673376383132,0.0515,0.0045701601324640295,0.005,0.0,0.03883333333333334,0.004056108997798285,0.049166666666666664,0.007818813105826126,0.005,0.0,0.036333333333333336,0.008633385983225442,0.036333333333333336,0.008633385983225442,0.005,0.0
NoN + Gly,Bs,M+M,NoN,Gly,M,M,0.005083333333333333,8.333333333333328e-05,M,0.005083333333333333,8.333333333333328e-05,M,0.005083333333333333,8.333333333333328e-05,0.010166666666666666,0.005,0.00014433756729740634,NoN,Gly,0.0325,0.008502673376383132,0.0515,0.0045701601324640295,0.005,0.0,0.03883333333333334,0.004056108997798285,0.049166666666666664,0.007818813105826126,0.005,0.0,0.036333333333333336,0.008633385983225442,0.0515,0.0045701601324640295,0.0515,0.0045701601324640295
NoN + Gly,Bs,F+R,NoN,Gly,F,R,0.011833333333333333,0.0012237135071064417,F,0.005,0.0,R,0.005,0.0,0.01,0.005,0.0012237135071064417,NoN,Gly,0.0325,0.008502673376383132,0.0515,0.0045701601324640295,0.005,0.0,0.03883333333333334,0.004056108997798285,0.049166666666666664,0.007818813105826126,0.005,0.0,0.036333333333333336,0.008633385983225442,0.03883333333333334,0.004056108997798285,0.005,0.0
NoN + Gly,Bs,M+R,NoN,Gly,M,R,0.018,0.0014248870236980298,M,0.005083333333333333,8.333333333333328e-05,R,0.005,0.0,0.010083333333333333,0.007916666666666666,0.0014273217838831837,NoN,Gly,0.0325,0.008502673376383132,0.0515,0.0045701601324640295,0.005,0.0,0.03883333333333334,0.004056108997798285,0.049166666666666664,0.007818813105826126,0.005,0.0,0.036333333333333336,0.008633385983225442,0.0515,0.0045701601324640295,0.03883333333333334,0.004056108997798285
NoN + Gly,Bs,R+R,NoN,Gly,R,R,0.005,0.0,R,0.005,0.0,R,0.005,0.0,0.01,0.005,0.0,NoN,Gly,0.0325,0.008502673376383132,0.0515,0.0045701601324640295,0.005,0.0,0.03883333333333334,0.004056108997798285,0.049166666666666664,0.007818813105826126,0.005,0.0,0.036333333333333336,0.008633385983225442,0.03883333333333334,0.004056108997798285,0.03883333333333334,0.004056108997798285
NoN + Gly,Bs,C+S,NoN,Gly,C,S,0.005,0.0,C,0.005,0.0,S,0.005,0.0,0.01,0.005,0.0,NoN,Gly,0.0325,0.008502673376383132,0.0515,0.0045701601324640295,0.005,0.0,0.03883333333333334,0.004056108997798285,0.049166666666666664,0.007818813105826126,0.005,0.0,0.036333333333333336,0.008633385983225442,0.049166666666666664,0.007818813105826126,0.005,0.0
NoN + Gly,Bs,F+S,NoN,Gly,F,S,0.006000000000000001,0.0005075192189225523,F,0.005,0.0,S,0.005,0.0,0.01,0.005,0.0005075192189225523,NoN,Gly,0.0325,0.008502673376383132,0.0515,0.0045701601324640295,0.005,0.0,0.03883333333333334,0.004056108997798285,0.049166666666666664,0.007818813105826126,0.005,0.0,0.036333333333333336,0.008633385983225442,0.005,0.0,0.005,0.0
NoN + Gly,Bs,M+S,NoN,Gly,M,S,0.008833333333333334,0.0011986945761405137,M,0.005083333333333333,8.333333333333328e-05,S,0.005,0.0,0.010083333333333333,0.005,0.0012015877543122392,NoN,Gly,0.0325,0.008502673376383132,0.0515,0.0045701601324640295,0.005,0.0,0.03883333333333334,0.004056108997798285,0.049166666666666664,0.007818813105826126,0.005,0.0,0.036333333333333336,0.008633385983225442,0.0515,0.0045701601324640295,0.005,0.0
NoN + Gly,Bs,R+S,NoN,Gly,R,S,0.016666666666666666,0.0006779350703393058,R,0.005,0.0,S,0.005,0.0,0.01,0.006666666666666666,0.0006779350703393058,NoN,Gly,0.0325,0.008502673376383132,0.0515,0.0045701601324640295,0.005,0.0,0.03883333333333334,0.004056108997798285,0.049166666666666664,0.007818813105826126,0.005,0.0,0.036333333333333336,0.008633385983225442,0.03883333333333334,0.004056108997798285,0.005,0.0
NoN + Gly,Bs,S+S,NoN,Gly,S,S,0.005,0.0,S,0.005,0.0,S,0.005,0.0,0.01,0.005,0.0,NoN,Gly,0.0325,0.008502673376383132,0.0515,0.0045701601324640295,0.005,0.0,0.03883333333333334,0.004056108997798285,0.049166666666666664,0.007818813105826126,0.005,0.0,0.036333333333333336,0.008633385983225442,0.005,0.0,0.005,0.0
NoN + Gly,Bs,WT+WT,NoN,Gly,WT,WT,0.0325,0.008502673376383132,,,,,,,,0.0325,0.0,NoN,Gly,0.0325,0.008502673376383132,0.0515,0.0045701601324640295,0.005,0.0,0.03883333333333334,0.004056108997798285,0.049166666666666664,0.007818813105826126,0.005,0.0,0.036333333333333336,0.008633385983225442,0.0325,0.008502673376383132,0.0325,0.008502673376383132
NoN + Gly,Ec,C+C,NoN,Gly,C,C,0.005,0.0,C,0.005,0.0,C,0.005,0.0,0.01,0.005,0.0,NoN,Gly,0.03275,0.004948408069697004,0.049416666666666664,0.00291926291374997,0.043000000000000003,0.00286303504990241,0.08441666666666665,0.007139792813110294,0.07458333333333333,0.0029399503534597456,0.09091666666666666,0.015828368440074528,0.044500000000000005,0.004409871845866917,0.07458333333333333,0.0029399503534597456,0.07458333333333333,0.0029399503534597456
NoN + Gly,Ec,F+C,NoN,Gly,F,C,0.03791666666666667,0.0049870412879863745,F,0.01925,0.002181620887544327,C,0.005,0.0,0.02425,0.013666666666666667,0.005443349199256878,NoN,Gly,0.03275,0.004948408069697004,0.049416666666666664,0.00291926291374997,0.043000000000000003,0.00286303504990241,0.08441666666666665,0.007139792813110294,0.07458333333333333,0.0029399503534597456,0.09091666666666666,0.015828368440074528,0.044500000000000005,0.004409871845866917,0.07458333333333333,0.0029399503534597456,0.043000000000000003,0.00286303504990241
NoN + Gly,Ec,M+C,NoN,Gly,M,C,0.005166666666666667,0.00011236664374387368,M,0.005,0.0,C,0.005,0.0,0.01,0.005,0.00011236664374387368,NoN,Gly,0.03275,0.004948408069697004,0.049416666666666664,0.00291926291374997,0.043000000000000003,0.00286303504990241,0.08441666666666665,0.007139792813110294,0.07458333333333333,0.0029399503534597456,0.09091666666666666,0.015828368440074528,0.044500000000000005,0.004409871845866917,0.07458333333333333,0.0029399503534597456,0.049416666666666664,0.00291926291374997
NoN + Gly,Ec,R+C,NoN,Gly,R,C,0.00675,0.0007499999999999999,R,0.005,0.0,C,0.005,0.0,0.01,0.005,0.0007499999999999999,NoN,Gly,0.03275,0.004948408069697004,0.049416666666666664,0.00291926291374997,0.043000000000000003,0.00286303504990241,0.08441666666666665,0.007139792813110294,0.07458333333333333,0.0029399503534597456,0.09091666666666666,0.015828368440074528,0.044500000000000005,0.004409871845866917,0.08441666666666665,0.007139792813110294,0.07458333333333333,0.0029399503534597456
NoN + Gly,Ec,F+F,NoN,Gly,F,F,0.01925,0.002181620887544327,F,0.01925,0.002181620887544327,F,0.01925,0.002181620887544327,0.0385,0.005,0.0037786782200802827,NoN,Gly,0.03275,0.004948408069697004,0.049416666666666664,0.00291926291374997,0.043000000000000003,0.00286303504990241,0.08441666666666665,0.007139792813110294,0.07458333333333333,0.0029399503534597456,0.09091666666666666,0.015828368440074528,0.044500000000000005,0.004409871845866917,0.043000000000000003,0.00286303504990241,0.043000000000000003,0.00286303504990241
NoN + Gly,Ec,M+F,NoN,Gly,M,F,0.15125,0.04714582873029879,M,0.005,0.0,F,0.01925,0.002181620887544327,0.02425,0.127,0.04719627778081272,NoN,Gly,0.03275,0.004948408069697004,0.049416666666666664,0.00291926291374997,0.043000000000000003,0.00286303504990241,0.08441666666666665,0.007139792813110294,0.07458333333333333,0.0029399503534597456,0.09091666666666666,0.015828368440074528,0.044500000000000005,0.004409871845866917,0.049416666666666664,0.00291926291374997,0.043000000000000003,0.00286303504990241
NoN + Gly,Ec,C+L,NoN,Gly,C,L,0.008,0.0006963106238227913,C,0.005,0.0,L,0.005083333333333333,8.333333333333334e-05,0.010083333333333333,0.005,0.0007012794944192573,NoN,Gly,0.03275,0.004948408069697004,0.049416666666666664,0.00291926291374997,0.043000000000000003,0.00286303504990241,0.08441666666666665,0.007139792813110294,0.07458333333333333,0.0029399503534597456,0.09091666666666666,0.015828368440074528,0.044500000000000005,0.004409871845866917,0.07458333333333333,0.0029399503534597456,0.044500000000000005,0.004409871845866917
NoN + Gly,Ec,F+L,NoN,Gly,F,L,0.028499999999999998,0.0030488447886789106,F,0.01925,0.002181620887544327,L,0.005083333333333333,8.333333333333334e-05,0.024333333333333332,0.005,0.0037499158239710784,NoN,Gly,0.03275,0.004948408069697004,0.049416666666666664,0.00291926291374997,0.043000000000000003,0.00286303504990241,0.08441666666666665,0.007139792813110294,0.07458333333333333,0.0029399503534597456,0.09091666666666666,0.015828368440074528,0.044500000000000005,0.004409871845866917,0.044500000000000005,0.004409871845866917,0.043000000000000003,0.00286303504990241
NoN + Gly,Ec,L+L,NoN,Gly,L,L,0.005083333333333333,8.333333333333334e-05,L,0.005083333333333333,8.333333333333334e-05,L,0.005083333333333333,8.333333333333334e-05,0.010166666666666666,0.005,0.00014433756729740645,NoN,Gly,0.03275,0.004948408069697004,0.049416666666666664,0.00291926291374997,0.043000000000000003,0.00286303504990241,0.08441666666666665,0.007139792813110294,0.07458333333333333,0.0029399503534597456,0.09091666666666666,0.015828368440074528,0.044500000000000005,0.004409871845866917,0.044500000000000005,0.004409871845866917,0.044500000000000005,0.004409871845866917
NoN + Gly,Ec,M+L,NoN,Gly,M,L,0.02725,0.0020268089563287768,M,0.005,0.0,L,0.005083333333333333,8.333333333333334e-05,0.010083333333333333,0.017166666666666667,0.002028521380192723,NoN,Gly,0.03275,0.004948408069697004,0.049416666666666664,0.00291926291374997,0.043000000000000003,0.00286303504990241,0.08441666666666665,0.007139792813110294,0.07458333333333333,0.0029399503534597456,0.09091666666666666,0.015828368440074528,0.044500000000000005,0.004409871845866917,0.049416666666666664,0.00291926291374997,0.044500000000000005,0.004409871845866917
NoN + Gly,Ec,R+L,NoN,Gly,R,L,0.011083333333333334,0.002005516382280623,R,0.005,0.0,L,0.005083333333333333,8.333333333333334e-05,0.010083333333333333,0.005,0.0020072469713616216,NoN,Gly,0.03275,0.004948408069697004,0.049416666666666664,0.00291926291374997,0.043000000000000003,0.00286303504990241,0.08441666666666665,0.007139792813110294,0.07458333333333333,0.0029399503534597456,0.09091666666666666,0.015828368440074528,0.044500000000000005,0.004409871845866917,0.08441666666666665,0.007139792813110294,0.044500000000000005,0.004409871845866917
NoN + Gly,Ec,S+L,NoN,Gly,S,L,0.005833333333333334,0.0003859920970562726,S,0.005,0.0,L,0.005083333333333333,8.333333333333334e-05,0.010083333333333333,0.005,0.00039488522817945904,NoN,Gly,0.03275,0.004948408069697004,0.049416666666666664,0.00291926291374997,0.043000000000000003,0.00286303504990241,0.08441666666666665,0.007139792813110294,0.07458333333333333,0.0029399503534597456,0.09091666666666666,0.015828368440074528,0.044500000000000005,0.004409871845866917,0.09091666666666666,0.015828368440074528,0.044500000000000005,0.004409871845866917
NoN + Gly,Ec,M+M,NoN,Gly,M,M,0.005,0.0,M,0.005,0.0,M,0.005,0.0,0.01,0.005,0.0,NoN,Gly,0.03275,0.004948408069697004,0.049416666666666664,0.00291926291374997,0.043000000000000003,0.00286303504990241,0.08441666666666665,0.007139792813110294,0.07458333333333333,0.0029399503534597456,0.09091666666666666,0.015828368440074528,0.044500000000000005,0.004409871845866917,0.049416666666666664,0.00291926291374997,0.049416666666666664,0.00291926291374997
NoN + Gly,Ec,F+R,NoN,Gly,F,R,0.037,0.005007570027044813,F,0.01925,0.002181620887544327,R,0.005,0.0,0.02425,0.012749999999999997,0.005462163241127757,NoN,Gly,0.03275,0.004948408069697004,0.049416666666666664,0.00291926291374997,0.043000000000000003,0.00286303504990241,0.08441666666666665,0.007139792813110294,0.07458333333333333,0.0029399503534597456,0.09091666666666666,0.015828368440074528,0.044500000000000005,0.004409871845866917,0.08441666666666665,0.007139792813110294,0.043000000000000003,0.00286303504990241
NoN + Gly,Ec,M+R,NoN,Gly,M,R,0.04133333333333333,0.005344684889276126,M,0.005,0.0,R,0.005,0.0,0.01,0.03133333333333333,0.005344684889276126,NoN,Gly,0.03275,0.004948408069697004,0.049416666666666664,0.00291926291374997,0.043000000000000003,0.00286303504990241,0.08441666666666665,0.007139792813110294,0.07458333333333333,0.0029399503534597456,0.09091666666666666,0.015828368440074528,0.044500000000000005,0.004409871845866917,0.08441666666666665,0.007139792813110294,0.049416666666666664,0.00291926291374997
NoN + Gly,Ec,R+R,NoN,Gly,R,R,0.005,0.0,R,0.005,0.0,R,0.005,0.0,0.01,0.005,0.0,NoN,Gly,0.03275,0.004948408069697004,0.049416666666666664,0.00291926291374997,0.043000000000000003,0.00286303504990241,0.08441666666666665,0.007139792813110294,0.07458333333333333,0.0029399503534597456,0.09091666666666666,0.015828368440074528,0.044500000000000005,0.004409871845866917,0.08441666666666665,0.007139792813110294,0.08441666666666665,0.007139792813110294
NoN + Gly,Ec,C+S,NoN,Gly,C,S,0.005,0.0,C,0.005,0.0,S,0.005,0.0,0.01,0.005,0.0,NoN,Gly,0.03275,0.004948408069697004,0.049416666666666664,0.00291926291374997,0.043000000000000003,0.00286303504990241,0.08441666666666665,0.007139792813110294,0.07458333333333333,0.0029399503534597456,0.09091666666666666,0.015828368440074528,0.044500000000000005,0.004409871845866917,0.09091666666666666,0.015828368440074528,0.07458333333333333,0.0029399503534597456
NoN + Gly,Ec,F+S,NoN,Gly,F,S,0.031875,0.005047762941569832,F,0.01925,0.002181620887544327,S,0.005,0.0,0.02425,0.007625,0.0054990344980965005,NoN,Gly,0.03275,0.004948408069697004,0.049416666666666664,0.00291926291374997,0.043000000000000003,0.00286303504990241,0.08441666666666665,0.007139792813110294,0.07458333333333333,0.0029399503534597456,0.09091666666666666,0.015828368440074528,0.044500000000000005,0.004409871845866917,0.09091666666666666,0.015828368440074528,0.043000000000000003,0.00286303504990241
NoN + Gly,Ec,M+S,NoN,Gly,M,S,0.0185,0.0019675396110909993,M,0.005,0.0,S,0.005,0.0,0.01,0.008499999999999999,0.0019675396110909993,NoN,Gly,0.03275,0.004948408069697004,0.049416666666666664,0.00291926291374997,0.043000000000000003,0.00286303504990241,0.08441666666666665,0.007139792813110294,0.07458333333333333,0.0029399503534597456,0.09091666666666666,0.015828368440074528,0.044500000000000005,0.004409871845866917,0.09091666666666666,0.015828368440074528,0.049416666666666664,0.00291926291374997
NoN + Gly,Ec,R+S,NoN,Gly,R,S,0.01025,0.0016055066225810204,R,0.005,0.0,S,0.005,0.0,0.01,0.005,0.0016055066225810204,NoN,Gly,0.03275,0.004948408069697004,0.049416666666666664,0.00291926291374997,0.043000000000000003,0.00286303504990241,0.08441666666666665,0.007139792813110294,0.07458333333333333,0.0029399503534597456,0.09091666666666666,0.015828368440074528,0.044500000000000005,0.004409871845866917,0.09091666666666666,0.015828368440074528,0.08441666666666665,0.007139792813110294
NoN + Gly,Ec,S+S,NoN,Gly,S,S,0.005,0.0,S,0.005,0.0,S,0.005,0.0,0.01,0.005,0.0,NoN,Gly,0.03275,0.004948408069697004,0.049416666666666664,0.00291926291374997,0.043000000000000003,0.00286303504990241,0.08441666666666665,0.007139792813110294,0.07458333333333333,0.0029399503534597456,0.09091666666666666,0.015828368440074528,0.044500000000000005,0.004409871845866917,0.09091666666666666,0.015828368440074528,0.09091666666666666,0.015828368440074528
NoN + Gly,Ec,WT+WT,NoN,Gly,WT,WT,0.03275,0.004948408069697004,,,,,,,,0.03275,0.0,NoN,Gly,0.03275,0.004948408069697004,0.049416666666666664,0.00291926291374997,0.043000000000000003,0.00286303504990241,0.08441666666666665,0.007139792813110294,0.07458333333333333,0.0029399503534597456,0.09091666666666666,0.015828368440074528,0.044500000000000005,0.004409871845866917,0.03275,0.004948408069697004,0.03275,0.004948408069697004
NoN + NoC,Bs,C+C,NoN,NoC,C,C,0.005,0.0,C,0.005,0.0,C,0.005,0.0,0.01,0.005,0.0,NoN,NoC,0.006333333333333333,0.0010894350310453058,0.005,0.0,0.006333333333333333,0.0013333333333333335,0.005,0.0,0.005,0.0,0.005,0.0,0.005,0.0,0.005,0.0,0.005,0.0
NoN + NoC,Bs,F+C,NoN,NoC,F,C,0.005166666666666667,0.0001666666666666667,F,0.005,0.0,C,0.005,0.0,0.01,0.005,0.0001666666666666667,NoN,NoC,0.006333333333333333,0.0010894350310453058,0.005,0.0,0.006333333333333333,0.0013333333333333335,0.005,0.0,0.005,0.0,0.005,0.0,0.005,0.0,0.006333333333333333,0.0013333333333333335,0.005,0.0
NoN + NoC,Bs,M+C,NoN,NoC,M,C,0.00525,0.00025,M,0.005,0.0,C,0.005,0.0,0.01,0.005,0.00025,NoN,NoC,0.006333333333333333,0.0010894350310453058,0.005,0.0,0.006333333333333333,0.0013333333333333335,0.005,0.0,0.005,0.0,0.005,0.0,0.005,0.0,0.005,0.0,0.005,0.0
NoN + NoC,Bs,R+C,NoN,NoC,R,C,0.00525,0.0001794351406413184,R,0.005166666666666667,0.00016666666666666672,C,0.005,0.0,0.010166666666666668,0.005,0.0002448974223521912,NoN,NoC,0.006333333333333333,0.0010894350310453058,0.005,0.0,0.006333333333333333,0.0013333333333333335,0.005,0.0,0.005,0.0,0.005,0.0,0.005,0.0,0.005,0.0,0.005,0.0
NoN + NoC,Bs,F+F,NoN,NoC,F,F,0.005,0.0,F,0.005,0.0,F,0.005,0.0,0.01,0.005,0.0,NoN,NoC,0.006333333333333333,0.0010894350310453058,0.005,0.0,0.006333333333333333,0.0013333333333333335,0.005,0.0,0.005,0.0,0.005,0.0,0.005,0.0,0.006333333333333333,0.0013333333333333335,0.006333333333333333,0.0013333333333333335
NoN + NoC,Bs,M+F,NoN,NoC,M,F,0.005,0.0,M,0.005,0.0,F,0.005,0.0,0.01,0.005,0.0,NoN,NoC,0.006333333333333333,0.0010894350310453058,0.005,0.0,0.006333333333333333,0.0013333333333333335,0.005,0.0,0.005,0.0,0.005,0.0,0.005,0.0,0.006333333333333333,0.0013333333333333335,0.005,0.0
NoN + NoC,Bs,C+L,NoN,NoC,C,L,0.005,0.0,C,0.005,0.0,L,0.005,0.0,0.01,0.005,0.0,NoN,NoC,0.006333333333333333,0.0010894350310453058,0.005,0.0,0.006333333333333333,0.0013333333333333335,0.005,0.0,0.005,0.0,0.005,0.0,0.005,0.0,0.005,0.0,0.005,0.0
NoN + NoC,Bs,F+L,NoN,NoC,F,L,0.0062499999999999995,0.00125,F,0.005,0.0,L,0.005,0.0,0.01,0.005,0.00125,NoN,NoC,0.006333333333333333,0.0010894350310453058,0.005,0.0,0.006333333333333333,0.0013333333333333335,0.005,0.0,0.005,0.0,0.005,0.0,0.005,0.0,0.006333333333333333,0.0013333333333333335,0.005,0.0
NoN + NoC,Bs,L+L,NoN,NoC,L,L,0.005,0.0,L,0.005,0.0,L,0.005,0.0,0.01,0.005,0.0,NoN,NoC,0.006333333333333333,0.0010894350310453058,0.005,0.0,0.006333333333333333,0.0013333333333333335,0.005,0.0,0.005,0.0,0.005,0.0,0.005,0.0,0.005,0.0,0.005,0.0
NoN + NoC,Bs,M+L,NoN,NoC,M,L,0.005,0.0,M,0.005,0.0,L,0.005,0.0,0.01,0.005,0.0,NoN,NoC,0.006333333333333333,0.0010894350310453058,0.005,0.0,0.006333333333333333,0.0013333333333333335,0.005,0.0,0.005,0.0,0.005,0.0,0.005,0.0,0.005,0.0,0.005,0.0
NoN + NoC,Bs,R+L,NoN,NoC,R,L,0.005,0.0,R,0.005166666666666667,0.00016666666666666672,L,0.005,0.0,0.010166666666666668,0.005,0.00016666666666666672,NoN,NoC,0.006333333333333333,0.0010894350310453058,0.005,0.0,0.006333333333333333,0.0013333333333333335,0.005,0.0,0.005,0.0,0.005,0.0,0.005,0.0,0.005,0.0,0.005,0.0
NoN + NoC,Bs,S+L,NoN,NoC,S,L,0.005,0.0,S,0.005,0.0,L,0.005,0.0,0.01,0.005,0.0,NoN,NoC,0.006333333333333333,0.0010894350310453058,0.005,0.0,0.006333333333333333,0.0013333333333333335,0.005,0.0,0.005,0.0,0.005,0.0,0.005,0.0,0.005,0.0,0.005,0.0
NoN + NoC,Bs,M+M,NoN,NoC,M,M,0.005,0.0,M,0.005,0.0,M,0.005,0.0,0.01,0.005,0.0,NoN,NoC,0.006333333333333333,0.0010894350310453058,0.005,0.0,0.006333333333333333,0.0013333333333333335,0.005,0.0,0.005,0.0,0.005,0.0,0.005,0.0,0.005,0.0,0.005,0.0
NoN + NoC,Bs,F+R,NoN,NoC,F,R,0.005583333333333333,0.0005833333333333334,F,0.005,0.0,R,0.005166666666666667,0.00016666666666666672,0.010166666666666668,0.005,0.0006066758241067099,NoN,NoC,0.006333333333333333,0.0010894350310453058,0.005,0.0,0.006333333333333333,0.0013333333333333335,0.005,0.0,0.005,0.0,0.005,0.0,0.005,0.0,0.006333333333333333,0.0013333333333333335,0.005,0.0
NoN + NoC,Bs,M+R,NoN,NoC,M,R,0.005333333333333333,0.0003333333333333333,M,0.005,0.0,R,0.005166666666666667,0.00016666666666666672,0.010166666666666668,0.005,0.000372677996249965,NoN,NoC,0.006333333333333333,0.0010894350310453058,0.005,0.0,0.006333333333333333,0.0013333333333333335,0.005,0.0,0.005,0.0,0.005,0.0,0.005,0.0,0.005,0.0,0.005,0.0
NoN + NoC,Bs,R+R,NoN,NoC,R,R,0.005166666666666667,0.00016666666666666672,R,0.005166666666666667,0.00016666666666666672,R,0.005166666666666667,0.00016666666666666672,0.010333333333333333,0.005,0.00028867513459481295,NoN,NoC,0.006333333333333333,0.0010894350310453058,0.005,0.0,0.006333333333333333,0.0013333333333333335,0.005,0.0,0.005,0.0,0.005,0.0,0.005,0.0,0.005,0.0,0.005,0.0
NoN + NoC,Bs,C+S,NoN,NoC,C,S,0.005,0.0,C,0.005,0.0,S,0.005,0.0,0.01,0.005,0.0,NoN,NoC,0.006333333333333333,0.0010894350310453058,0.005,0.0,0.006333333333333333,0.0013333333333333335,0.005,0.0,0.005,0.0,0.005,0.0,0.005,0.0,0.005,0.0,0.005,0.0
NoN + NoC,Bs,F+S,NoN,NoC,F,S,0.005,0.0,F,0.005,0.0,S,0.005,0.0,0.01,0.005,0.0,NoN,NoC,0.006333333333333333,0.0010894350310453058,0.005,0.0,0.006333333333333333,0.0013333333333333335,0.005,0.0,0.005,0.0,0.005,0.0,0.005,0.0,0.006333333333333333,0.0013333333333333335,0.005,0.0
NoN + NoC,Bs,M+S,NoN,NoC,M,S,0.005916666666666667,0.0009166666666666666,M,0.005,0.0,S,0.005,0.0,0.01,0.005,0.0009166666666666666,NoN,NoC,0.006333333333333333,0.0010894350310453058,0.005,0.0,0.006333333333333333,0.0013333333333333335,0.005,0.0,0.005,0.0,0.005,0.0,0.005,0.0,0.005,0.0,0.005,0.0
NoN + NoC,Bs,R+S,NoN,NoC,R,S,0.005,0.0,R,0.005166666666666667,0.00016666666666666672,S,0.005,0.0,0.010166666666666668,0.005,0.00016666666666666672,NoN,NoC,0.006333333333333333,0.0010894350310453058,0.005,0.0,0.006333333333333333,0.0013333333333333335,0.005,0.0,0.005,0.0,0.005,0.0,0.005,0.0,0.005,0.0,0.005,0.0
NoN + NoC,Bs,S+S,NoN,NoC,S,S,0.005,0.0,S,0.005,0.0,S,0.005,0.0,0.01,0.005,0.0,NoN,NoC,0.006333333333333333,0.0010894350310453058,0.005,0.0,0.006333333333333333,0.0013333333333333335,0.005,0.0,0.005,0.0,0.005,0.0,0.005,0.0,0.005,0.0,0.005,0.0
NoN + NoC,Bs,WT+WT,NoN,NoC,WT,WT,0.006333333333333333,0.0010894350310453058,,,,,,,,0.006333333333333333,0.0,NoN,NoC,0.006333333333333333,0.0010894350310453058,0.005,0.0,0.006333333333333333,0.0013333333333333335,0.005,0.0,0.005,0.0,0.005,0.0,0.005,0.0,0.006333333333333333,0.0010894350310453058,0.006333333333333333,0.0010894350310453058
NoN + NoC,Ec,C+C,NoN,NoC,C,C,0.005,0.0,C,0.005,0.0,C,0.005,0.0,0.01,0.005,0.0,NoN,NoC,0.007083333333333333,0.0020833333333333333,0.005,0.0,0.005833333333333334,0.0008333333333333334,0.005416666666666667,0.0004166666666666667,0.005,0.0,0.005416666666666667,0.0004166666666666667,0.005916666666666667,0.0009166666666666666,0.005,0.0,0.005,0.0
NoN + NoC,Ec,F+C,NoN,NoC,F,C,0.005083333333333333,8.333333333333324e-05,F,0.006583333333333333,0.0012640623146639312,C,0.005,0.0,0.011583333333333334,0.005,0.0012668062124089777,NoN,NoC,0.007083333333333333,0.0020833333333333333,0.005,0.0,0.005833333333333334,0.0008333333333333334,0.005416666666666667,0.0004166666666666667,0.005,0.0,0.005416666666666667,0.0004166666666666667,0.005916666666666667,0.0009166666666666666,0.005833333333333334,0.0008333333333333334,0.005,0.0
NoN + NoC,Ec,M+C,NoN,NoC,M,C,0.005,0.0,M,0.006083333333333333,0.0008479773915415767,C,0.005,0.0,0.011083333333333334,0.005,0.0008479773915415767,NoN,NoC,0.007083333333333333,0.0020833333333333333,0.005,0.0,0.005833333333333334,0.0008333333333333334,0.005416666666666667,0.0004166666666666667,0.005,0.0,0.005416666666666667,0.0004166666666666667,0.005916666666666667,0.0009166666666666666,0.005,0.0,0.005,0.0
NoN + NoC,Ec,R+C,NoN,NoC,R,C,0.005,0.0,R,0.005,0.0,C,0.005,0.0,0.01,0.005,0.0,NoN,NoC,0.007083333333333333,0.0020833333333333333,0.005,0.0,0.005833333333333334,0.0008333333333333334,0.005416666666666667,0.0004166666666666667,0.005,0.0,0.005416666666666667,0.0004166666666666667,0.005916666666666667,0.0009166666666666666,0.005416666666666667,0.0004166666666666667,0.005,0.0
NoN + NoC,Ec,F+F,NoN,NoC,F,F,0.006583333333333333,0.0012640623146639312,F,0.006583333333333333,0.0012640623146639312,F,0.006583333333333333,0.0012640623146639312,0.013166666666666667,0.005,0.0021894201529310464,NoN,NoC,0.007083333333333333,0.0020833333333333333,0.005,0.0,0.005833333333333334,0.0008333333333333334,0.005416666666666667,0.0004166666666666667,0.005,0.0,0.005416666666666667,0.0004166666666666667,0.005916666666666667,0.0009166666666666666,0.005833333333333334,0.0008333333333333334,0.005833333333333334,0.0008333333333333334
NoN + NoC,Ec,M+F,NoN,NoC,M,F,0.007333333333333333,0.0015779413772060704,M,0.006083333333333333,0.0008479773915415767,F,0.006583333333333333,0.0012640623146639312,0.012666666666666666,0.005,0.0021924457078382085,NoN,NoC,0.007083333333333333,0.0020833333333333333,0.005,0.0,0.005833333333333334,0.0008333333333333334,0.005416666666666667,0.0004166666666666667,0.005,0.0,0.005416666666666667,0.0004166666666666667,0.005916666666666667,0.0009166666666666666,0.005833333333333334,0.0008333333333333334,0.005,0.0
NoN + NoC,Ec,C+L,NoN,NoC,C,L,0.005,0.0,C,0.005,0.0,L,0.006000000000000001,0.001,0.011000000000000001,0.005,0.001,NoN,NoC,0.007083333333333333,0.0020833333333333333,0.005,0.0,0.005833333333333334,0.0008333333333333334,0.005416666666666667,0.0004166666666666667,0.005,0.0,0.005416666666666667,0.0004166666666666667,0.005916666666666667,0.0009166666666666666,0.005916666666666667,0.0009166666666666666,0.005,0.0
NoN + NoC,Ec,F+L,NoN,NoC,F,L,0.005999999999999999,0.000674199862463242,F,0.006583333333333333,0.0012640623146639312,L,0.006000000000000001,0.001,0.012583333333333335,0.005,0.0017471116134634875,NoN,NoC,0.007083333333333333,0.0020833333333333333,0.005,0.0,0.005833333333333334,0.0008333333333333334,0.005416666666666667,0.0004166666666666667,0.005,0.0,0.005416666666666667,0.0004166666666666667,0.005916666666666667,0.0009166666666666666,0.005916666666666667,0.0009166666666666666,0.005833333333333334,0.0008333333333333334
NoN + NoC,Ec,L+L,NoN,NoC,L,L,0.006000000000000001,0.001,L,0.006000000000000001,0.001,L,0.006000000000000001,0.001,0.012000000000000002,0.005,0.0017320508075688774,NoN,NoC,0.007083333333333333,0.0020833333333333333,0.005,0.0,0.005833333333333334,0.0008333333333333334,0.005416666666666667,0.0004166666666666667,0.005,0.0,0.005416666666666667,0.0004166666666666667,0.005916666666666667,0.0009166666666666666,0.005916666666666667,0.0009166666666666666,0.005916666666666667,0.0009166666666666666
NoN + NoC,Ec,M+L,NoN,NoC,M,L,0.006000000000000001,0.001,M,0.006083333333333333,0.0008479773915415767,L,0.006000000000000001,0.001,0.012083333333333335,0.005,0.0016489589614558805,NoN,NoC,0.007083333333333333,0.0020833333333333333,0.005,0.0,0.005833333333333334,0.0008333333333333334,0.005416666666666667,0.0004166666666666667,0.005,0.0,0.005416666666666667,0.0004166666666666667,0.005916666666666667,0.0009166666666666666,0.005916666666666667,0.0009166666666666666,0.005,0.0
NoN + NoC,Ec,R+L,NoN,NoC,R,L,0.010583333333333333,0.004601479230759507,R,0.005,0.0,L,0.006000000000000001,0.001,0.011000000000000001,0.005,0.004708886398195555,NoN,NoC,0.007083333333333333,0.0020833333333333333,0.005,0.0,0.005833333333333334,0.0008333333333333334,0.005416666666666667,0.0004166666666666667,0.005,0.0,0.005416666666666667,0.0004166666666666667,0.005916666666666667,0.0009166666666666666,0.005916666666666667,0.0009166666666666666,0.005416666666666667,0.0004166666666666667
NoN + NoC,Ec,S+L,NoN,NoC,S,L,0.005666666666666667,0.0006666666666666666,S,0.005,0.0,L,0.006000000000000001,0.001,0.011000000000000001,0.005,0.0012018504251546632,NoN,NoC,0.007083333333333333,0.0020833333333333333,0.005,0.0,0.005833333333333334,0.0008333333333333334,0.005416666666666667,0.0004166666666666667,0.005,0.0,0.005416666666666667,0.0004166666666666667,0.005916666666666667,0.0009166666666666666,0.005916666666666667,0.0009166666666666666,0.005416666666666667,0.0004166666666666667
NoN + NoC,Ec,M+M,NoN,NoC,M,M,0.006083333333333333,0.0008479773915415767,M,0.006083333333333333,0.0008479773915415767,M,0.006083333333333333,0.0008479773915415767,0.012166666666666666,0.005,0.0014687399258197379,NoN,NoC,0.007083333333333333,0.0020833333333333333,0.005,0.0,0.005833333333333334,0.0008333333333333334,0.005416666666666667,0.0004166666666666667,0.005,0.0,0.005416666666666667,0.0004166666666666667,0.005916666666666667,0.0009166666666666666,0.005,0.0,0.005,0.0
NoN + NoC,Ec,F+R,NoN,NoC,F,R,0.005,0.0,F,0.006583333333333333,0.0012640623146639312,R,0.005,0.0,0.011583333333333334,0.005,0.0012640623146639312,NoN,NoC,0.007083333333333333,0.0020833333333333333,0.005,0.0,0.005833333333333334,0.0008333333333333334,0.005416666666666667,0.0004166666666666667,0.005,0.0,0.005416666666666667,0.0004166666666666667,0.005916666666666667,0.0009166666666666666,0.005833333333333334,0.0008333333333333334,0.005416666666666667,0.0004166666666666667
NoN + NoC,Ec,M+R,NoN,NoC,M,R,0.005,0.0,M,0.006083333333333333,0.0008479773915415767,R,0.005,0.0,0.011083333333333334,0.005,0.0008479773915415767,NoN,NoC,0.007083333333333333,0.0020833333333333333,0.005,0.0,0.005833333333333334,0.0008333333333333334,0.005416666666666667,0.0004166666666666667,0.005,0.0,0.005416666666666667,0.0004166666666666667,0.005916666666666667,0.0009166666666666666,0.005416666666666667,0.0004166666666666667,0.005,0.0
NoN + NoC,Ec,R+R,NoN,NoC,R,R,0.005,0.0,R,0.005,0.0,R,0.005,0.0,0.01,0.005,0.0,NoN,NoC,0.007083333333333333,0.0020833333333333333,0.005,0.0,0.005833333333333334,0.0008333333333333334,0.005416666666666667,0.0004166666666666667,0.005,0.0,0.005416666666666667,0.0004166666666666667,0.005916666666666667,0.0009166666666666666,0.005416666666666667,0.0004166666666666667,0.005416666666666667,0.0004166666666666667
NoN + NoC,Ec,C+S,NoN,NoC,C,S,0.005,0.0,C,0.005,0.0,S,0.005,0.0,0.01,0.005,0.0,NoN,NoC,0.007083333333333333,0.0020833333333333333,0.005,0.0,0.005833333333333334,0.0008333333333333334,0.005416666666666667,0.0004166666666666667,0.005,0.0,0.005416666666666667,0.0004166666666666667,0.005916666666666667,0.0009166666666666666,0.005416666666666667,0.0004166666666666667,0.005,0.0
NoN + NoC,Ec,F+S,NoN,NoC,F,S,0.005,0.0,F,0.006583333333333333,0.0012640623146639312,S,0.005,0.0,0.011583333333333334,0.005,0.0012640623146639312,NoN,NoC,0.007083333333333333,0.0020833333333333333,0.005,0.0,0.005833333333333334,0.0008333333333333334,0.005416666666666667,0.0004166666666666667,0.005,0.0,0.005416666666666667,0.0004166666666666667,0.005916666666666667,0.0009166666666666666,0.005833333333333334,0.0008333333333333334,0.005416666666666667,0.0004166666666666667
NoN + NoC,Ec,M+S,NoN,NoC,M,S,0.005,0.0,M,0.006083333333333333,0.0008479773915415767,S,0.005,0.0,0.011083333333333334,0.005,0.0008479773915415767,NoN,NoC,0.007083333333333333,0.0020833333333333333,0.005,0.0,0.005833333333333334,0.0008333333333333334,0.005416666666666667,0.0004166666666666667,0.005,0.0,0.005416666666666667,0.0004166666666666667,0.005916666666666667,0.0009166666666666666,0.005416666666666667,0.0004166666666666667,0.005,0.0
NoN + NoC,Ec,R+S,NoN,NoC,R,S,0.005,0.0,R,0.005,0.0,S,0.005,0.0,0.01,0.005,0.0,NoN,NoC,0.007083333333333333,0.0020833333333333333,0.005,0.0,0.005833333333333334,0.0008333333333333334,0.005416666666666667,0.0004166666666666667,0.005,0.0,0.005416666666666667,0.0004166666666666667,0.005916666666666667,0.0009166666666666666,0.005416666666666667,0.0004166666666666667,0.005416666666666667,0.0004166666666666667
NoN + NoC,Ec,S+S,NoN,NoC,S,S,0.005,0.0,S,0.005,0.0,S,0.005,0.0,0.01,0.005,0.0,NoN,NoC,0.007083333333333333,0.0020833333333333333,0.005,0.0,0.005833333333333334,0.0008333333333333334,0.005416666666666667,0.0004166666666666667,0.005,0.0,0.005416666666666667,0.0004166666666666667,0.005916666666666667,0.0009166666666666666,0.005416666666666667,0.0004166666666666667,0.005416666666666667,0.0004166666666666667
NoN + NoC,Ec,WT+WT,NoN,NoC,WT,WT,0.007083333333333333,0.0020833333333333333,,,,,,,,0.007083333333333333,0.0,NoN,NoC,0.007083333333333333,0.0020833333333333333,0.005,0.0,0.005833333333333334,0.0008333333333333334,0.005416666666666667,0.0004166666666666667,0.005,0.0,0.005416666666666667,0.0004166666666666667,0.005916666666666667,0.0009166666666666666,0.007083333333333333,0.0020833333333333333,0.007083333333333333,0.0020833333333333333
Pro + Fum,Bs,C+C,Pro,Fum,C,C,0.006166666666666667,0.0007490735018081412,C,0.006166666666666667,0.0007490735018081412,C,0.006166666666666667,0.0007490735018081412,0.012333333333333333,0.005,0.0012974333637352379,Pro,Fum,0.11066666666666668,0.004855695395901369,0.08566666666666667,0.007181767037281128,0.08966666666666667,0.0043792439733106635,0.04033333333333333,0.001054092553389459,0.18333333333333335,0.032604362352980386,0.0645,0.0040311288741492765,0.12116666666666666,0.006695354940387983,0.18333333333333335,0.032604362352980386,0.18333333333333335,0.032604362352980386
Pro + Fum,Bs,F+C,Pro,Fum,F,C,0.075,0.009681597664297633,F,0.04766666666666666,0.0054324130099902305,C,0.006166666666666667,0.0007490735018081412,0.05383333333333333,0.021166666666666667,0.011126794486983015,Pro,Fum,0.11066666666666668,0.004855695395901369,0.08566666666666667,0.007181767037281128,0.08966666666666667,0.0043792439733106635,0.04033333333333333,0.001054092553389459,0.18333333333333335,0.032604362352980386,0.0645,0.0040311288741492765,0.12116666666666666,0.006695354940387983,0.18333333333333335,0.032604362352980386,0.08966666666666667,0.0043792439733106635
Pro + Fum,Bs,M+C,Pro,Fum,M,C,0.041,0.007164728420068225,M,0.0075,0.0016278820596099706,C,0.006166666666666667,0.0007490735018081412,0.013666666666666667,0.027333333333333334,0.007385421074281712,Pro,Fum,0.11066666666666668,0.004855695395901369,0.08566666666666667,0.007181767037281128,0.08966666666666667,0.0043792439733106635,0.04033333333333333,0.001054092553389459,0.18333333333333335,0.032604362352980386,0.0645,0.0040311288741492765,0.12116666666666666,0.006695354940387983,0.18333333333333335,0.032604362352980386,0.08566666666666667,0.007181767037281128
Pro + Fum,Bs,R+C,Pro,Fum,R,C,0.15683333333333332,0.04331467547045817,R,0.009166666666666667,0.0009098229375970788,C,0.006166666666666667,0.0007490735018081412,0.015333333333333334,0.1415,0.0433307050484988,Pro,Fum,0.11066666666666668,0.004855695395901369,0.08566666666666667,0.007181767037281128,0.08966666666666667,0.0043792439733106635,0.04033333333333333,0.001054092553389459,0.18333333333333335,0.032604362352980386,0.0645,0.0040311288741492765,0.12116666666666666,0.006695354940387983,0.18333333333333335,0.032604362352980386,0.04033333333333333,0.001054092553389459
Pro + Fum,Bs,F+F,Pro,Fum,F,F,0.04766666666666666,0.0054324130099902305,F,0.04766666666666666,0.0054324130099902305,F,0.04766666666666666,0.0054324130099902305,0.09533333333333333,0.005,0.009409215341001254,Pro,Fum,0.11066666666666668,0.004855695395901369,0.08566666666666667,0.007181767037281128,0.08966666666666667,0.0043792439733106635,0.04033333333333333,0.001054092553389459,0.18333333333333335,0.032604362352980386,0.0645,0.0040311288741492765,0.12116666666666666,0.006695354940387983,0.08966666666666667,0.0043792439733106635,0.08966666666666667,0.0043792439733106635
Pro + Fum,Bs,M+F,Pro,Fum,M,F,0.106,0.009862386459000009,M,0.0075,0.0016278820596099706,F,0.04766666666666666,0.0054324130099902305,0.05516666666666666,0.050833333333333335,0.011376632971920025,Pro,Fum,0.11066666666666668,0.004855695395901369,0.08566666666666667,0.007181767037281128,0.08966666666666667,0.0043792439733106635,0.04033333333333333,0.001054092553389459,0.18333333333333335,0.032604362352980386,0.0645,0.0040311288741492765,0.12116666666666666,0.006695354940387983,0.08966666666666667,0.0043792439733106635,0.08566666666666667,0.007181767037281128
Pro + Fum,Bs,C+L,Pro,Fum,C,L,0.052,0.04065956222095855,C,0.006166666666666667,0.0007490735018081412,L,0.005333333333333333,0.00021081851067789205,0.0115,0.040499999999999994,0.040667008195287194,Pro,Fum,0.11066666666666668,0.004855695395901369,0.08566666666666667,0.007181767037281128,0.08966666666666667,0.0043792439733106635,0.04033333333333333,0.001054092553389459,0.18333333333333335,0.032604362352980386,0.0645,0.0040311288741492765,0.12116666666666666,0.006695354940387983,0.18333333333333335,0.032604362352980386,0.12116666666666666,0.006695354940387983
Pro + Fum,Bs,F+L,Pro,Fum,F,L,0.07666666666666666,0.010413666234542204,F,0.04766666666666666,0.0054324130099902305,L,0.005333333333333333,0.00021081851067789205,0.053,0.023666666666666662,0.011747340124470729,Pro,Fum,0.11066666666666668,0.004855695395901369,0.08566666666666667,0.007181767037281128,0.08966666666666667,0.0043792439733106635,0.04033333333333333,0.001054092553389459,0.18333333333333335,0.032604362352980386,0.0645,0.0040311288741492765,0.12116666666666666,0.006695354940387983,0.12116666666666666,0.006695354940387983,0.08966666666666667,0.0043792439733106635
Pro + Fum,Bs,L+L,Pro,Fum,L,L,0.005333333333333333,0.00021081851067789205,L,0.005333333333333333,0.00021081851067789205,L,0.005333333333333333,0.00021081851067789205,0.010666666666666666,0.005,0.0003651483716701109,Pro,Fum,0.11066666666666668,0.004855695395901369,0.08566666666666667,0.007181767037281128,0.08966666666666667,0.0043792439733106635,0.04033333333333333,0.001054092553389459,0.18333333333333335,0.032604362352980386,0.0645,0.0040311288741492765,0.12116666666666666,0.006695354940387983,0.12116666666666666,0.006695354940387983,0.12116666666666666,0.006695354940387983
Pro + Fum,Bs,M+L,Pro,Fum,M,L,0.108,0.00879393730551528,M,0.0075,0.0016278820596099706,L,0.005333333333333333,0.00021081851067789205,0.012833333333333332,0.09516666666666666,0.008945824600213094,Pro,Fum,0.11066666666666668,0.004855695395901369,0.08566666666666667,0.007181767037281128,0.08966666666666667,0.0043792439733106635,0.04033333333333333,0.001054092553389459,0.18333333333333335,0.032604362352980386,0.0645,0.0040311288741492765,0.12116666666666666,0.006695354940387983,0.12116666666666666,0.006695354940387983,0.08566666666666667,0.007181767037281128
Pro + Fum,Bs,R+L,Pro,Fum,R,L,0.1415,0.0033241540277189298,R,0.009166666666666667,0.0009098229375970788,L,0.005333333333333333,0.00021081851067789205,0.014499999999999999,0.127,0.003452857110020947,Pro,Fum,0.11066666666666668,0.004855695395901369,0.08566666666666667,0.007181767037281128,0.08966666666666667,0.0043792439733106635,0.04033333333333333,0.001054092553389459,0.18333333333333335,0.032604362352980386,0.0645,0.0040311288741492765,0.12116666666666666,0.006695354940387983,0.12116666666666666,0.006695354940387983,0.04033333333333333,0.001054092553389459
Pro + Fum,Bs,S+L,Pro,Fum,S,L,0.023833333333333335,0.007318545696455758,S,0.005,0.0,L,0.005333333333333333,0.00021081851067789205,0.010333333333333333,0.013500000000000002,0.007321581492789351,Pro,Fum,0.11066666666666668,0.004855695395901369,0.08566666666666667,0.007181767037281128,0.08966666666666667,0.0043792439733106635,0.04033333333333333,0.001054092553389459,0.18333333333333335,0.032604362352980386,0.0645,0.0040311288741492765,0.12116666666666666,0.006695354940387983,0.12116666666666666,0.006695354940387983,0.0645,0.0040311288741492765
Pro + Fum,Bs,M+M,Pro,Fum,M,M,0.0075,0.0016278820596099706,M,0.0075,0.0016278820596099706,M,0.0075,0.0016278820596099706,0.015,0.005,0.002819574435974337,Pro,Fum,0.11066666666666668,0.004855695395901369,0.08566666666666667,0.007181767037281128,0.08966666666666667,0.0043792439733106635,0.04033333333333333,0.001054092553389459,0.18333333333333335,0.032604362352980386,0.0645,0.0040311288741492765,0.12116666666666666,0.006695354940387983,0.08566666666666667,0.007181767037281128,0.08566666666666667,0.007181767037281128
Pro + Fum,Bs,F+R,Pro,Fum,F,R,0.13016666666666668,0.006488023153815376,F,0.04766666666666666,0.0054324130099902305,R,0.009166666666666667,0.0009098229375970788,0.05683333333333333,0.07333333333333335,0.008510777481131397,Pro,Fum,0.11066666666666668,0.004855695395901369,0.08566666666666667,0.007181767037281128,0.08966666666666667,0.0043792439733106635,0.04033333333333333,0.001054092553389459,0.18333333333333335,0.032604362352980386,0.0645,0.0040311288741492765,0.12116666666666666,0.006695354940387983,0.08966666666666667,0.0043792439733106635,0.04033333333333333,0.001054092553389459
Pro + Fum,Bs,M+R,Pro,Fum,M,R,0.17133333333333334,0.01855562208903574,M,0.0075,0.0016278820596099706,R,0.009166666666666667,0.0009098229375970788,0.016666666666666666,0.15466666666666667,0.01864909887605535,Pro,Fum,0.11066666666666668,0.004855695395901369,0.08566666666666667,0.007181767037281128,0.08966666666666667,0.0043792439733106635,0.04033333333333333,0.001054092553389459,0.18333333333333335,0.032604362352980386,0.0645,0.0040311288741492765,0.12116666666666666,0.006695354940387983,0.08566666666666667,0.007181767037281128,0.04033333333333333,0.001054092553389459
Pro + Fum,Bs,R+R,Pro,Fum,R,R,0.009166666666666667,0.0009098229375970788,R,0.009166666666666667,0.0009098229375970788,R,0.009166666666666667,0.0009098229375970788,0.018333333333333333,0.005,0.0015758595538097084,Pro,Fum,0.11066666666666668,0.004855695395901369,0.08566666666666667,0.007181767037281128,0.08966666666666667,0.0043792439733106635,0.04033333333333333,0.001054092553389459,0.18333333333333335,0.032604362352980386,0.0645,0.0040311288741492765,0.12116666666666666,0.006695354940387983,0.04033333333333333,0.001054092553389459,0.04033333333333333,0.001054092553389459
Pro + Fum,Bs,C+S,Pro,Fum,C,S,0.012833333333333334,0.003910811225876857,C,0.006166666666666667,0.0007490735018081412,S,0.005,0.0,0.011166666666666667,0.005,0.003981903509071454,Pro,Fum,0.11066666666666668,0.004855695395901369,0.08566666666666667,0.007181767037281128,0.08966666666666667,0.0043792439733106635,0.04033333333333333,0.001054092553389459,0.18333333333333335,0.032604362352980386,0.0645,0.0040311288741492765,0.12116666666666666,0.006695354940387983,0.18333333333333335,0.032604362352980386,0.0645,0.0040311288741492765
Pro + Fum,Bs,F+S,Pro,Fum,F,S,0.06383333333333334,0.005275204050819057,F,0.04766666666666666,0.0054324130099902305,S,0.005,0.0,0.05266666666666666,0.011166666666666679,0.007572244640058118,Pro,Fum,0.11066666666666668,0.004855695395901369,0.08566666666666667,0.007181767037281128,0.08966666666666667,0.0043792439733106635,0.04033333333333333,0.001054092553389459,0.18333333333333335,0.032604362352980386,0.0645,0.0040311288741492765,0.12116666666666666,0.006695354940387983,0.08966666666666667,0.0043792439733106635,0.0645,0.0040311288741492765
Pro + Fum,Bs,M+S,Pro,Fum,M,S,0.048499999999999995,0.0017654083569153805,M,0.0075,0.0016278820596099706,S,0.005,0.0,0.0125,0.03599999999999999,0.0024013884872437163,Pro,Fum,0.11066666666666668,0.004855695395901369,0.08566666666666667,0.007181767037281128,0.08966666666666667,0.0043792439733106635,0.04033333333333333,0.001054092553389459,0.18333333333333335,0.032604362352980386,0.0645,0.0040311288741492765,0.12116666666666666,0.006695354940387983,0.08566666666666667,0.007181767037281128,0.0645,0.0040311288741492765
Pro + Fum,Bs,R+S,Pro,Fum,R,S,0.14049999999999999,0.019087081145808194,R,0.009166666666666667,0.0009098229375970788,S,0.005,0.0,0.014166666666666668,0.12633333333333333,0.01910875308450147,Pro,Fum,0.11066666666666668,0.004855695395901369,0.08566666666666667,0.007181767037281128,0.08966666666666667,0.0043792439733106635,0.04033333333333333,0.001054092553389459,0.18333333333333335,0.032604362352980386,0.0645,0.0040311288741492765,0.12116666666666666,0.006695354940387983,0.0645,0.0040311288741492765,0.04033333333333333,0.001054092553389459
Pro + Fum,Bs,S+S,Pro,Fum,S,S,0.005,0.0,S,0.005,0.0,S,0.005,0.0,0.01,0.005,0.0,Pro,Fum,0.11066666666666668,0.004855695395901369,0.08566666666666667,0.007181767037281128,0.08966666666666667,0.0043792439733106635,0.04033333333333333,0.001054092553389459,0.18333333333333335,0.032604362352980386,0.0645,0.0040311288741492765,0.12116666666666666,0.006695354940387983,0.0645,0.0040311288741492765,0.0645,0.0040311288741492765
Pro + Fum,Bs,WT+WT,Pro,Fum,WT,WT,0.11066666666666668,0.004855695395901369,,,,,,,,0.11066666666666668,0.0,Pro,Fum,0.11066666666666668,0.004855695395901369,0.08566666666666667,0.007181767037281128,0.08966666666666667,0.0043792439733106635,0.04033333333333333,0.001054092553389459,0.18333333333333335,0.032604362352980386,0.0645,0.0040311288741492765,0.12116666666666666,0.006695354940387983,0.11066666666666668,0.004855695395901369,0.11066666666666668,0.004855695395901369
Pro + Fum,Ec,C+C,Pro,Fum,C,C,0.005,0.0,C,0.005,0.0,C,0.005,0.0,0.01,0.005,0.0,Pro,Fum,0.502,0.04372032326809429,0.5535,0.0329653858868157,0.5238333333333333,0.03762217135915706,0.2688333333333333,0.02989472268552502,0.0545,0.0021870832936432337,0.0385,0.009531526635329727,0.215,0.026976533011736952,0.0545,0.0021870832936432337,0.0545,0.0021870832936432337
Pro + Fum,Ec,F+C,Pro,Fum,F,C,0.031,0.002720294101747089,F,0.023333333333333334,0.004030439733384491,C,0.005,0.0,0.028333333333333335,0.005,0.004862555341016125,Pro,Fum,0.502,0.04372032326809429,0.5535,0.0329653858868157,0.5238333333333333,0.03762217135915706,0.2688333333333333,0.02989472268552502,0.0545,0.0021870832936432337,0.0385,0.009531526635329727,0.215,0.026976533011736952,0.5238333333333333,0.03762217135915706,0.0545,0.0021870832936432337
Pro + Fum,Ec,M+C,Pro,Fum,M,C,0.005999999999999999,0.0006324555320336758,M,0.005,0.0,C,0.005,0.0,0.01,0.005,0.0006324555320336758,Pro,Fum,0.502,0.04372032326809429,0.5535,0.0329653858868157,0.5238333333333333,0.03762217135915706,0.2688333333333333,0.02989472268552502,0.0545,0.0021870832936432337,0.0385,0.009531526635329727,0.215,0.026976533011736952,0.5535,0.0329653858868157,0.0545,0.0021870832936432337
Pro + Fum,Ec,R+C,Pro,Fum,R,C,0.0085,0.0017841898254763512,R,0.005,0.0,C,0.005,0.0,0.01,0.005,0.0017841898254763512,Pro,Fum,0.502,0.04372032326809429,0.5535,0.0329653858868157,0.5238333333333333,0.03762217135915706,0.2688333333333333,0.02989472268552502,0.0545,0.0021870832936432337,0.0385,0.009531526635329727,0.215,0.026976533011736952,0.2688333333333333,0.02989472268552502,0.0545,0.0021870832936432337
Pro + Fum,Ec,F+F,Pro,Fum,F,F,0.023333333333333334,0.004030439733384491,F,0.023333333333333334,0.004030439733384491,F,0.023333333333333334,0.004030439733384491,0.04666666666666667,0.005,0.006980926395066298,Pro,Fum,0.502,0.04372032326809429,0.5535,0.0329653858868157,0.5238333333333333,0.03762217135915706,0.2688333333333333,0.02989472268552502,0.0545,0.0021870832936432337,0.0385,0.009531526635329727,0.215,0.026976533011736952,0.5238333333333333,0.03762217135915706,0.5238333333333333,0.03762217135915706
Pro + Fum,Ec,M+F,Pro,Fum,M,F,0.39866666666666667,0.15346436430360996,M,0.005,0.0,F,0.023333333333333334,0.004030439733384491,0.028333333333333335,0.37033333333333335,0.1535172809671783,Pro,Fum,0.502,0.04372032326809429,0.5535,0.0329653858868157,0.5238333333333333,0.03762217135915706,0.2688333333333333,0.02989472268552502,0.0545,0.0021870832936432337,0.0385,0.009531526635329727,0.215,0.026976533011736952,0.5535,0.0329653858868157,0.5238333333333333,0.03762217135915706
Pro + Fum,Ec,C+L,Pro,Fum,C,L,0.005166666666666667,0.0001666666666666667,C,0.005,0.0,L,0.005,0.0,0.01,0.005,0.0001666666666666667,Pro,Fum,0.502,0.04372032326809429,0.5535,0.0329653858868157,0.5238333333333333,0.03762217135915706,0.2688333333333333,0.02989472268552502,0.0545,0.0021870832936432337,0.0385,0.009531526635329727,0.215,0.026976533011736952,0.215,0.026976533011736952,0.0545,0.0021870832936432337
Pro + Fum,Ec,F+L,Pro,Fum,F,L,0.03283333333333333,0.0010137937550497031,F,0.023333333333333334,0.004030439733384491,L,0.005,0.0,0.028333333333333335,0.005,0.004155986311601883,Pro,Fum,0.502,0.04372032326809429,0.5535,0.0329653858868157,0.5238333333333333,0.03762217135915706,0.2688333333333333,0.02989472268552502,0.0545,0.0021870832936432337,0.0385,0.009531526635329727,0.215,0.026976533011736952,0.5238333333333333,0.03762217135915706,0.215,0.026976533011736952
Pro + Fum,Ec,L+L,Pro,Fum,L,L,0.005,0.0,L,0.005,0.0,L,0.005,0.0,0.01,0.005,0.0,Pro,Fum,0.502,0.04372032326809429,0.5535,0.0329653858868157,0.5238333333333333,0.03762217135915706,0.2688333333333333,0.02989472268552502,0.0545,0.0021870832936432337,0.0385,0.009531526635329727,0.215,0.026976533011736952,0.215,0.026976533011736952,0.215,0.026976533011736952
Pro + Fum,Ec,M+L,Pro,Fum,M,L,0.0265,0.001408308678285174,M,0.005,0.0,L,0.005,0.0,0.01,0.0165,0.001408308678285174,Pro,Fum,0.502,0.04372032326809429,0.5535,0.0329653858868157,0.5238333333333333,0.03762217135915706,0.2688333333333333,0.02989472268552502,0.0545,0.0021870832936432337,0.0385,0.009531526635329727,0.215,0.026976533011736952,0.5535,0.0329653858868157,0.215,0.026976533011736952
Pro + Fum,Ec,R+L,Pro,Fum,R,L,0.016999999999999998,0.0038035071534922426,R,0.005,0.0,L,0.005,0.0,0.01,0.0069999999999999975,0.0038035071534922426,Pro,Fum,0.502,0.04372032326809429,0.5535,0.0329653858868157,0.5238333333333333,0.03762217135915706,0.2688333333333333,0.02989472268552502,0.0545,0.0021870832936432337,0.0385,0.009531526635329727,0.215,0.026976533011736952,0.2688333333333333,0.02989472268552502,0.215,0.026976533011736952
Pro + Fum,Ec,S+L,Pro,Fum,S,L,0.005166666666666667,0.00016666666666666663,S,0.005,0.0,L,0.005,0.0,0.01,0.005,0.00016666666666666663,Pro,Fum,0.502,0.04372032326809429,0.5535,0.0329653858868157,0.5238333333333333,0.03762217135915706,0.2688333333333333,0.02989472268552502,0.0545,0.0021870832936432337,0.0385,0.009531526635329727,0.215,0.026976533011736952,0.215,0.026976533011736952,0.0385,0.009531526635329727
Pro + Fum,Ec,M+M,Pro,Fum,M,M,0.005,0.0,M,0.005,0.0,M,0.005,0.0,0.01,0.005,0.0,Pro,Fum,0.502,0.04372032326809429,0.5535,0.0329653858868157,0.5238333333333333,0.03762217135915706,0.2688333333333333,0.02989472268552502,0.0545,0.0021870832936432337,0.0385,0.009531526635329727,0.215,0.026976533011736952,0.5535,0.0329653858868157,0.5535,0.0329653858868157
Pro + Fum,Ec,F+R,Pro,Fum,F,R,0.03,0.0007302967433402218,F,0.023333333333333334,0.004030439733384491,R,0.005,0.0,0.028333333333333335,0.005,0.004096068575814836,Pro,Fum,0.502,0.04372032326809429,0.5535,0.0329653858868157,0.5238333333333333,0.03762217135915706,0.2688333333333333,0.02989472268552502,0.0545,0.0021870832936432337,0.0385,0.009531526635329727,0.215,0.026976533011736952,0.5238333333333333,0.03762217135915706,0.2688333333333333,0.02989472268552502
Pro + Fum,Ec,M+R,Pro,Fum,M,R,0.04883333333333333,0.011160694920618119,M,0.005,0.0,R,0.005,0.0,0.01,0.03883333333333333,0.011160694920618119,Pro,Fum,0.502,0.04372032326809429,0.5535,0.0329653858868157,0.5238333333333333,0.03762217135915706,0.2688333333333333,0.02989472268552502,0.0545,0.0021870832936432337,0.0385,0.009531526635329727,0.215,0.026976533011736952,0.5535,0.0329653858868157,0.2688333333333333,0.02989472268552502
Pro + Fum,Ec,R+R,Pro,Fum,R,R,0.005,0.0,R,0.005,0.0,R,0.005,0.0,0.01,0.005,0.0,Pro,Fum,0.502,0.04372032326809429,0.5535,0.0329653858868157,0.5238333333333333,0.03762217135915706,0.2688333333333333,0.02989472268552502,0.0545,0.0021870832936432337,0.0385,0.009531526635329727,0.215,0.026976533011736952,0.2688333333333333,0.02989472268552502,0.2688333333333333,0.02989472268552502
Pro + Fum,Ec,C+S,Pro,Fum,C,S,0.005,0.0,C,0.005,0.0,S,0.005,0.0,0.01,0.005,0.0,Pro,Fum,0.502,0.04372032326809429,0.5535,0.0329653858868157,0.5238333333333333,0.03762217135915706,0.2688333333333333,0.02989472268552502,0.0545,0.0021870832936432337,0.0385,0.009531526635329727,0.215,0.026976533011736952,0.0545,0.0021870832936432337,0.0385,0.009531526635329727
Pro + Fum,Ec,F+S,Pro,Fum,F,S,0.025,0.003188521078284832,F,0.023333333333333334,0.004030439733384491,S,0.005,0.0,0.028333333333333335,0.005,0.005139174166255812,Pro,Fum,0.502,0.04372032326809429,0.5535,0.0329653858868157,0.5238333333333333,0.03762217135915706,0.2688333333333333,0.02989472268552502,0.0545,0.0021870832936432337,0.0385,0.009531526635329727,0.215,0.026976533011736952,0.5238333333333333,0.03762217135915706,0.0385,0.009531526635329727
Pro + Fum,Ec,M+S,Pro,Fum,M,S,0.03183333333333333,0.00225708760229736,M,0.005,0.0,S,0.005,0.0,0.01,0.02183333333333333,0.00225708760229736,Pro,Fum,0.502,0.04372032326809429,0.5535,0.0329653858868157,0.5238333333333333,0.03762217135915706,0.2688333333333333,0.02989472268552502,0.0545,0.0021870832936432337,0.0385,0.009531526635329727,0.215,0.026976533011736952,0.5535,0.0329653858868157,0.0385,0.009531526635329727
Pro + Fum,Ec,R+S,Pro,Fum,R,S,0.014666666666666666,0.0007149203529842408,R,0.005,0.0,S,0.005,0.0,0.01,0.005,0.0007149203529842408,Pro,Fum,0.502,0.04372032326809429,0.5535,0.0329653858868157,0.5238333333333333,0.03762217135915706,0.2688333333333333,0.02989472268552502,0.0545,0.0021870832936432337,0.0385,0.009531526635329727,0.215,0.026976533011736952,0.2688333333333333,0.02989472268552502,0.0385,0.009531526635329727
Pro + Fum,Ec,S+S,Pro,Fum,S,S,0.005,0.0,S,0.005,0.0,S,0.005,0.0,0.01,0.005,0.0,Pro,Fum,0.502,0.04372032326809429,0.5535,0.0329653858868157,0.5238333333333333,0.03762217135915706,0.2688333333333333,0.02989472268552502,0.0545,0.0021870832936432337,0.0385,0.009531526635329727,0.215,0.026976533011736952,0.0385,0.009531526635329727,0.0385,0.009531526635329727
Pro + Fum,Ec,WT+WT,Pro,Fum,WT,WT,0.502,0.04372032326809429,,,,,,,,0.502,0.0,Pro,Fum,0.502,0.04372032326809429,0.5535,0.0329653858868157,0.5238333333333333,0.03762217135915706,0.2688333333333333,0.02989472268552502,0.0545,0.0021870832936432337,0.0385,0.009531526635329727,0.215,0.026976533011736952,0.502,0.04372032326809429,0.502,0.04372032326809429
Pro + Gluc,Bs,C+C,Pro,Gluc,C,C,0.007166666666666666,0.001376388188137505,C,0.007166666666666666,0.001376388188137505,C,0.007166666666666666,0.001376388188137505,0.014333333333333332,0.005,0.0023839742727918296,Pro,Gluc,0.2743333333333333,0.008678197457485683,0.28450000000000003,0.015439667526644918,0.20933333333333334,0.02354805960394849,0.11699999999999999,0.007192588778272626,0.256,0.03392835588903967,0.15616666666666668,0.010235287544134317,0.149,0.004864839839775475,0.256,0.03392835588903967,0.256,0.03392835588903967
Pro + Gluc,Bs,F+C,Pro,Gluc,F,C,0.14933333333333335,0.02285996014383616,F,0.10283333333333333,0.009731107051330002,C,0.007166666666666666,0.001376388188137505,0.11,0.039333333333333345,0.02488305983328149,Pro,Gluc,0.2743333333333333,0.008678197457485683,0.28450000000000003,0.015439667526644918,0.20933333333333334,0.02354805960394849,0.11699999999999999,0.007192588778272626,0.256,0.03392835588903967,0.15616666666666668,0.010235287544134317,0.149,0.004864839839775475,0.256,0.03392835588903967,0.20933333333333334,0.02354805960394849
Pro + Gluc,Bs,M+C,Pro,Gluc,M,C,0.09016666666666667,0.02546948064732464,M,0.0075,0.001360147050873544,C,0.007166666666666666,0.001376388188137505,0.014666666666666665,0.07550000000000001,0.025542883331544402,Pro,Gluc,0.2743333333333333,0.008678197457485683,0.28450000000000003,0.015439667526644918,0.20933333333333334,0.02354805960394849,0.11699999999999999,0.007192588778272626,0.256,0.03392835588903967,0.15616666666666668,0.010235287544134317,0.149,0.004864839839775475,0.28450000000000003,0.015439667526644918,0.256,0.03392835588903967
Pro + Gluc,Bs,R+C,Pro,Gluc,R,C,0.1975,0.03850173156279251,R,0.008,0.0006324555320336758,C,0.007166666666666666,0.001376388188137505,0.015166666666666665,0.18233333333333335,0.03853151668151382,Pro,Gluc,0.2743333333333333,0.008678197457485683,0.28450000000000003,0.015439667526644918,0.20933333333333334,0.02354805960394849,0.11699999999999999,0.007192588778272626,0.256,0.03392835588903967,0.15616666666666668,0.010235287544134317,0.149,0.004864839839775475,0.256,0.03392835588903967,0.11699999999999999,0.007192588778272626
Pro + Gluc,Bs,F+F,Pro,Gluc,F,F,0.10283333333333333,0.009731107051330002,F,0.10283333333333333,0.009731107051330002,F,0.10283333333333333,0.009731107051330002,0.20566666666666666,0.005,0.016854771826795328,Pro,Gluc,0.2743333333333333,0.008678197457485683,0.28450000000000003,0.015439667526644918,0.20933333333333334,0.02354805960394849,0.11699999999999999,0.007192588778272626,0.256,0.03392835588903967,0.15616666666666668,0.010235287544134317,0.149,0.004864839839775475,0.20933333333333334,0.02354805960394849,0.20933333333333334,0.02354805960394849
Pro + Gluc,Bs,M+F,Pro,Gluc,M,F,0.21633333333333335,0.03933926508944691,M,0.0075,0.001360147050873544,F,0.10283333333333333,0.009731107051330002,0.11033333333333334,0.10600000000000001,0.040547777031820394,Pro,Gluc,0.2743333333333333,0.008678197457485683,0.28450000000000003,0.015439667526644918,0.20933333333333334,0.02354805960394849,0.11699999999999999,0.007192588778272626,0.256,0.03392835588903967,0.15616666666666668,0.010235287544134317,0.149,0.004864839839775475,0.28450000000000003,0.015439667526644918,0.20933333333333334,0.02354805960394849
Pro + Gluc,Bs,C+L,Pro,Gluc,C,L,0.0135,0.0037305048809332317,C,0.007166666666666666,0.001376388188137505,L,0.0055000000000000005,0.0003415650255319866,0.012666666666666666,0.005,0.003990962011567859,Pro,Gluc,0.2743333333333333,0.008678197457485683,0.28450000000000003,0.015439667526644918,0.20933333333333334,0.02354805960394849,0.11699999999999999,0.007192588778272626,0.256,0.03392835588903967,0.15616666666666668,0.010235287544134317,0.149,0.004864839839775475,0.256,0.03392835588903967,0.149,0.004864839839775475
Pro + Gluc,Bs,F+L,Pro,Gluc,F,L,0.1645,0.01926092763428941,F,0.10283333333333333,0.009731107051330002,L,0.0055000000000000005,0.0003415650255319866,0.10833333333333334,0.05616666666666667,0.021582271531153635,Pro,Gluc,0.2743333333333333,0.008678197457485683,0.28450000000000003,0.015439667526644918,0.20933333333333334,0.02354805960394849,0.11699999999999999,0.007192588778272626,0.256,0.03392835588903967,0.15616666666666668,0.010235287544134317,0.149,0.004864839839775475,0.20933333333333334,0.02354805960394849,0.149,0.004864839839775475
Pro + Gluc,Bs,L+L,Pro,Gluc,L,L,0.0055000000000000005,0.0003415650255319866,L,0.0055000000000000005,0.0003415650255319866,L,0.0055000000000000005,0.0003415650255319866,0.011000000000000001,0.005,0.0005916079783099616,Pro,Gluc,0.2743333333333333,0.008678197457485683,0.28450000000000003,0.015439667526644918,0.20933333333333334,0.02354805960394849,0.11699999999999999,0.007192588778272626,0.256,0.03392835588903967,0.15616666666666668,0.010235287544134317,0.149,0.004864839839775475,0.149,0.004864839839775475,0.149,0.004864839839775475
Pro + Gluc,Bs,M+L,Pro,Gluc,M,L,0.21816666666666665,0.008704085886014172,M,0.0075,0.001360147050873544,L,0.0055000000000000005,0.0003415650255319866,0.013000000000000001,0.20516666666666664,0.008816335847605727,Pro,Gluc,0.2743333333333333,0.008678197457485683,0.28450000000000003,0.015439667526644918,0.20933333333333334,0.02354805960394849,0.11699999999999999,0.007192588778272626,0.256,0.03392835588903967,0.15616666666666668,0.010235287544134317,0.149,0.004864839839775475,0.28450000000000003,0.015439667526644918,0.149,0.004864839839775475
Pro + Gluc,Bs,R+L,Pro,Gluc,R,L,0.2316666666666667,0.025011552886171975,R,0.008,0.0006324555320336758,L,0.0055000000000000005,0.0003415650255319866,0.013500000000000002,0.21816666666666668,0.025021879314800564,Pro,Gluc,0.2743333333333333,0.008678197457485683,0.28450000000000003,0.015439667526644918,0.20933333333333334,0.02354805960394849,0.11699999999999999,0.007192588778272626,0.256,0.03392835588903967,0.15616666666666668,0.010235287544134317,0.149,0.004864839839775475,0.149,0.004864839839775475,0.11699999999999999,0.007192588778272626
Pro + Gluc,Bs,S+L,Pro,Gluc,S,L,0.08750000000000001,0.04435369206729018,S,0.005333333333333333,0.00021081851067789186,L,0.0055000000000000005,0.0003415650255319866,0.010833333333333334,0.07666666666666667,0.04435550823867439,Pro,Gluc,0.2743333333333333,0.008678197457485683,0.28450000000000003,0.015439667526644918,0.20933333333333334,0.02354805960394849,0.11699999999999999,0.007192588778272626,0.256,0.03392835588903967,0.15616666666666668,0.010235287544134317,0.149,0.004864839839775475,0.15616666666666668,0.010235287544134317,0.149,0.004864839839775475
Pro + Gluc,Bs,M+M,Pro,Gluc,M,M,0.0075,0.001360147050873544,M,0.0075,0.001360147050873544,M,0.0075,0.001360147050873544,0.015,0.005,0.0023558437978779484,Pro,Gluc,0.2743333333333333,0.008678197457485683,0.28450000000000003,0.015439667526644918,0.20933333333333334,0.02354805960394849,0.11699999999999999,0.007192588778272626,0.256,0.03392835588903967,0.15616666666666668,0.010235287544134317,0.149,0.004864839839775475,0.28450000000000003,0.015439667526644918,0.28450000000000003,0.015439667526644918
Pro + Gluc,Bs,F+R,Pro,Gluc,F,R,0.24433333333333332,0.026063597432263864,F,0.10283333333333333,0.009731107051330002,R,0.008,0.0006324555320336758,0.11083333333333334,0.13349999999999998,0.027828143228673306,Pro,Gluc,0.2743333333333333,0.008678197457485683,0.28450000000000003,0.015439667526644918,0.20933333333333334,0.02354805960394849,0.11699999999999999,0.007192588778272626,0.256,0.03392835588903967,0.15616666666666668,0.010235287544134317,0.149,0.004864839839775475,0.20933333333333334,0.02354805960394849,0.11699999999999999,0.007192588778272626
Pro + Gluc,Bs,M+R,Pro,Gluc,M,R,0.25966666666666666,0.03245886285404616,M,0.0075,0.001360147050873544,R,0.008,0.0006324555320336758,0.0155,0.24416666666666664,0.03249350362422891,Pro,Gluc,0.2743333333333333,0.008678197457485683,0.28450000000000003,0.015439667526644918,0.20933333333333334,0.02354805960394849,0.11699999999999999,0.007192588778272626,0.256,0.03392835588903967,0.15616666666666668,0.010235287544134317,0.149,0.004864839839775475,0.28450000000000003,0.015439667526644918,0.11699999999999999,0.007192588778272626
Pro + Gluc,Bs,R+R,Pro,Gluc,R,R,0.008,0.0006324555320336758,R,0.008,0.0006324555320336758,R,0.008,0.0006324555320336758,0.016,0.005,0.001095445115010332,Pro,Gluc,0.2743333333333333,0.008678197457485683,0.28450000000000003,0.015439667526644918,0.20933333333333334,0.02354805960394849,0.11699999999999999,0.007192588778272626,0.256,0.03392835588903967,0.15616666666666668,0.010235287544134317,0.149,0.004864839839775475,0.11699999999999999,0.007192588778272626,0.11699999999999999,0.007192588778272626
Pro + Gluc,Bs,C+S,Pro,Gluc,C,S,0.016,0.0046404022814119615,C,0.007166666666666666,0.001376388188137505,S,0.005333333333333333,0.00021081851067789186,0.012499999999999999,0.005,0.004844813951249545,Pro,Gluc,0.2743333333333333,0.008678197457485683,0.28450000000000003,0.015439667526644918,0.20933333333333334,0.02354805960394849,0.11699999999999999,0.007192588778272626,0.256,0.03392835588903967,0.15616666666666668,0.010235287544134317,0.149,0.004864839839775475,0.256,0.03392835588903967,0.15616666666666668,0.010235287544134317
Pro + Gluc,Bs,F+S,Pro,Gluc,F,S,0.16533333333333333,0.021010579345759228,F,0.10283333333333333,0.009731107051330002,S,0.005333333333333333,0.00021081851067789186,0.10816666666666666,0.05716666666666667,0.02315563286402108,Pro,Gluc,0.2743333333333333,0.008678197457485683,0.28450000000000003,0.015439667526644918,0.20933333333333334,0.02354805960394849,0.11699999999999999,0.007192588778272626,0.256,0.03392835588903967,0.15616666666666668,0.010235287544134317,0.149,0.004864839839775475,0.20933333333333334,0.02354805960394849,0.15616666666666668,0.010235287544134317
Pro + Gluc,Bs,M+S,Pro,Gluc,M,S,0.14816666666666667,0.029682112084179216,M,0.0075,0.001360147050873544,S,0.005333333333333333,0.00021081851067789186,0.012833333333333332,0.13533333333333333,0.029714007172076642,Pro,Gluc,0.2743333333333333,0.008678197457485683,0.28450000000000003,0.015439667526644918,0.20933333333333334,0.02354805960394849,0.11699999999999999,0.007192588778272626,0.256,0.03392835588903967,0.15616666666666668,0.010235287544134317,0.149,0.004864839839775475,0.28450000000000003,0.015439667526644918,0.15616666666666668,0.010235287544134317
Pro + Gluc,Bs,R+S,Pro,Gluc,R,S,0.2725,0.029674624400880503,R,0.008,0.0006324555320336758,S,0.005333333333333333,0.00021081851067789186,0.013333333333333332,0.2591666666666667,0.029682112084179202,Pro,Gluc,0.2743333333333333,0.008678197457485683,0.28450000000000003,0.015439667526644918,0.20933333333333334,0.02354805960394849,0.11699999999999999,0.007192588778272626,0.256,0.03392835588903967,0.15616666666666668,0.010235287544134317,0.149,0.004864839839775475,0.15616666666666668,0.010235287544134317,0.11699999999999999,0.007192588778272626
Pro + Gluc,Bs,S+S,Pro,Gluc,S,S,0.005333333333333333,0.00021081851067789186,S,0.005333333333333333,0.00021081851067789186,S,0.005333333333333333,0.00021081851067789186,0.010666666666666666,0.005,0.0003651483716701106,Pro,Gluc,0.2743333333333333,0.008678197457485683,0.28450000000000003,0.015439667526644918,0.20933333333333334,0.02354805960394849,0.11699999999999999,0.007192588778272626,0.256,0.03392835588903967,0.15616666666666668,0.010235287544134317,0.149,0.004864839839775475,0.15616666666666668,0.010235287544134317,0.15616666666666668,0.010235287544134317
Pro + Gluc,Bs,WT+WT,Pro,Gluc,WT,WT,0.2743333333333333,0.008678197457485683,,,,,,,,0.2743333333333333,0.0,Pro,Gluc,0.2743333333333333,0.008678197457485683,0.28450000000000003,0.015439667526644918,0.20933333333333334,0.02354805960394849,0.11699999999999999,0.007192588778272626,0.256,0.03392835588903967,0.15616666666666668,0.010235287544134317,0.149,0.004864839839775475,0.2743333333333333,0.008678197457485683,0.2743333333333333,0.008678197457485683
Pro + Gluc,Ec,C+C,Pro,Gluc,C,C,0.005,0.0,C,0.005,0.0,C,0.005,0.0,0.01,0.005,0.0,Pro,Gluc,0.08650000000000001,0.005858042904133314,0.10583333333333333,0.006257883916397867,0.09000000000000001,0.012372011423639516,0.0675,0.006830080526611673,0.1225,0.006581539840088083,0.058499999999999996,0.011851160280748885,0.0845,0.004787135538781689,0.1225,0.006581539840088083,0.1225,0.006581539840088083
Pro + Gluc,Ec,F+C,Pro,Gluc,F,C,0.09316666666666668,0.018555172983414744,F,0.048999999999999995,0.007788880963698616,C,0.005,0.0,0.05399999999999999,0.03916666666666668,0.02012364557209034,Pro,Gluc,0.08650000000000001,0.005858042904133314,0.10583333333333333,0.006257883916397867,0.09000000000000001,0.012372011423639516,0.0675,0.006830080526611673,0.1225,0.006581539840088083,0.058499999999999996,0.011851160280748885,0.0845,0.004787135538781689,0.1225,0.006581539840088083,0.09000000000000001,0.012372011423639516
Pro + Gluc,Ec,M+C,Pro,Gluc,M,C,0.0075,0.0005627314338711377,M,0.005666666666666667,0.0004944132324730443,C,0.005,0.0,0.010666666666666668,0.005,0.0007490735018081411,Pro,Gluc,0.08650000000000001,0.005858042904133314,0.10583333333333333,0.006257883916397867,0.09000000000000001,0.012372011423639516,0.0675,0.006830080526611673,0.1225,0.006581539840088083,0.058499999999999996,0.011851160280748885,0.0845,0.004787135538781689,0.1225,0.006581539840088083,0.10583333333333333,0.006257883916397867
Pro + Gluc,Ec,R+C,Pro,Gluc,R,C,0.0205,0.0034616951531487193,R,0.0055000000000000005,0.00034156502553198657,C,0.005,0.0,0.0105,0.01,0.0034785054261852176,Pro,Gluc,0.08650000000000001,0.005858042904133314,0.10583333333333333,0.006257883916397867,0.09000000000000001,0.012372011423639516,0.0675,0.006830080526611673,0.1225,0.006581539840088083,0.058499999999999996,0.011851160280748885,0.0845,0.004787135538781689,0.1225,0.006581539840088083,0.0675,0.006830080526611673
Pro + Gluc,Ec,F+F,Pro,Gluc,F,F,0.048999999999999995,0.007788880963698616,F,0.048999999999999995,0.007788880963698616,F,0.048999999999999995,0.007788880963698616,0.09799999999999999,0.005,0.013490737563232044,Pro,Gluc,0.08650000000000001,0.005858042904133314,0.10583333333333333,0.006257883916397867,0.09000000000000001,0.012372011423639516,0.0675,0.006830080526611673,0.1225,0.006581539840088083,0.058499999999999996,0.011851160280748885,0.0845,0.004787135538781689,0.09000000000000001,0.012372011423639516,0.09000000000000001,0.012372011423639516
Pro + Gluc,Ec,M+F,Pro,Gluc,M,F,0.13633333333333333,0.04484838656827888,M,0.005666666666666667,0.0004944132324730443,F,0.048999999999999995,0.007788880963698616,0.05466666666666666,0.08166666666666667,0.04552239985862881,Pro,Gluc,0.08650000000000001,0.005858042904133314,0.10583333333333333,0.006257883916397867,0.09000000000000001,0.012372011423639516,0.0675,0.006830080526611673,0.1225,0.006581539840088083,0.058499999999999996,0.011851160280748885,0.0845,0.004787135538781689,0.10583333333333333,0.006257883916397867,0.09000000000000001,0.012372011423639516
Pro + Gluc,Ec,C+L,Pro,Gluc,C,L,0.011499999999999998,0.0008850612031567835,C,0.005,0.0,L,0.0055000000000000005,0.0003415650255319866,0.0105,0.005,0.0009486832980505138,Pro,Gluc,0.08650000000000001,0.005858042904133314,0.10583333333333333,0.006257883916397867,0.09000000000000001,0.012372011423639516,0.0675,0.006830080526611673,0.1225,0.006581539840088083,0.058499999999999996,0.011851160280748885,0.0845,0.004787135538781689,0.1225,0.006581539840088083,0.0845,0.004787135538781689
Pro + Gluc,Ec,F+L,Pro,Gluc,F,L,0.0755,0.005270989786874313,F,0.048999999999999995,0.007788880963698616,L,0.0055000000000000005,0.0003415650255319866,0.05449999999999999,0.021000000000000005,0.00941098648743407,Pro,Gluc,0.08650000000000001,0.005858042904133314,0.10583333333333333,0.006257883916397867,0.09000000000000001,0.012372011423639516,0.0675,0.006830080526611673,0.1225,0.006581539840088083,0.058499999999999996,0.011851160280748885,0.0845,0.004787135538781689,0.09000000000000001,0.012372011423639516,0.0845,0.004787135538781689
Pro + Gluc,Ec,L+L,Pro,Gluc,L,L,0.0055000000000000005,0.0003415650255319866,L,0.0055000000000000005,0.0003415650255319866,L,0.0055000000000000005,0.0003415650255319866,0.011000000000000001,0.005,0.0005916079783099616,Pro,Gluc,0.08650000000000001,0.005858042904133314,0.10583333333333333,0.006257883916397867,0.09000000000000001,0.012372011423639516,0.0675,0.006830080526611673,0.1225,0.006581539840088083,0.058499999999999996,0.011851160280748885,0.0845,0.004787135538781689,0.0845,0.004787135538781689,0.0845,0.004787135538781689
Pro + Gluc,Ec,M+L,Pro,Gluc,M,L,0.04633333333333334,0.005897268670984711,M,0.005666666666666667,0.0004944132324730443,L,0.0055000000000000005,0.0003415650255319866,0.011166666666666668,0.035166666666666666,0.005927806414592913,Pro,Gluc,0.08650000000000001,0.005858042904133314,0.10583333333333333,0.006257883916397867,0.09000000000000001,0.012372011423639516,0.0675,0.006830080526611673,0.1225,0.006581539840088083,0.058499999999999996,0.011851160280748885,0.0845,0.004787135538781689,0.10583333333333333,0.006257883916397867,0.0845,0.004787135538781689
Pro + Gluc,Ec,R+L,Pro,Gluc,R,L,0.035666666666666666,0.004240020964308759,R,0.0055000000000000005,0.00034156502553198657,L,0.0055000000000000005,0.0003415650255319866,0.011000000000000001,0.024666666666666663,0.004267447845154187,Pro,Gluc,0.08650000000000001,0.005858042904133314,0.10583333333333333,0.006257883916397867,0.09000000000000001,0.012372011423639516,0.0675,0.006830080526611673,0.1225,0.006581539840088083,0.058499999999999996,0.011851160280748885,0.0845,0.004787135538781689,0.0845,0.004787135538781689,0.0675,0.006830080526611673
Pro + Gluc,Ec,S+L,Pro,Gluc,S,L,0.009166666666666667,0.0010461569884316808,S,0.005666666666666667,0.0004944132324730443,L,0.0055000000000000005,0.0003415650255319866,0.011166666666666668,0.005,0.001206464071390257,Pro,Gluc,0.08650000000000001,0.005858042904133314,0.10583333333333333,0.006257883916397867,0.09000000000000001,0.012372011423639516,0.0675,0.006830080526611673,0.1225,0.006581539840088083,0.058499999999999996,0.011851160280748885,0.0845,0.004787135538781689,0.0845,0.004787135538781689,0.058499999999999996,0.011851160280748885
Pro + Gluc,Ec,M+M,Pro,Gluc,M,M,0.005666666666666667,0.0004944132324730443,M,0.005666666666666667,0.0004944132324730443,M,0.005666666666666667,0.0004944132324730443,0.011333333333333334,0.005,0.0008563488385776753,Pro,Gluc,0.08650000000000001,0.005858042904133314,0.10583333333333333,0.006257883916397867,0.09000000000000001,0.012372011423639516,0.0675,0.006830080526611673,0.1225,0.006581539840088083,0.058499999999999996,0.011851160280748885,0.0845,0.004787135538781689,0.10583333333333333,0.006257883916397867,0.10583333333333333,0.006257883916397867
Pro + Gluc,Ec,F+R,Pro,Gluc,F,R,0.0695,0.00647945470956726,F,0.048999999999999995,0.007788880963698616,R,0.0055000000000000005,0.00034156502553198657,0.05449999999999999,0.015000000000000013,0.010137389539061162,Pro,Gluc,0.08650000000000001,0.005858042904133314,0.10583333333333333,0.006257883916397867,0.09000000000000001,0.012372011423639516,0.0675,0.006830080526611673,0.1225,0.006581539840088083,0.058499999999999996,0.011851160280748885,0.0845,0.004787135538781689,0.09000000000000001,0.012372011423639516,0.0675,0.006830080526611673
Pro + Gluc,Ec,M+R,Pro,Gluc,M,R,0.06583333333333334,0.008619422512236215,M,0.005666666666666667,0.0004944132324730443,R,0.0055000000000000005,0.00034156502553198657,0.011166666666666668,0.05466666666666667,0.008640344643331976,Pro,Gluc,0.08650000000000001,0.005858042904133314,0.10583333333333333,0.006257883916397867,0.09000000000000001,0.012372011423639516,0.0675,0.006830080526611673,0.1225,0.006581539840088083,0.058499999999999996,0.011851160280748885,0.0845,0.004787135538781689,0.10583333333333333,0.006257883916397867,0.0675,0.006830080526611673
Pro + Gluc,Ec,R+R,Pro,Gluc,R,R,0.0055000000000000005,0.00034156502553198657,R,0.0055000000000000005,0.00034156502553198657,R,0.0055000000000000005,0.00034156502553198657,0.011000000000000001,0.005,0.0005916079783099615,Pro,Gluc,0.08650000000000001,0.005858042904133314,0.10583333333333333,0.006257883916397867,0.09000000000000001,0.012372011423639516,0.0675,0.006830080526611673,0.1225,0.006581539840088083,0.058499999999999996,0.011851160280748885,0.0845,0.004787135538781689,0.0675,0.006830080526611673,0.0675,0.006830080526611673
Pro + Gluc,Ec,C+S,Pro,Gluc,C,S,0.006000000000000001,0.000816496580927726,C,0.005,0.0,S,0.005666666666666667,0.0004944132324730443,0.010666666666666668,0.005,0.0009545214042184235,Pro,Gluc,0.08650000000000001,0.005858042904133314,0.10583333333333333,0.006257883916397867,0.09000000000000001,0.012372011423639516,0.0675,0.006830080526611673,0.1225,0.006581539840088083,0.058499999999999996,0.011851160280748885,0.0845,0.004787135538781689,0.1225,0.006581539840088083,0.058499999999999996,0.011851160280748885
Pro + Gluc,Ec,F+S,Pro,Gluc,F,S,0.1095,0.020184565060131138,F,0.048999999999999995,0.007788880963698616,S,0.005666666666666667,0.0004944132324730443,0.05466666666666666,0.05483333333333334,0.021640882093338476,Pro,Gluc,0.08650000000000001,0.005858042904133314,0.10583333333333333,0.006257883916397867,0.09000000000000001,0.012372011423639516,0.0675,0.006830080526611673,0.1225,0.006581539840088083,0.058499999999999996,0.011851160280748885,0.0845,0.004787135538781689,0.09000000000000001,0.012372011423639516,0.058499999999999996,0.011851160280748885
Pro + Gluc,Ec,M+S,Pro,Gluc,M,S,0.0265,0.0035753787678137446,M,0.005666666666666667,0.0004944132324730443,S,0.005666666666666667,0.0004944132324730443,0.011333333333333334,0.015166666666666665,0.0036431061228328525,Pro,Gluc,0.08650000000000001,0.005858042904133314,0.10583333333333333,0.006257883916397867,0.09000000000000001,0.012372011423639516,0.0675,0.006830080526611673,0.1225,0.006581539840088083,0.058499999999999996,0.011851160280748885,0.0845,0.004787135538781689,0.10583333333333333,0.006257883916397867,0.058499999999999996,0.011851160280748885
Pro + Gluc,Ec,R+S,Pro,Gluc,R,S,0.020833333333333332,0.0022718078948518313,R,0.0055000000000000005,0.00034156502553198657,S,0.005666666666666667,0.0004944132324730443,0.011166666666666668,0.009666666666666664,0.002349940897601942,Pro,Gluc,0.08650000000000001,0.005858042904133314,0.10583333333333333,0.006257883916397867,0.09000000000000001,0.012372011423639516,0.0675,0.006830080526611673,0.1225,0.006581539840088083,0.058499999999999996,0.011851160280748885,0.0845,0.004787135538781689,0.0675,0.006830080526611673,0.058499999999999996,0.011851160280748885
Pro + Gluc,Ec,S+S,Pro,Gluc,S,S,0.005666666666666667,0.0004944132324730443,S,0.005666666666666667,0.0004944132324730443,S,0.005666666666666667,0.0004944132324730443,0.011333333333333334,0.005,0.0008563488385776753,Pro,Gluc,0.08650000000000001,0.005858042904133314,0.10583333333333333,0.006257883916397867,0.09000000000000001,0.012372011423639516,0.0675,0.006830080526611673,0.1225,0.006581539840088083,0.058499999999999996,0.011851160280748885,0.0845,0.004787135538781689,0.058499999999999996,0.011851160280748885,0.058499999999999996,0.011851160280748885
Pro + Gluc,Ec,WT+WT,Pro,Gluc,WT,WT,0.08650000000000001,0.005858042904133314,,,,,,,,0.08650000000000001,0.0,Pro,Gluc,0.08650000000000001,0.005858042904133314,0.10583333333333333,0.006257883916397867,0.09000000000000001,0.012372011423639516,0.0675,0.006830080526611673,0.1225,0.006581539840088083,0.058499999999999996,0.011851160280748885,0.0845,0.004787135538781689,0.08650000000000001,0.005858042904133314,0.08650000000000001,0.005858042904133314
Pro + Gly,Bs,C+C,Pro,Gly,C,C,0.005833333333333334,0.0005426273532033233,C,0.005833333333333334,0.0005426273532033233,C,0.005833333333333334,0.0005426273532033233,0.011666666666666667,0.005,0.0009398581453247786,Pro,Gly,0.07933333333333333,0.012671928731561656,0.09883333333333333,0.012329954492121122,0.054833333333333324,0.0037896056669673582,0.041833333333333333,0.002761843184863648,0.2145,0.05893824451632969,0.04,0.01233963802818651,0.07933333333333333,0.01778513736553955,0.2145,0.05893824451632969,0.2145,0.05893824451632969
Pro + Gly,Bs,F+C,Pro,Gly,F,C,0.043333333333333335,0.01246238785751395,F,0.011166666666666667,0.0039022785366728723,C,0.005833333333333334,0.0005426273532033233,0.017,0.026333333333333334,0.013070322617798436,Pro,Gly,0.07933333333333333,0.012671928731561656,0.09883333333333333,0.012329954492121122,0.054833333333333324,0.0037896056669673582,0.041833333333333333,0.002761843184863648,0.2145,0.05893824451632969,0.04,0.01233963802818651,0.07933333333333333,0.01778513736553955,0.2145,0.05893824451632969,0.054833333333333324,0.0037896056669673582
Pro + Gly,Bs,M+C,Pro,Gly,M,C,0.0295,0.010436314802968846,M,0.006166666666666667,0.0007490735018081412,C,0.005833333333333334,0.0005426273532033233,0.012,0.017499999999999998,0.010477223974995582,Pro,Gly,0.07933333333333333,0.012671928731561656,0.09883333333333333,0.012329954492121122,0.054833333333333324,0.0037896056669673582,0.041833333333333333,0.002761843184863648,0.2145,0.05893824451632969,0.04,0.01233963802818651,0.07933333333333333,0.01778513736553955,0.2145,0.05893824451632969,0.09883333333333333,0.012329954492121122
Pro + Gly,Bs,R+C,Pro,Gly,R,C,0.042666666666666665,0.012112436217008991,R,0.005,0.0,C,0.005833333333333334,0.0005426273532033233,0.010833333333333334,0.03183333333333333,0.012124584758067204,Pro,Gly,0.07933333333333333,0.012671928731561656,0.09883333333333333,0.012329954492121122,0.054833333333333324,0.0037896056669673582,0.041833333333333333,0.002761843184863648,0.2145,0.05893824451632969,0.04,0.01233963802818651,0.07933333333333333,0.01778513736553955,0.2145,0.05893824451632969,0.041833333333333333,0.002761843184863648
Pro + Gly,Bs,F+F,Pro,Gly,F,F,0.011166666666666667,0.0039022785366728723,F,0.011166666666666667,0.0039022785366728723,F,0.011166666666666667,0.0039022785366728723,0.022333333333333334,0.005,0.0067589446908029455,Pro,Gly,0.07933333333333333,0.012671928731561656,0.09883333333333333,0.012329954492121122,0.054833333333333324,0.0037896056669673582,0.041833333333333333,0.002761843184863648,0.2145,0.05893824451632969,0.04,0.01233963802818651,0.07933333333333333,0.01778513736553955,0.054833333333333324,0.0037896056669673582,0.054833333333333324,0.0037896056669673582
Pro + Gly,Bs,M+F,Pro,Gly,M,F,0.06183333333333333,0.021002248556867536,M,0.006166666666666667,0.0007490735018081412,F,0.011166666666666667,0.0039022785366728723,0.017333333333333333,0.0445,0.021374829434017324,Pro,Gly,0.07933333333333333,0.012671928731561656,0.09883333333333333,0.012329954492121122,0.054833333333333324,0.0037896056669673582,0.041833333333333333,0.002761843184863648,0.2145,0.05893824451632969,0.04,0.01233963802818651,0.07933333333333333,0.01778513736553955,0.09883333333333333,0.012329954492121122,0.054833333333333324,0.0037896056669673582
Pro + Gly,Bs,C+L,Pro,Gly,C,L,0.0055000000000000005,0.00034156502553198657,C,0.005833333333333334,0.0005426273532033233,L,0.005,0.0,0.010833333333333334,0.005,0.0006411794687223779,Pro,Gly,0.07933333333333333,0.012671928731561656,0.09883333333333333,0.012329954492121122,0.054833333333333324,0.0037896056669673582,0.041833333333333333,0.002761843184863648,0.2145,0.05893824451632969,0.04,0.01233963802818651,0.07933333333333333,0.01778513736553955,0.2145,0.05893824451632969,0.07933333333333333,0.01778513736553955
Pro + Gly,Bs,F+L,Pro,Gly,F,L,0.04650000000000001,0.01377376733746678,F,0.011166666666666667,0.0039022785366728723,L,0.005,0.0,0.016166666666666666,0.03033333333333334,0.014315880847661609,Pro,Gly,0.07933333333333333,0.012671928731561656,0.09883333333333333,0.012329954492121122,0.054833333333333324,0.0037896056669673582,0.041833333333333333,0.002761843184863648,0.2145,0.05893824451632969,0.04,0.01233963802818651,0.07933333333333333,0.01778513736553955,0.07933333333333333,0.01778513736553955,0.054833333333333324,0.0037896056669673582
Pro + Gly,Bs,L+L,Pro,Gly,L,L,0.005,0.0,L,0.005,0.0,L,0.005,0.0,0.01,0.005,0.0,Pro,Gly,0.07933333333333333,0.012671928731561656,0.09883333333333333,0.012329954492121122,0.054833333333333324,0.0037896056669673582,0.041833333333333333,0.002761843184863648,0.2145,0.05893824451632969,0.04,0.01233963802818651,0.07933333333333333,0.01778513736553955,0.07933333333333333,0.01778513736553955,0.07933333333333333,0.01778513736553955
Pro + Gly,Bs,M+L,Pro,Gly,M,L,0.045500000000000006,0.013042878005511922,M,0.006166666666666667,0.0007490735018081412,L,0.005,0.0,0.011166666666666667,0.03433333333333334,0.013064370546558214,Pro,Gly,0.07933333333333333,0.012671928731561656,0.09883333333333333,0.012329954492121122,0.054833333333333324,0.0037896056669673582,0.041833333333333333,0.002761843184863648,0.2145,0.05893824451632969,0.04,0.01233963802818651,0.07933333333333333,0.01778513736553955,0.09883333333333333,0.012329954492121122,0.07933333333333333,0.01778513736553955
Pro + Gly,Bs,R+L,Pro,Gly,R,L,0.06733333333333334,0.019788324279174773,R,0.005,0.0,L,0.005,0.0,0.01,0.05733333333333334,0.019788324279174773,Pro,Gly,0.07933333333333333,0.012671928731561656,0.09883333333333333,0.012329954492121122,0.054833333333333324,0.0037896056669673582,0.041833333333333333,0.002761843184863648,0.2145,0.05893824451632969,0.04,0.01233963802818651,0.07933333333333333,0.01778513736553955,0.07933333333333333,0.01778513736553955,0.041833333333333333,0.002761843184863648
Pro + Gly,Bs,S+L,Pro,Gly,S,L,0.026,0.01089954127475097,S,0.005,0.0,L,0.005,0.0,0.01,0.016,0.01089954127475097,Pro,Gly,0.07933333333333333,0.012671928731561656,0.09883333333333333,0.012329954492121122,0.054833333333333324,0.0037896056669673582,0.041833333333333333,0.002761843184863648,0.2145,0.05893824451632969,0.04,0.01233963802818651,0.07933333333333333,0.01778513736553955,0.07933333333333333,0.01778513736553955,0.04,0.01233963802818651
Pro + Gly,Bs,M+M,Pro,Gly,M,M,0.006166666666666667,0.0007490735018081412,M,0.006166666666666667,0.0007490735018081412,M,0.006166666666666667,0.0007490735018081412,0.012333333333333333,0.005,0.0012974333637352379,Pro,Gly,0.07933333333333333,0.012671928731561656,0.09883333333333333,0.012329954492121122,0.054833333333333324,0.0037896056669673582,0.041833333333333333,0.002761843184863648,0.2145,0.05893824451632969,0.04,0.01233963802818651,0.07933333333333333,0.01778513736553955,0.09883333333333333,0.012329954492121122,0.09883333333333333,0.012329954492121122
Pro + Gly,Bs,F+R,Pro,Gly,F,R,0.05516666666666667,0.015879581578590513,F,0.011166666666666667,0.0039022785366728723,R,0.005,0.0,0.016166666666666666,0.03900000000000001,0.016352030115214713,Pro,Gly,0.07933333333333333,0.012671928731561656,0.09883333333333333,0.012329954492121122,0.054833333333333324,0.0037896056669673582,0.041833333333333333,0.002761843184863648,0.2145,0.05893824451632969,0.04,0.01233963802818651,0.07933333333333333,0.01778513736553955,0.054833333333333324,0.0037896056669673582,0.041833333333333333,0.002761843184863648
Pro + Gly,Bs,M+R,Pro,Gly,M,R,0.077,0.026954282281918276,M,0.006166666666666667,0.0007490735018081412,R,0.005,0.0,0.011166666666666667,0.06583333333333333,0.026964688843827675,Pro,Gly,0.07933333333333333,0.012671928731561656,0.09883333333333333,0.012329954492121122,0.054833333333333324,0.0037896056669673582,0.041833333333333333,0.002761843184863648,0.2145,0.05893824451632969,0.04,0.01233963802818651,0.07933333333333333,0.01778513736553955,0.09883333333333333,0.012329954492121122,0.041833333333333333,0.002761843184863648
Pro + Gly,Bs,R+R,Pro,Gly,R,R,0.005,0.0,R,0.005,0.0,R,0.005,0.0,0.01,0.005,0.0,Pro,Gly,0.07933333333333333,0.012671928731561656,0.09883333333333333,0.012329954492121122,0.054833333333333324,0.0037896056669673582,0.041833333333333333,0.002761843184863648,0.2145,0.05893824451632969,0.04,0.01233963802818651,0.07933333333333333,0.01778513736553955,0.041833333333333333,0.002761843184863648,0.041833333333333333,0.002761843184863648
Pro + Gly,Bs,C+S,Pro,Gly,C,S,0.008,0.0019148542155126762,C,0.005833333333333334,0.0005426273532033233,S,0.005,0.0,0.010833333333333334,0.005,0.001990254031803757,Pro,Gly,0.07933333333333333,0.012671928731561656,0.09883333333333333,0.012329954492121122,0.054833333333333324,0.0037896056669673582,0.041833333333333333,0.002761843184863648,0.2145,0.05893824451632969,0.04,0.01233963802818651,0.07933333333333333,0.01778513736553955,0.2145,0.05893824451632969,0.04,0.01233963802818651
Pro + Gly,Bs,F+S,Pro,Gly,F,S,0.045500000000000006,0.009131447493871566,F,0.011166666666666667,0.0039022785366728723,S,0.005,0.0,0.016166666666666666,0.02933333333333334,0.009930312739844153,Pro,Gly,0.07933333333333333,0.012671928731561656,0.09883333333333333,0.012329954492121122,0.054833333333333324,0.0037896056669673582,0.041833333333333333,0.002761843184863648,0.2145,0.05893824451632969,0.04,0.01233963802818651,0.07933333333333333,0.01778513736553955,0.054833333333333324,0.0037896056669673582,0.04,0.01233963802818651
Pro + Gly,Bs,M+S,Pro,Gly,M,S,0.0425,0.011912878185672288,M,0.006166666666666667,0.0007490735018081412,S,0.005,0.0,0.011166666666666667,0.03133333333333334,0.011936405563559651,Pro,Gly,0.07933333333333333,0.012671928731561656,0.09883333333333333,0.012329954492121122,0.054833333333333324,0.0037896056669673582,0.041833333333333333,0.002761843184863648,0.2145,0.05893824451632969,0.04,0.01233963802818651,0.07933333333333333,0.01778513736553955,0.09883333333333333,0.012329954492121122,0.04,0.01233963802818651
Pro + Gly,Bs,R+S,Pro,Gly,R,S,0.043333333333333335,0.012054505842676056,R,0.005,0.0,S,0.005,0.0,0.01,0.03333333333333333,0.012054505842676056,Pro,Gly,0.07933333333333333,0.012671928731561656,0.09883333333333333,0.012329954492121122,0.054833333333333324,0.0037896056669673582,0.041833333333333333,0.002761843184863648,0.2145,0.05893824451632969,0.04,0.01233963802818651,0.07933333333333333,0.01778513736553955,0.041833333333333333,0.002761843184863648,0.04,0.01233963802818651
Pro + Gly,Bs,S+S,Pro,Gly,S,S,0.005,0.0,S,0.005,0.0,S,0.005,0.0,0.01,0.005,0.0,Pro,Gly,0.07933333333333333,0.012671928731561656,0.09883333333333333,0.012329954492121122,0.054833333333333324,0.0037896056669673582,0.041833333333333333,0.002761843184863648,0.2145,0.05893824451632969,0.04,0.01233963802818651,0.07933333333333333,0.01778513736553955,0.04,0.01233963802818651,0.04,0.01233963802818651
Pro + Gly,Bs,WT+WT,Pro,Gly,WT,WT,0.07933333333333333,0.012671928731561656,,,,,,,,0.07933333333333333,0.0,Pro,Gly,0.07933333333333333,0.012671928731561656,0.09883333333333333,0.012329954492121122,0.054833333333333324,0.0037896056669673582,0.041833333333333333,0.002761843184863648,0.2145,0.05893824451632969,0.04,0.01233963802818651,0.07933333333333333,0.01778513736553955,0.07933333333333333,0.012671928731561656,0.07933333333333333,0.012671928731561656
Pro + Gly,Ec,C+C,Pro,Gly,C,C,0.005,0.0,C,0.005,0.0,C,0.005,0.0,0.01,0.005,0.0,Pro,Gly,0.13516666666666666,0.03023399484759572,0.14366666666666666,0.023953658964295573,0.1691666666666667,0.03571126495161498,0.168,0.03577895098145464,0.11383333333333334,0.006823570261315635,0.2105,0.04921364986803288,0.09883333333333333,0.024085149873821515,0.11383333333333334,0.006823570261315635,0.11383333333333334,0.006823570261315635
Pro + Gly,Ec,F+C,Pro,Gly,F,C,0.021333333333333333,0.002403700850309327,F,0.014,0.003141125063837266,C,0.005,0.0,0.019,0.005,0.003955305859784354,Pro,Gly,0.13516666666666666,0.03023399484759572,0.14366666666666666,0.023953658964295573,0.1691666666666667,0.03571126495161498,0.168,0.03577895098145464,0.11383333333333334,0.006823570261315635,0.2105,0.04921364986803288,0.09883333333333333,0.024085149873821515,0.1691666666666667,0.03571126495161498,0.11383333333333334,0.006823570261315635
Pro + Gly,Ec,M+C,Pro,Gly,M,C,0.005,0.0,M,0.005,0.0,C,0.005,0.0,0.01,0.005,0.0,Pro,Gly,0.13516666666666666,0.03023399484759572,0.14366666666666666,0.023953658964295573,0.1691666666666667,0.03571126495161498,0.168,0.03577895098145464,0.11383333333333334,0.006823570261315635,0.2105,0.04921364986803288,0.09883333333333333,0.024085149873821515,0.14366666666666666,0.023953658964295573,0.11383333333333334,0.006823570261315635
Pro + Gly,Ec,R+C,Pro,Gly,R,C,0.006333333333333333,0.0008432740427115675,R,0.005,0.0,C,0.005,0.0,0.01,0.005,0.0008432740427115675,Pro,Gly,0.13516666666666666,0.03023399484759572,0.14366666666666666,0.023953658964295573,0.1691666666666667,0.03571126495161498,0.168,0.03577895098145464,0.11383333333333334,0.006823570261315635,0.2105,0.04921364986803288,0.09883333333333333,0.024085149873821515,0.168,0.03577895098145464,0.11383333333333334,0.006823570261315635
Pro + Gly,Ec,F+F,Pro,Gly,F,F,0.014,0.003141125063837266,F,0.014,0.003141125063837266,F,0.014,0.003141125063837266,0.028,0.005,0.005440588203494178,Pro,Gly,0.13516666666666666,0.03023399484759572,0.14366666666666666,0.023953658964295573,0.1691666666666667,0.03571126495161498,0.168,0.03577895098145464,0.11383333333333334,0.006823570261315635,0.2105,0.04921364986803288,0.09883333333333333,0.024085149873821515,0.1691666666666667,0.03571126495161498,0.1691666666666667,0.03571126495161498
Pro + Gly,Ec,M+F,Pro,Gly,M,F,0.12566666666666668,0.06334701606582938,M,0.005,0.0,F,0.014,0.003141125063837266,0.019,0.10666666666666667,0.06342484616545091,Pro,Gly,0.13516666666666666,0.03023399484759572,0.14366666666666666,0.023953658964295573,0.1691666666666667,0.03571126495161498,0.168,0.03577895098145464,0.11383333333333334,0.006823570261315635,0.2105,0.04921364986803288,0.09883333333333333,0.024085149873821515,0.1691666666666667,0.03571126495161498,0.14366666666666666,0.023953658964295573
Pro + Gly,Ec,C+L,Pro,Gly,C,L,0.005,0.0,C,0.005,0.0,L,0.005,0.0,0.01,0.005,0.0,Pro,Gly,0.13516666666666666,0.03023399484759572,0.14366666666666666,0.023953658964295573,0.1691666666666667,0.03571126495161498,0.168,0.03577895098145464,0.11383333333333334,0.006823570261315635,0.2105,0.04921364986803288,0.09883333333333333,0.024085149873821515,0.11383333333333334,0.006823570261315635,0.09883333333333333,0.024085149873821515
Pro + Gly,Ec,F+L,Pro,Gly,F,L,0.024499999999999997,0.0025000000000000005,F,0.014,0.003141125063837266,L,0.005,0.0,0.019,0.005499999999999998,0.004014556845614055,Pro,Gly,0.13516666666666666,0.03023399484759572,0.14366666666666666,0.023953658964295573,0.1691666666666667,0.03571126495161498,0.168,0.03577895098145464,0.11383333333333334,0.006823570261315635,0.2105,0.04921364986803288,0.09883333333333333,0.024085149873821515,0.1691666666666667,0.03571126495161498,0.09883333333333333,0.024085149873821515
Pro + Gly,Ec,L+L,Pro,Gly,L,L,0.005,0.0,L,0.005,0.0,L,0.005,0.0,0.01,0.005,0.0,Pro,Gly,0.13516666666666666,0.03023399484759572,0.14366666666666666,0.023953658964295573,0.1691666666666667,0.03571126495161498,0.168,0.03577895098145464,0.11383333333333334,0.006823570261315635,0.2105,0.04921364986803288,0.09883333333333333,0.024085149873821515,0.09883333333333333,0.024085149873821515,0.09883333333333333,0.024085149873821515
Pro + Gly,Ec,M+L,Pro,Gly,M,L,0.012333333333333333,0.0008432740427115678,M,0.005,0.0,L,0.005,0.0,0.01,0.005,0.0008432740427115678,Pro,Gly,0.13516666666666666,0.03023399484759572,0.14366666666666666,0.023953658964295573,0.1691666666666667,0.03571126495161498,0.168,0.03577895098145464,0.11383333333333334,0.006823570261315635,0.2105,0.04921364986803288,0.09883333333333333,0.024085149873821515,0.14366666666666666,0.023953658964295573,0.09883333333333333,0.024085149873821515
Pro + Gly,Ec,R+L,Pro,Gly,R,L,0.0065,0.0009574271077563381,R,0.005,0.0,L,0.005,0.0,0.01,0.005,0.0009574271077563381,Pro,Gly,0.13516666666666666,0.03023399484759572,0.14366666666666666,0.023953658964295573,0.1691666666666667,0.03571126495161498,0.168,0.03577895098145464,0.11383333333333334,0.006823570261315635,0.2105,0.04921364986803288,0.09883333333333333,0.024085149873821515,0.168,0.03577895098145464,0.09883333333333333,0.024085149873821515
Pro + Gly,Ec,S+L,Pro,Gly,S,L,0.006000000000000001,0.00036514837167011085,S,0.005,0.0,L,0.005,0.0,0.01,0.005,0.00036514837167011085,Pro,Gly,0.13516666666666666,0.03023399484759572,0.14366666666666666,0.023953658964295573,0.1691666666666667,0.03571126495161498,0.168,0.03577895098145464,0.11383333333333334,0.006823570261315635,0.2105,0.04921364986803288,0.09883333333333333,0.024085149873821515,0.2105,0.04921364986803288,0.09883333333333333,0.024085149873821515
Pro + Gly,Ec,M+M,Pro,Gly,M,M,0.005,0.0,M,0.005,0.0,M,0.005,0.0,0.01,0.005,0.0,Pro,Gly,0.13516666666666666,0.03023399484759572,0.14366666666666666,0.023953658964295573,0.1691666666666667,0.03571126495161498,0.168,0.03577895098145464,0.11383333333333334,0.006823570261315635,0.2105,0.04921364986803288,0.09883333333333333,0.024085149873821515,0.14366666666666666,0.023953658964295573,0.14366666666666666,0.023953658964295573
Pro + Gly,Ec,F+R,Pro,Gly,F,R,0.021666666666666667,0.0008027729719194865,F,0.014,0.003141125063837266,R,0.005,0.0,0.019,0.005,0.003242084377543421,Pro,Gly,0.13516666666666666,0.03023399484759572,0.14366666666666666,0.023953658964295573,0.1691666666666667,0.03571126495161498,0.168,0.03577895098145464,0.11383333333333334,0.006823570261315635,0.2105,0.04921364986803288,0.09883333333333333,0.024085149873821515,0.1691666666666667,0.03571126495161498,0.168,0.03577895098145464
Pro + Gly,Ec,M+R,Pro,Gly,M,R,0.023499999999999997,0.002217355782608345,M,0.005,0.0,R,0.005,0.0,0.01,0.013499999999999996,0.002217355782608345,Pro,Gly,0.13516666666666666,0.03023399484759572,0.14366666666666666,0.023953658964295573,0.1691666666666667,0.03571126495161498,0.168,0.03577895098145464,0.11383333333333334,0.006823570261315635,0.2105,0.04921364986803288,0.09883333333333333,0.024085149873821515,0.168,0.03577895098145464,0.14366666666666666,0.023953658964295573
Pro + Gly,Ec,R+R,Pro,Gly,R,R,0.005,0.0,R,0.005,0.0,R,0.005,0.0,0.01,0.005,0.0,Pro,Gly,0.13516666666666666,0.03023399484759572,0.14366666666666666,0.023953658964295573,0.1691666666666667,0.03571126495161498,0.168,0.03577895098145464,0.11383333333333334,0.006823570261315635,0.2105,0.04921364986803288,0.09883333333333333,0.024085149873821515,0.168,0.03577895098145464,0.168,0.03577895098145464
Pro + Gly,Ec,C+S,Pro,Gly,C,S,0.005,0.0,C,0.005,0.0,S,0.005,0.0,0.01,0.005,0.0,Pro,Gly,0.13516666666666666,0.03023399484759572,0.14366666666666666,0.023953658964295573,0.1691666666666667,0.03571126495161498,0.168,0.03577895098145464,0.11383333333333334,0.006823570261315635,0.2105,0.04921364986803288,0.09883333333333333,0.024085149873821515,0.2105,0.04921364986803288,0.11383333333333334,0.006823570261315635
Pro + Gly,Ec,F+S,Pro,Gly,F,S,0.019,0.0018708286933869708,F,0.014,0.003141125063837266,S,0.005,0.0,0.019,0.005,0.0036560452221856706,Pro,Gly,0.13516666666666666,0.03023399484759572,0.14366666666666666,0.023953658964295573,0.1691666666666667,0.03571126495161498,0.168,0.03577895098145464,0.11383333333333334,0.006823570261315635,0.2105,0.04921364986803288,0.09883333333333333,0.024085149873821515,0.2105,0.04921364986803288,0.1691666666666667,0.03571126495161498
Pro + Gly,Ec,M+S,Pro,Gly,M,S,0.017833333333333333,0.0019220937657784657,M,0.005,0.0,S,0.005,0.0,0.01,0.007833333333333333,0.0019220937657784657,Pro,Gly,0.13516666666666666,0.03023399484759572,0.14366666666666666,0.023953658964295573,0.1691666666666667,0.03571126495161498,0.168,0.03577895098145464,0.11383333333333334,0.006823570261315635,0.2105,0.04921364986803288,0.09883333333333333,0.024085149873821515,0.2105,0.04921364986803288,0.14366666666666666,0.023953658964295573
Pro + Gly,Ec,R+S,Pro,Gly,R,S,0.009,0.0009999999999999998,R,0.005,0.0,S,0.005,0.0,0.01,0.005,0.0009999999999999998,Pro,Gly,0.13516666666666666,0.03023399484759572,0.14366666666666666,0.023953658964295573,0.1691666666666667,0.03571126495161498,0.168,0.03577895098145464,0.11383333333333334,0.006823570261315635,0.2105,0.04921364986803288,0.09883333333333333,0.024085149873821515,0.2105,0.04921364986803288,0.168,0.03577895098145464
Pro + Gly,Ec,S+S,Pro,Gly,S,S,0.005,0.0,S,0.005,0.0,S,0.005,0.0,0.01,0.005,0.0,Pro,Gly,0.13516666666666666,0.03023399484759572,0.14366666666666666,0.023953658964295573,0.1691666666666667,0.03571126495161498,0.168,0.03577895098145464,0.11383333333333334,0.006823570261315635,0.2105,0.04921364986803288,0.09883333333333333,0.024085149873821515,0.2105,0.04921364986803288,0.2105,0.04921364986803288
Pro + Gly,Ec,WT+WT,Pro,Gly,WT,WT,0.13516666666666666,0.03023399484759572,,,,,,,,0.13516666666666666,0.0,Pro,Gly,0.13516666666666666,0.03023399484759572,0.14366666666666666,0.023953658964295573,0.1691666666666667,0.03571126495161498,0.168,0.03577895098145464,0.11383333333333334,0.006823570261315635,0.2105,0.04921364986803288,0.09883333333333333,0.024085149873821515,0.13516666666666666,0.03023399484759572,0.13516666666666666,0.03023399484759572
Pro + NoC,Bs,C+C,Pro,NoC,C,C,0.005166666666666667,0.00016666666666666653,C,0.005166666666666667,0.00016666666666666653,C,0.005166666666666667,0.00016666666666666653,0.010333333333333333,0.005,0.00028867513459481263,Pro,NoC,0.16666666666666666,0.021146578394099075,0.102,0.0069089314176168605,0.07966666666666666,0.010616548926610337,0.04633333333333334,0.005517648452415617,0.012499999999999999,0.0036216938946667856,0.08066666666666666,0.015420044674960503,0.12283333333333334,0.013617186852568994,0.012499999999999999,0.0036216938946667856,0.012499999999999999,0.0036216938946667856
Pro + NoC,Bs,F+C,Pro,NoC,F,C,0.07116666666666667,0.0094988303373509,F,0.0525,0.007306389897434528,C,0.005166666666666667,0.00016666666666666653,0.057666666666666665,0.013500000000000005,0.011984944258897866,Pro,NoC,0.16666666666666666,0.021146578394099075,0.102,0.0069089314176168605,0.07966666666666666,0.010616548926610337,0.04633333333333334,0.005517648452415617,0.012499999999999999,0.0036216938946667856,0.08066666666666666,0.015420044674960503,0.12283333333333334,0.013617186852568994,0.07966666666666666,0.010616548926610337,0.012499999999999999,0.0036216938946667856
Pro + NoC,Bs,M+C,Pro,NoC,M,C,0.04033333333333333,0.01711464609949943,M,0.0065,0.0009574271077563381,C,0.005166666666666667,0.00016666666666666653,0.011666666666666665,0.028666666666666667,0.017142215596461136,Pro,NoC,0.16666666666666666,0.021146578394099075,0.102,0.0069089314176168605,0.07966666666666666,0.010616548926610337,0.04633333333333334,0.005517648452415617,0.012499999999999999,0.0036216938946667856,0.08066666666666666,0.015420044674960503,0.12283333333333334,0.013617186852568994,0.102,0.0069089314176168605,0.012499999999999999,0.0036216938946667856
Pro + NoC,Bs,R+C,Pro,NoC,R,C,0.05883333333333333,0.00703996527769215,R,0.007833333333333333,0.0007490735018081409,C,0.005166666666666667,0.00016666666666666653,0.013,0.04583333333333333,0.007081666470542086,Pro,NoC,0.16666666666666666,0.021146578394099075,0.102,0.0069089314176168605,0.07966666666666666,0.010616548926610337,0.04633333333333334,0.005517648452415617,0.012499999999999999,0.0036216938946667856,0.08066666666666666,0.015420044674960503,0.12283333333333334,0.013617186852568994,0.04633333333333334,0.005517648452415617,0.012499999999999999,0.0036216938946667856
Pro + NoC,Bs,F+F,Pro,NoC,F,F,0.0525,0.007306389897434528,F,0.0525,0.007306389897434528,F,0.0525,0.007306389897434528,0.105,0.005,0.01265503852226456,Pro,NoC,0.16666666666666666,0.021146578394099075,0.102,0.0069089314176168605,0.07966666666666666,0.010616548926610337,0.04633333333333334,0.005517648452415617,0.012499999999999999,0.0036216938946667856,0.08066666666666666,0.015420044674960503,0.12283333333333334,0.013617186852568994,0.07966666666666666,0.010616548926610337,0.07966666666666666,0.010616548926610337
Pro + NoC,Bs,M+F,Pro,NoC,M,F,0.09716666666666667,0.013312692356461103,M,0.0065,0.0009574271077563381,F,0.0525,0.007306389897434528,0.059,0.03816666666666667,0.015216036861738272,Pro,NoC,0.16666666666666666,0.021146578394099075,0.102,0.0069089314176168605,0.07966666666666666,0.010616548926610337,0.04633333333333334,0.005517648452415617,0.012499999999999999,0.0036216938946667856,0.08066666666666666,0.015420044674960503,0.12283333333333334,0.013617186852568994,0.102,0.0069089314176168605,0.07966666666666666,0.010616548926610337
Pro + NoC,Bs,C+L,Pro,NoC,C,L,0.010166666666666666,0.0017591033069278346,C,0.005166666666666667,0.00016666666666666653,L,0.005,0.0,0.010166666666666668,0.005,0.0017669811040931425,Pro,NoC,0.16666666666666666,0.021146578394099075,0.102,0.0069089314176168605,0.07966666666666666,0.010616548926610337,0.04633333333333334,0.005517648452415617,0.012499999999999999,0.0036216938946667856,0.08066666666666666,0.015420044674960503,0.12283333333333334,0.013617186852568994,0.12283333333333334,0.013617186852568994,0.012499999999999999,0.0036216938946667856
Pro + NoC,Bs,F+L,Pro,NoC,F,L,0.0715,0.008023922565262786,F,0.0525,0.007306389897434528,L,0.005,0.0,0.057499999999999996,0.013999999999999999,0.010852035139395129,Pro,NoC,0.16666666666666666,0.021146578394099075,0.102,0.0069089314176168605,0.07966666666666666,0.010616548926610337,0.04633333333333334,0.005517648452415617,0.012499999999999999,0.0036216938946667856,0.08066666666666666,0.015420044674960503,0.12283333333333334,0.013617186852568994,0.12283333333333334,0.013617186852568994,0.07966666666666666,0.010616548926610337
Pro + NoC,Bs,L+L,Pro,NoC,L,L,0.005,0.0,L,0.005,0.0,L,0.005,0.0,0.01,0.005,0.0,Pro,NoC,0.16666666666666666,0.021146578394099075,0.102,0.0069089314176168605,0.07966666666666666,0.010616548926610337,0.04633333333333334,0.005517648452415617,0.012499999999999999,0.0036216938946667856,0.08066666666666666,0.015420044674960503,0.12283333333333334,0.013617186852568994,0.12283333333333334,0.013617186852568994,0.12283333333333334,0.013617186852568994
Pro + NoC,Bs,M+L,Pro,NoC,M,L,0.08283333333333333,0.008109322481632552,M,0.0065,0.0009574271077563381,L,0.005,0.0,0.0115,0.07133333333333333,0.008165646194746488,Pro,NoC,0.16666666666666666,0.021146578394099075,0.102,0.0069089314176168605,0.07966666666666666,0.010616548926610337,0.04633333333333334,0.005517648452415617,0.012499999999999999,0.0036216938946667856,0.08066666666666666,0.015420044674960503,0.12283333333333334,0.013617186852568994,0.12283333333333334,0.013617186852568994,0.102,0.0069089314176168605
Pro + NoC,Bs,R+L,Pro,NoC,R,L,0.08933333333333333,0.006661664790259095,R,0.007833333333333333,0.0007490735018081409,L,0.005,0.0,0.012833333333333332,0.0765,0.006703647431726169,Pro,NoC,0.16666666666666666,0.021146578394099075,0.102,0.0069089314176168605,0.07966666666666666,0.010616548926610337,0.04633333333333334,0.005517648452415617,0.012499999999999999,0.0036216938946667856,0.08066666666666666,0.015420044674960503,0.12283333333333334,0.013617186852568994,0.12283333333333334,0.013617186852568994,0.04633333333333334,0.005517648452415617
Pro + NoC,Bs,S+L,Pro,NoC,S,L,0.058666666666666666,0.01599513815021441,S,0.0055000000000000005,0.0005000000000000001,L,0.005,0.0,0.0105,0.04816666666666666,0.01600295111672983,Pro,NoC,0.16666666666666666,0.021146578394099075,0.102,0.0069089314176168605,0.07966666666666666,0.010616548926610337,0.04633333333333334,0.005517648452415617,0.012499999999999999,0.0036216938946667856,0.08066666666666666,0.015420044674960503,0.12283333333333334,0.013617186852568994,0.12283333333333334,0.013617186852568994,0.08066666666666666,0.015420044674960503
Pro + NoC,Bs,M+M,Pro,NoC,M,M,0.0065,0.0009574271077563381,M,0.0065,0.0009574271077563381,M,0.0065,0.0009574271077563381,0.013,0.005,0.0016583123951777,Pro,NoC,0.16666666666666666,0.021146578394099075,0.102,0.0069089314176168605,0.07966666666666666,0.010616548926610337,0.04633333333333334,0.005517648452415617,0.012499999999999999,0.0036216938946667856,0.08066666666666666,0.015420044674960503,0.12283333333333334,0.013617186852568994,0.102,0.0069089314176168605,0.102,0.0069089314176168605
Pro + NoC,Bs,F+R,Pro,NoC,F,R,0.08066666666666666,0.006427372022149574,F,0.0525,0.007306389897434528,R,0.007833333333333333,0.0007490735018081409,0.06033333333333333,0.020333333333333335,0.009759895263554601,Pro,NoC,0.16666666666666666,0.021146578394099075,0.102,0.0069089314176168605,0.07966666666666666,0.010616548926610337,0.04633333333333334,0.005517648452415617,0.012499999999999999,0.0036216938946667856,0.08066666666666666,0.015420044674960503,0.12283333333333334,0.013617186852568994,0.07966666666666666,0.010616548926610337,0.04633333333333334,0.005517648452415617
Pro + NoC,Bs,M+R,Pro,NoC,M,R,0.126,0.03279430844928227,M,0.0065,0.0009574271077563381,R,0.007833333333333333,0.0007490735018081409,0.014333333333333333,0.11166666666666666,0.03281683172465685,Pro,NoC,0.16666666666666666,0.021146578394099075,0.102,0.0069089314176168605,0.07966666666666666,0.010616548926610337,0.04633333333333334,0.005517648452415617,0.012499999999999999,0.0036216938946667856,0.08066666666666666,0.015420044674960503,0.12283333333333334,0.013617186852568994,0.102,0.0069089314176168605,0.04633333333333334,0.005517648452415617
Pro + NoC,Bs,R+R,Pro,NoC,R,R,0.007833333333333333,0.0007490735018081409,R,0.007833333333333333,0.0007490735018081409,R,0.007833333333333333,0.0007490735018081409,0.015666666666666666,0.005,0.0012974333637352372,Pro,NoC,0.16666666666666666,0.021146578394099075,0.102,0.0069089314176168605,0.07966666666666666,0.010616548926610337,0.04633333333333334,0.005517648452415617,0.012499999999999999,0.0036216938946667856,0.08066666666666666,0.015420044674960503,0.12283333333333334,0.013617186852568994,0.04633333333333334,0.005517648452415617,0.04633333333333334,0.005517648452415617
Pro + NoC,Bs,C+S,Pro,NoC,C,S,0.019166666666666665,0.005002777006601212,C,0.005166666666666667,0.00016666666666666653,S,0.0055000000000000005,0.0005000000000000001,0.010666666666666668,0.008499999999999997,0.005030462757595523,Pro,NoC,0.16666666666666666,0.021146578394099075,0.102,0.0069089314176168605,0.07966666666666666,0.010616548926610337,0.04633333333333334,0.005517648452415617,0.012499999999999999,0.0036216938946667856,0.08066666666666666,0.015420044674960503,0.12283333333333334,0.013617186852568994,0.08066666666666666,0.015420044674960503,0.012499999999999999,0.0036216938946667856
Pro + NoC,Bs,F+S,Pro,NoC,F,S,0.08266666666666667,0.007274002413466131,F,0.0525,0.007306389897434528,S,0.0055000000000000005,0.0005000000000000001,0.057999999999999996,0.02466666666666667,0.01032203683603408,Pro,NoC,0.16666666666666666,0.021146578394099075,0.102,0.0069089314176168605,0.07966666666666666,0.010616548926610337,0.04633333333333334,0.005517648452415617,0.012499999999999999,0.0036216938946667856,0.08066666666666666,0.015420044674960503,0.12283333333333334,0.013617186852568994,0.08066666666666666,0.015420044674960503,0.07966666666666666,0.010616548926610337
Pro + NoC,Bs,M+S,Pro,NoC,M,S,0.07266666666666667,0.007618690467819549,M,0.0065,0.0009574271077563381,S,0.0055000000000000005,0.0005000000000000001,0.012,0.060666666666666674,0.007694875639743057,Pro,NoC,0.16666666666666666,0.021146578394099075,0.102,0.0069089314176168605,0.07966666666666666,0.010616548926610337,0.04633333333333334,0.005517648452415617,0.012499999999999999,0.0036216938946667856,0.08066666666666666,0.015420044674960503,0.12283333333333334,0.013617186852568994,0.102,0.0069089314176168605,0.08066666666666666,0.015420044674960503
Pro + NoC,Bs,R+S,Pro,NoC,R,S,0.0735,0.007424059985389846,R,0.007833333333333333,0.0007490735018081409,S,0.0055000000000000005,0.0005000000000000001,0.013333333333333332,0.06016666666666666,0.007478487666485637,Pro,NoC,0.16666666666666666,0.021146578394099075,0.102,0.0069089314176168605,0.07966666666666666,0.010616548926610337,0.04633333333333334,0.005517648452415617,0.012499999999999999,0.0036216938946667856,0.08066666666666666,0.015420044674960503,0.12283333333333334,0.013617186852568994,0.08066666666666666,0.015420044674960503,0.04633333333333334,0.005517648452415617
Pro + NoC,Bs,S+S,Pro,NoC,S,S,0.0055000000000000005,0.0005000000000000001,S,0.0055000000000000005,0.0005000000000000001,S,0.0055000000000000005,0.0005000000000000001,0.011000000000000001,0.005,0.0008660254037844388,Pro,NoC,0.16666666666666666,0.021146578394099075,0.102,0.0069089314176168605,0.07966666666666666,0.010616548926610337,0.04633333333333334,0.005517648452415617,0.012499999999999999,0.0036216938946667856,0.08066666666666666,0.015420044674960503,0.12283333333333334,0.013617186852568994,0.08066666666666666,0.015420044674960503,0.08066666666666666,0.015420044674960503
Pro + NoC,Bs,WT+WT,Pro,NoC,WT,WT,0.16666666666666666,0.021146578394099075,,,,,,,,0.16666666666666666,0.0,Pro,NoC,0.16666666666666666,0.021146578394099075,0.102,0.0069089314176168605,0.07966666666666666,0.010616548926610337,0.04633333333333334,0.005517648452415617,0.012499999999999999,0.0036216938946667856,0.08066666666666666,0.015420044674960503,0.12283333333333334,0.013617186852568994,0.16666666666666666,0.021146578394099075,0.16666666666666666,0.021146578394099075
Pro + NoC,Ec,C+C,Pro,NoC,C,C,0.005,0.0,C,0.005,0.0,C,0.005,0.0,0.01,0.005,0.0,Pro,NoC,0.07483333333333334,0.010254809169902242,0.08600000000000001,0.01116840782445436,0.07816666666666666,0.005516137940423331,0.06899999999999999,0.007715784686817883,0.055333333333333325,0.007296879089339801,0.041666666666666664,0.004432205370291908,0.09449999999999999,0.006422616289332565,0.055333333333333325,0.007296879089339801,0.055333333333333325,0.007296879089339801
Pro + NoC,Ec,F+C,Pro,NoC,F,C,0.01983333333333333,0.006139580152131288,F,0.016833333333333336,0.0055522768102624145,C,0.005,0.0,0.021833333333333337,0.005,0.008277815063301561,Pro,NoC,0.07483333333333334,0.010254809169902242,0.08600000000000001,0.01116840782445436,0.07816666666666666,0.005516137940423331,0.06899999999999999,0.007715784686817883,0.055333333333333325,0.007296879089339801,0.041666666666666664,0.004432205370291908,0.09449999999999999,0.006422616289332565,0.07816666666666666,0.005516137940423331,0.055333333333333325,0.007296879089339801
Pro + NoC,Ec,M+C,Pro,NoC,M,C,0.006833333333333334,0.0004772607021092118,M,0.009833333333333335,0.003187649778616075,C,0.005,0.0,0.014833333333333334,0.005,0.003223179934302286,Pro,NoC,0.07483333333333334,0.010254809169902242,0.08600000000000001,0.01116840782445436,0.07816666666666666,0.005516137940423331,0.06899999999999999,0.007715784686817883,0.055333333333333325,0.007296879089339801,0.041666666666666664,0.004432205370291908,0.09449999999999999,0.006422616289332565,0.08600000000000001,0.01116840782445436,0.055333333333333325,0.007296879089339801
Pro + NoC,Ec,R+C,Pro,NoC,R,C,0.009833333333333333,0.0010137937550497031,R,0.005,0.0,C,0.005,0.0,0.01,0.005,0.0010137937550497031,Pro,NoC,0.07483333333333334,0.010254809169902242,0.08600000000000001,0.01116840782445436,0.07816666666666666,0.005516137940423331,0.06899999999999999,0.007715784686817883,0.055333333333333325,0.007296879089339801,0.041666666666666664,0.004432205370291908,0.09449999999999999,0.006422616289332565,0.06899999999999999,0.007715784686817883,0.055333333333333325,0.007296879089339801
Pro + NoC,Ec,F+F,Pro,NoC,F,F,0.016833333333333336,0.0055522768102624145,F,0.016833333333333336,0.0055522768102624145,F,0.016833333333333336,0.0055522768102624145,0.03366666666666667,0.005,0.009616825533060966,Pro,NoC,0.07483333333333334,0.010254809169902242,0.08600000000000001,0.01116840782445436,0.07816666666666666,0.005516137940423331,0.06899999999999999,0.007715784686817883,0.055333333333333325,0.007296879089339801,0.041666666666666664,0.004432205370291908,0.09449999999999999,0.006422616289332565,0.07816666666666666,0.005516137940423331,0.07816666666666666,0.005516137940423331
Pro + NoC,Ec,M+F,Pro,NoC,M,F,0.020833333333333332,0.00768295371441074,M,0.009833333333333335,0.003187649778616075,F,0.016833333333333336,0.0055522768102624145,0.026666666666666672,0.005,0.010000833298614004,Pro,NoC,0.07483333333333334,0.010254809169902242,0.08600000000000001,0.01116840782445436,0.07816666666666666,0.005516137940423331,0.06899999999999999,0.007715784686817883,0.055333333333333325,0.007296879089339801,0.041666666666666664,0.004432205370291908,0.09449999999999999,0.006422616289332565,0.08600000000000001,0.01116840782445436,0.07816666666666666,0.005516137940423331
Pro + NoC,Ec,C+L,Pro,NoC,C,L,0.006166666666666667,0.0004772607021092118,C,0.005,0.0,L,0.0055000000000000005,0.00034156502553198657,0.0105,0.005,0.0005868938953886337,Pro,NoC,0.07483333333333334,0.010254809169902242,0.08600000000000001,0.01116840782445436,0.07816666666666666,0.005516137940423331,0.06899999999999999,0.007715784686817883,0.055333333333333325,0.007296879089339801,0.041666666666666664,0.004432205370291908,0.09449999999999999,0.006422616289332565,0.09449999999999999,0.006422616289332565,0.055333333333333325,0.007296879089339801
Pro + NoC,Ec,F+L,Pro,NoC,F,L,0.03183333333333333,0.0025744470819532845,F,0.016833333333333336,0.0055522768102624145,L,0.0055000000000000005,0.00034156502553198657,0.022333333333333337,0.009499999999999995,0.006129618440182245,Pro,NoC,0.07483333333333334,0.010254809169902242,0.08600000000000001,0.01116840782445436,0.07816666666666666,0.005516137940423331,0.06899999999999999,0.007715784686817883,0.055333333333333325,0.007296879089339801,0.041666666666666664,0.004432205370291908,0.09449999999999999,0.006422616289332565,0.09449999999999999,0.006422616289332565,0.07816666666666666,0.005516137940423331
Pro + NoC,Ec,L+L,Pro,NoC,L,L,0.0055000000000000005,0.00034156502553198657,L,0.0055000000000000005,0.00034156502553198657,L,0.0055000000000000005,0.00034156502553198657,0.011000000000000001,0.005,0.0005916079783099615,Pro,NoC,0.07483333333333334,0.010254809169902242,0.08600000000000001,0.01116840782445436,0.07816666666666666,0.005516137940423331,0.06899999999999999,0.007715784686817883,0.055333333333333325,0.007296879089339801,0.041666666666666664,0.004432205370291908,0.09449999999999999,0.006422616289332565,0.09449999999999999,0.006422616289332565,0.09449999999999999,0.006422616289332565
Pro + NoC,Ec,M+L,Pro,NoC,M,L,0.012166666666666666,0.00270082291986062,M,0.009833333333333335,0.003187649778616075,L,0.0055000000000000005,0.00034156502553198657,0.015333333333333334,0.005,0.004191923451379118,Pro,NoC,0.07483333333333334,0.010254809169902242,0.08600000000000001,0.01116840782445436,0.07816666666666666,0.005516137940423331,0.06899999999999999,0.007715784686817883,0.055333333333333325,0.007296879089339801,0.041666666666666664,0.004432205370291908,0.09449999999999999,0.006422616289332565,0.09449999999999999,0.006422616289332565,0.08600000000000001,0.01116840782445436
Pro + NoC,Ec,R+L,Pro,NoC,R,L,0.0075,0.001586400537905439,R,0.005,0.0,L,0.0055000000000000005,0.00034156502553198657,0.0105,0.005,0.0016227548592850777,Pro,NoC,0.07483333333333334,0.010254809169902242,0.08600000000000001,0.01116840782445436,0.07816666666666666,0.005516137940423331,0.06899999999999999,0.007715784686817883,0.055333333333333325,0.007296879089339801,0.041666666666666664,0.004432205370291908,0.09449999999999999,0.006422616289332565,0.09449999999999999,0.006422616289332565,0.06899999999999999,0.007715784686817883
Pro + NoC,Ec,S+L,Pro,NoC,S,L,0.005333333333333333,0.00021081851067789194,S,0.005,0.0,L,0.0055000000000000005,0.00034156502553198657,0.0105,0.005,0.00040138648595974314,Pro,NoC,0.07483333333333334,0.010254809169902242,0.08600000000000001,0.01116840782445436,0.07816666666666666,0.005516137940423331,0.06899999999999999,0.007715784686817883,0.055333333333333325,0.007296879089339801,0.041666666666666664,0.004432205370291908,0.09449999999999999,0.006422616289332565,0.09449999999999999,0.006422616289332565,0.041666666666666664,0.004432205370291908
Pro + NoC,Ec,M+M,Pro,NoC,M,M,0.009833333333333335,0.003187649778616075,M,0.009833333333333335,0.003187649778616075,M,0.009833333333333335,0.003187649778616075,0.01966666666666667,0.005,0.005521171373298725,Pro,NoC,0.07483333333333334,0.010254809169902242,0.08600000000000001,0.01116840782445436,0.07816666666666666,0.005516137940423331,0.06899999999999999,0.007715784686817883,0.055333333333333325,0.007296879089339801,0.041666666666666664,0.004432205370291908,0.09449999999999999,0.006422616289332565,0.08600000000000001,0.01116840782445436,0.08600000000000001,0.01116840782445436
Pro + NoC,Ec,F+R,Pro,NoC,F,R,0.0255,0.006354788220966402,F,0.016833333333333336,0.0055522768102624145,R,0.005,0.0,0.021833333333333337,0.005,0.008438667614683678,Pro,NoC,0.07483333333333334,0.010254809169902242,0.08600000000000001,0.01116840782445436,0.07816666666666666,0.005516137940423331,0.06899999999999999,0.007715784686817883,0.055333333333333325,0.007296879089339801,0.041666666666666664,0.004432205370291908,0.09449999999999999,0.006422616289332565,0.07816666666666666,0.005516137940423331,0.06899999999999999,0.007715784686817883
Pro + NoC,Ec,M+R,Pro,NoC,M,R,0.01916666666666667,0.0034099527530125373,M,0.009833333333333335,0.003187649778616075,R,0.005,0.0,0.014833333333333334,0.005,0.004667856991049415,Pro,NoC,0.07483333333333334,0.010254809169902242,0.08600000000000001,0.01116840782445436,0.07816666666666666,0.005516137940423331,0.06899999999999999,0.007715784686817883,0.055333333333333325,0.007296879089339801,0.041666666666666664,0.004432205370291908,0.09449999999999999,0.006422616289332565,0.08600000000000001,0.01116840782445436,0.06899999999999999,0.007715784686817883
Pro + NoC,Ec,R+R,Pro,NoC,R,R,0.005,0.0,R,0.005,0.0,R,0.005,0.0,0.01,0.005,0.0,Pro,NoC,0.07483333333333334,0.010254809169902242,0.08600000000000001,0.01116840782445436,0.07816666666666666,0.005516137940423331,0.06899999999999999,0.007715784686817883,0.055333333333333325,0.007296879089339801,0.041666666666666664,0.004432205370291908,0.09449999999999999,0.006422616289332565,0.06899999999999999,0.007715784686817883,0.06899999999999999,0.007715784686817883
Pro + NoC,Ec,C+S,Pro,NoC,C,S,0.005166666666666667,0.0001666666666666667,C,0.005,0.0,S,0.005,0.0,0.01,0.005,0.0001666666666666667,Pro,NoC,0.07483333333333334,0.010254809169902242,0.08600000000000001,0.01116840782445436,0.07816666666666666,0.005516137940423331,0.06899999999999999,0.007715784686817883,0.055333333333333325,0.007296879089339801,0.041666666666666664,0.004432205370291908,0.09449999999999999,0.006422616289332565,0.055333333333333325,0.007296879089339801,0.041666666666666664,0.004432205370291908
Pro + NoC,Ec,F+S,Pro,NoC,F,S,0.014,0.005212165257037296,F,0.016833333333333336,0.0055522768102624145,S,0.005,0.0,0.021833333333333337,0.005,0.007615408357038015,Pro,NoC,0.07483333333333334,0.010254809169902242,0.08600000000000001,0.01116840782445436,0.07816666666666666,0.005516137940423331,0.06899999999999999,0.007715784686817883,0.055333333333333325,0.007296879089339801,0.041666666666666664,0.004432205370291908,0.09449999999999999,0.006422616289332565,0.07816666666666666,0.005516137940423331,0.041666666666666664,0.004432205370291908
Pro + NoC,Ec,M+S,Pro,NoC,M,S,0.011500000000000002,0.0022472205054244235,M,0.009833333333333335,0.003187649778616075,S,0.005,0.0,0.014833333333333334,0.005,0.0039001424475410013,Pro,NoC,0.07483333333333334,0.010254809169902242,0.08600000000000001,0.01116840782445436,0.07816666666666666,0.005516137940423331,0.06899999999999999,0.007715784686817883,0.055333333333333325,0.007296879089339801,0.041666666666666664,0.004432205370291908,0.09449999999999999,0.006422616289332565,0.08600000000000001,0.01116840782445436,0.041666666666666664,0.004432205370291908
Pro + NoC,Ec,R+S,Pro,NoC,R,S,0.009166666666666667,0.0011080513425729775,R,0.005,0.0,S,0.005,0.0,0.01,0.005,0.0011080513425729775,Pro,NoC,0.07483333333333334,0.010254809169902242,0.08600000000000001,0.01116840782445436,0.07816666666666666,0.005516137940423331,0.06899999999999999,0.007715784686817883,0.055333333333333325,0.007296879089339801,0.041666666666666664,0.004432205370291908,0.09449999999999999,0.006422616289332565,0.06899999999999999,0.007715784686817883,0.041666666666666664,0.004432205370291908
Pro + NoC,Ec,S+S,Pro,NoC,S,S,0.005,0.0,S,0.005,0.0,S,0.005,0.0,0.01,0.005,0.0,Pro,NoC,0.07483333333333334,0.010254809169902242,0.08600000000000001,0.01116840782445436,0.07816666666666666,0.005516137940423331,0.06899999999999999,0.007715784686817883,0.055333333333333325,0.007296879089339801,0.041666666666666664,0.004432205370291908,0.09449999999999999,0.006422616289332565,0.041666666666666664,0.004432205370291908,0.041666666666666664,0.004432205370291908
Pro + NoC,Ec,WT+WT,Pro,NoC,WT,WT,0.07483333333333334,0.010254809169902242,,,,,,,,0.07483333333333334,0.0,Pro,NoC,0.07483333333333334,0.010254809169902242,0.08600000000000001,0.01116840782445436,0.07816666666666666,0.005516137940423331,0.06899999999999999,0.007715784686817883,0.055333333333333325,0.007296879089339801,0.041666666666666664,0.004432205370291908,0.09449999999999999,0.006422616289332565,0.07483333333333334,0.010254809169902242,0.07483333333333334,0.010254809169902242
Urea + Fum,Bs,C+C,Urea,Fum,C,C,0.005,0.0,C,0.005,0.0,C,0.005,0.0,0.01,0.005,0.0,Urea,Fum,0.09966666666666667,0.008073275529658194,0.09433333333333332,0.0070930325750775385,0.10133333333333333,0.008781293248212993,0.027999999999999997,0.0009999999999999996,0.03233333333333333,0.004944132324730442,0.005,0.0,0.09916666666666667,0.007760655756943338,0.03233333333333333,0.004944132324730442,0.03233333333333333,0.004944132324730442
Urea + Fum,Bs,F+C,Urea,Fum,F,C,0.02333333333333333,0.0038093452339097752,F,0.006333333333333333,0.0008432740427115674,C,0.005,0.0,0.011333333333333334,0.011999999999999997,0.0039015666369065427,Urea,Fum,0.09966666666666667,0.008073275529658194,0.09433333333333332,0.0070930325750775385,0.10133333333333333,0.008781293248212993,0.027999999999999997,0.0009999999999999996,0.03233333333333333,0.004944132324730442,0.005,0.0,0.09916666666666667,0.007760655756943338,0.10133333333333333,0.008781293248212993,0.03233333333333333,0.004944132324730442
Urea + Fum,Bs,M+C,Urea,Fum,M,C,0.011500000000000002,0.004129164564412516,M,0.005666666666666667,0.00042163702135578394,C,0.005,0.0,0.010666666666666668,0.005,0.004150635828132574,Urea,Fum,0.09966666666666667,0.008073275529658194,0.09433333333333332,0.0070930325750775385,0.10133333333333333,0.008781293248212993,0.027999999999999997,0.0009999999999999996,0.03233333333333333,0.004944132324730442,0.005,0.0,0.09916666666666667,0.007760655756943338,0.09433333333333332,0.0070930325750775385,0.03233333333333333,0.004944132324730442
Urea + Fum,Bs,R+C,Urea,Fum,R,C,0.035666666666666666,0.012071085746986936,R,0.006833333333333334,0.0011666666666666665,C,0.005,0.0,0.011833333333333335,0.02383333333333333,0.012127333681490845,Urea,Fum,0.09966666666666667,0.008073275529658194,0.09433333333333332,0.0070930325750775385,0.10133333333333333,0.008781293248212993,0.027999999999999997,0.0009999999999999996,0.03233333333333333,0.004944132324730442,0.005,0.0,0.09916666666666667,0.007760655756943338,0.03233333333333333,0.004944132324730442,0.027999999999999997,0.0009999999999999996
Urea + Fum,Bs,F+F,Urea,Fum,F,F,0.006333333333333333,0.0008432740427115674,F,0.006333333333333333,0.0008432740427115674,F,0.006333333333333333,0.0008432740427115674,0.012666666666666666,0.005,0.0014605934866804423,Urea,Fum,0.09966666666666667,0.008073275529658194,0.09433333333333332,0.0070930325750775385,0.10133333333333333,0.008781293248212993,0.027999999999999997,0.0009999999999999996,0.03233333333333333,0.004944132324730442,0.005,0.0,0.09916666666666667,0.007760655756943338,0.10133333333333333,0.008781293248212993,0.10133333333333333,0.008781293248212993
Urea + Fum,Bs,M+F,Urea,Fum,M,F,0.03183333333333333,0.006117824595211748,M,0.005666666666666667,0.00042163702135578394,F,0.006333333333333333,0.0008432740427115674,0.012,0.01983333333333333,0.006190045772582516,Urea,Fum,0.09966666666666667,0.008073275529658194,0.09433333333333332,0.0070930325750775385,0.10133333333333333,0.008781293248212993,0.027999999999999997,0.0009999999999999996,0.03233333333333333,0.004944132324730442,0.005,0.0,0.09916666666666667,0.007760655756943338,0.10133333333333333,0.008781293248212993,0.09433333333333332,0.0070930325750775385
Urea + Fum,Bs,C+L,Urea,Fum,C,L,0.007666666666666666,0.0015420044674960506,C,0.005,0.0,L,0.005,0.0,0.01,0.005,0.0015420044674960506,Urea,Fum,0.09966666666666667,0.008073275529658194,0.09433333333333332,0.0070930325750775385,0.10133333333333333,0.008781293248212993,0.027999999999999997,0.0009999999999999996,0.03233333333333333,0.004944132324730442,0.005,0.0,0.09916666666666667,0.007760655756943338,0.09916666666666667,0.007760655756943338,0.03233333333333333,0.004944132324730442
Urea + Fum,Bs,F+L,Urea,Fum,F,L,0.03466666666666667,0.01009180085239718,F,0.006333333333333333,0.0008432740427115674,L,0.005,0.0,0.011333333333333334,0.023333333333333338,0.010126971687308875,Urea,Fum,0.09966666666666667,0.008073275529658194,0.09433333333333332,0.0070930325750775385,0.10133333333333333,0.008781293248212993,0.027999999999999997,0.0009999999999999996,0.03233333333333333,0.004944132324730442,0.005,0.0,0.09916666666666667,0.007760655756943338,0.10133333333333333,0.008781293248212993,0.09916666666666667,0.007760655756943338
Urea + Fum,Bs,L+L,Urea,Fum,L,L,0.005,0.0,L,0.005,0.0,L,0.005,0.0,0.01,0.005,0.0,Urea,Fum,0.09966666666666667,0.008073275529658194,0.09433333333333332,0.0070930325750775385,0.10133333333333333,0.008781293248212993,0.027999999999999997,0.0009999999999999996,0.03233333333333333,0.004944132324730442,0.005,0.0,0.09916666666666667,0.007760655756943338,0.09916666666666667,0.007760655756943338,0.09916666666666667,0.007760655756943338
Urea + Fum,Bs,M+L,Urea,Fum,M,L,0.10533333333333333,0.02996850198310071,M,0.005666666666666667,0.00042163702135578394,L,0.005,0.0,0.010666666666666668,0.09466666666666666,0.029971467913482132,Urea,Fum,0.09966666666666667,0.008073275529658194,0.09433333333333332,0.0070930325750775385,0.10133333333333333,0.008781293248212993,0.027999999999999997,0.0009999999999999996,0.03233333333333333,0.004944132324730442,0.005,0.0,0.09916666666666667,0.007760655756943338,0.09916666666666667,0.007760655756943338,0.09433333333333332,0.0070930325750775385
Urea + Fum,Bs,R+L,Urea,Fum,R,L,0.07766666666666666,0.0234117729168705,R,0.006833333333333334,0.0011666666666666665,L,0.005,0.0,0.011833333333333335,0.06583333333333333,0.023440823838385506,Urea,Fum,0.09966666666666667,0.008073275529658194,0.09433333333333332,0.0070930325750775385,0.10133333333333333,0.008781293248212993,0.027999999999999997,0.0009999999999999996,0.03233333333333333,0.004944132324730442,0.005,0.0,0.09916666666666667,0.007760655756943338,0.09916666666666667,0.007760655756943338,0.027999999999999997,0.0009999999999999996
Urea + Fum,Bs,S+L,Urea,Fum,S,L,0.07283333333333333,0.03778131519385976,S,0.005,0.0,L,0.005,0.0,0.01,0.06283333333333334,0.03778131519385976,Urea,Fum,0.09966666666666667,0.008073275529658194,0.09433333333333332,0.0070930325750775385,0.10133333333333333,0.008781293248212993,0.027999999999999997,0.0009999999999999996,0.03233333333333333,0.004944132324730442,0.005,0.0,0.09916666666666667,0.007760655756943338,0.09916666666666667,0.007760655756943338,0.005,0.0
Urea + Fum,Bs,M+M,Urea,Fum,M,M,0.005666666666666667,0.00042163702135578394,M,0.005666666666666667,0.00042163702135578394,M,0.005666666666666667,0.00042163702135578394,0.011333333333333334,0.005,0.0007302967433402215,Urea,Fum,0.09966666666666667,0.008073275529658194,0.09433333333333332,0.0070930325750775385,0.10133333333333333,0.008781293248212993,0.027999999999999997,0.0009999999999999996,0.03233333333333333,0.004944132324730442,0.005,0.0,0.09916666666666667,0.007760655756943338,0.09433333333333332,0.0070930325750775385,0.09433333333333332,0.0070930325750775385
Urea + Fum,Bs,F+R,Urea,Fum,F,R,0.0395,0.005806605434043773,F,0.006333333333333333,0.0008432740427115674,R,0.006833333333333334,0.0011666666666666665,0.013166666666666667,0.026333333333333334,0.005982381539896039,Urea,Fum,0.09966666666666667,0.008073275529658194,0.09433333333333332,0.0070930325750775385,0.10133333333333333,0.008781293248212993,0.027999999999999997,0.0009999999999999996,0.03233333333333333,0.004944132324730442,0.005,0.0,0.09916666666666667,0.007760655756943338,0.10133333333333333,0.008781293248212993,0.027999999999999997,0.0009999999999999996
Urea + Fum,Bs,M+R,Urea,Fum,M,R,0.083,0.025703436864876004,M,0.005666666666666667,0.00042163702135578394,R,0.006833333333333334,0.0011666666666666665,0.0125,0.07050000000000001,0.025733354922270742,Urea,Fum,0.09966666666666667,0.008073275529658194,0.09433333333333332,0.0070930325750775385,0.10133333333333333,0.008781293248212993,0.027999999999999997,0.0009999999999999996,0.03233333333333333,0.004944132324730442,0.005,0.0,0.09916666666666667,0.007760655756943338,0.09433333333333332,0.0070930325750775385,0.027999999999999997,0.0009999999999999996
Urea + Fum,Bs,R+R,Urea,Fum,R,R,0.006833333333333334,0.0011666666666666665,R,0.006833333333333334,0.0011666666666666665,R,0.006833333333333334,0.0011666666666666665,0.013666666666666667,0.005,0.00202072594216369,Urea,Fum,0.09966666666666667,0.008073275529658194,0.09433333333333332,0.0070930325750775385,0.10133333333333333,0.008781293248212993,0.027999999999999997,0.0009999999999999996,0.03233333333333333,0.004944132324730442,0.005,0.0,0.09916666666666667,0.007760655756943338,0.027999999999999997,0.0009999999999999996,0.027999999999999997,0.0009999999999999996
Urea + Fum,Bs,C+S,Urea,Fum,C,S,0.005,0.0,C,0.005,0.0,S,0.005,0.0,0.01,0.005,0.0,Urea,Fum,0.09966666666666667,0.008073275529658194,0.09433333333333332,0.0070930325750775385,0.10133333333333333,0.008781293248212993,0.027999999999999997,0.0009999999999999996,0.03233333333333333,0.004944132324730442,0.005,0.0,0.09916666666666667,0.007760655756943338,0.03233333333333333,0.004944132324730442,0.005,0.0
Urea + Fum,Bs,F+S,Urea,Fum,F,S,0.024333333333333335,0.003402613374713292,F,0.006333333333333333,0.0008432740427115674,S,0.005,0.0,0.011333333333333334,0.013000000000000001,0.0035055511533693086,Urea,Fum,0.09966666666666667,0.008073275529658194,0.09433333333333332,0.0070930325750775385,0.10133333333333333,0.008781293248212993,0.027999999999999997,0.0009999999999999996,0.03233333333333333,0.004944132324730442,0.005,0.0,0.09916666666666667,0.007760655756943338,0.10133333333333333,0.008781293248212993,0.005,0.0
Urea + Fum,Bs,M+S,Urea,Fum,M,S,0.015666666666666666,0.0026791375063213493,M,0.005666666666666667,0.00042163702135578394,S,0.005,0.0,0.010666666666666668,0.005,0.002712112747574399,Urea,Fum,0.09966666666666667,0.008073275529658194,0.09433333333333332,0.0070930325750775385,0.10133333333333333,0.008781293248212993,0.027999999999999997,0.0009999999999999996,0.03233333333333333,0.004944132324730442,0.005,0.0,0.09916666666666667,0.007760655756943338,0.09433333333333332,0.0070930325750775385,0.005,0.0
Urea + Fum,Bs,R+S,Urea,Fum,R,S,0.07366666666666667,0.03833159416344579,R,0.006833333333333334,0.0011666666666666665,S,0.005,0.0,0.011833333333333335,0.06183333333333334,0.03834934448230142,Urea,Fum,0.09966666666666667,0.008073275529658194,0.09433333333333332,0.0070930325750775385,0.10133333333333333,0.008781293248212993,0.027999999999999997,0.0009999999999999996,0.03233333333333333,0.004944132324730442,0.005,0.0,0.09916666666666667,0.007760655756943338,0.027999999999999997,0.0009999999999999996,0.005,0.0
Urea + Fum,Bs,S+S,Urea,Fum,S,S,0.005,0.0,S,0.005,0.0,S,0.005,0.0,0.01,0.005,0.0,Urea,Fum,0.09966666666666667,0.008073275529658194,0.09433333333333332,0.0070930325750775385,0.10133333333333333,0.008781293248212993,0.027999999999999997,0.0009999999999999996,0.03233333333333333,0.004944132324730442,0.005,0.0,0.09916666666666667,0.007760655756943338,0.005,0.0,0.005,0.0
Urea + Fum,Bs,WT+WT,Urea,Fum,WT,WT,0.09966666666666667,0.008073275529658194,,,,,,,,0.09966666666666667,0.0,Urea,Fum,0.09966666666666667,0.008073275529658194,0.09433333333333332,0.0070930325750775385,0.10133333333333333,0.008781293248212993,0.027999999999999997,0.0009999999999999996,0.03233333333333333,0.004944132324730442,0.005,0.0,0.09916666666666667,0.007760655756943338,0.09966666666666667,0.008073275529658194,0.09966666666666667,0.008073275529658194
Urea + Fum,Ec,C+C,Urea,Fum,C,C,0.005,0.0,C,0.005,0.0,C,0.005,0.0,0.01,0.005,0.0,Urea,Fum,0.39266666666666666,0.0232632280171471,0.43016666666666664,0.018623312749824556,0.5128333333333334,0.024123870152011506,0.29883333333333334,0.024725717605584504,0.048499999999999995,0.002629955639676583,0.0415,0.008245200624201532,0.2796666666666667,0.024902030260826342,0.048499999999999995,0.002629955639676583,0.048499999999999995,0.002629955639676583
Urea + Fum,Ec,F+C,Urea,Fum,F,C,0.021500000000000002,0.0004281744192888375,F,0.012666666666666666,0.003148191720831359,C,0.005,0.0,0.017666666666666667,0.005,0.003177175545109909,Urea,Fum,0.39266666666666666,0.0232632280171471,0.43016666666666664,0.018623312749824556,0.5128333333333334,0.024123870152011506,0.29883333333333334,0.024725717605584504,0.048499999999999995,0.002629955639676583,0.0415,0.008245200624201532,0.2796666666666667,0.024902030260826342,0.5128333333333334,0.024123870152011506,0.048499999999999995,0.002629955639676583
Urea + Fum,Ec,M+C,Urea,Fum,M,C,0.005,0.0,M,0.005,0.0,C,0.005,0.0,0.01,0.005,0.0,Urea,Fum,0.39266666666666666,0.0232632280171471,0.43016666666666664,0.018623312749824556,0.5128333333333334,0.024123870152011506,0.29883333333333334,0.024725717605584504,0.048499999999999995,0.002629955639676583,0.0415,0.008245200624201532,0.2796666666666667,0.024902030260826342,0.43016666666666664,0.018623312749824556,0.048499999999999995,0.002629955639676583
Urea + Fum,Ec,R+C,Urea,Fum,R,C,0.005,0.0,R,0.005,0.0,C,0.005,0.0,0.01,0.005,0.0,Urea,Fum,0.39266666666666666,0.0232632280171471,0.43016666666666664,0.018623312749824556,0.5128333333333334,0.024123870152011506,0.29883333333333334,0.024725717605584504,0.048499999999999995,0.002629955639676583,0.0415,0.008245200624201532,0.2796666666666667,0.024902030260826342,0.29883333333333334,0.024725717605584504,0.048499999999999995,0.002629955639676583
Urea + Fum,Ec,F+F,Urea,Fum,F,F,0.012666666666666666,0.003148191720831359,F,0.012666666666666666,0.003148191720831359,F,0.012666666666666666,0.003148191720831359,0.025333333333333333,0.005,0.005452828012447609,Urea,Fum,0.39266666666666666,0.0232632280171471,0.43016666666666664,0.018623312749824556,0.5128333333333334,0.024123870152011506,0.29883333333333334,0.024725717605584504,0.048499999999999995,0.002629955639676583,0.0415,0.008245200624201532,0.2796666666666667,0.024902030260826342,0.5128333333333334,0.024123870152011506,0.5128333333333334,0.024123870152011506
Urea + Fum,Ec,M+F,Urea,Fum,M,F,0.31516666666666665,0.11782484646476074,M,0.005,0.0,F,0.012666666666666666,0.003148191720831359,0.017666666666666667,0.2975,0.1178668976242081,Urea,Fum,0.39266666666666666,0.0232632280171471,0.43016666666666664,0.018623312749824556,0.5128333333333334,0.024123870152011506,0.29883333333333334,0.024725717605584504,0.048499999999999995,0.002629955639676583,0.0415,0.008245200624201532,0.2796666666666667,0.024902030260826342,0.5128333333333334,0.024123870152011506,0.43016666666666664,0.018623312749824556
Urea + Fum,Ec,C+L,Urea,Fum,C,L,0.005,0.0,C,0.005,0.0,L,0.005,0.0,0.01,0.005,0.0,Urea,Fum,0.39266666666666666,0.0232632280171471,0.43016666666666664,0.018623312749824556,0.5128333333333334,0.024123870152011506,0.29883333333333334,0.024725717605584504,0.048499999999999995,0.002629955639676583,0.0415,0.008245200624201532,0.2796666666666667,0.024902030260826342,0.2796666666666667,0.024902030260826342,0.048499999999999995,0.002629955639676583
Urea + Fum,Ec,F+L,Urea,Fum,F,L,0.025833333333333333,0.0023154073315749682,F,0.012666666666666666,0.003148191720831359,L,0.005,0.0,0.017666666666666667,0.008166666666666666,0.003907969066180313,Urea,Fum,0.39266666666666666,0.0232632280171471,0.43016666666666664,0.018623312749824556,0.5128333333333334,0.024123870152011506,0.29883333333333334,0.024725717605584504,0.048499999999999995,0.002629955639676583,0.0415,0.008245200624201532,0.2796666666666667,0.024902030260826342,0.5128333333333334,0.024123870152011506,0.2796666666666667,0.024902030260826342
Urea + Fum,Ec,L+L,Urea,Fum,L,L,0.005,0.0,L,0.005,0.0,L,0.005,0.0,0.01,0.005,0.0,Urea,Fum,0.39266666666666666,0.0232632280171471,0.43016666666666664,0.018623312749824556,0.5128333333333334,0.024123870152011506,0.29883333333333334,0.024725717605584504,0.048499999999999995,0.002629955639676583,0.0415,0.008245200624201532,0.2796666666666667,0.024902030260826342,0.2796666666666667,0.024902030260826342,0.2796666666666667,0.024902030260826342
Urea + Fum,Ec,M+L,Urea,Fum,M,L,0.02366666666666667,0.0010219806477837256,M,0.005,0.0,L,0.005,0.0,0.01,0.013666666666666669,0.0010219806477837256,Urea,Fum,0.39266666666666666,0.0232632280171471,0.43016666666666664,0.018623312749824556,0.5128333333333334,0.024123870152011506,0.29883333333333334,0.024725717605584504,0.048499999999999995,0.002629955639676583,0.0415,0.008245200624201532,0.2796666666666667,0.024902030260826342,0.43016666666666664,0.018623312749824556,0.2796666666666667,0.024902030260826342
Urea + Fum,Ec,R+L,Urea,Fum,R,L,0.006000000000000001,0.0006324555320336759,R,0.005,0.0,L,0.005,0.0,0.01,0.005,0.0006324555320336759,Urea,Fum,0.39266666666666666,0.0232632280171471,0.43016666666666664,0.018623312749824556,0.5128333333333334,0.024123870152011506,0.29883333333333334,0.024725717605584504,0.048499999999999995,0.002629955639676583,0.0415,0.008245200624201532,0.2796666666666667,0.024902030260826342,0.29883333333333334,0.024725717605584504,0.2796666666666667,0.024902030260826342
Urea + Fum,Ec,S+L,Urea,Fum,S,L,0.005,0.0,S,0.005,0.0,L,0.005,0.0,0.01,0.005,0.0,Urea,Fum,0.39266666666666666,0.0232632280171471,0.43016666666666664,0.018623312749824556,0.5128333333333334,0.024123870152011506,0.29883333333333334,0.024725717605584504,0.048499999999999995,0.002629955639676583,0.0415,0.008245200624201532,0.2796666666666667,0.024902030260826342,0.2796666666666667,0.024902030260826342,0.0415,0.008245200624201532
Urea + Fum,Ec,M+M,Urea,Fum,M,M,0.005,0.0,M,0.005,0.0,M,0.005,0.0,0.01,0.005,0.0,Urea,Fum,0.39266666666666666,0.0232632280171471,0.43016666666666664,0.018623312749824556,0.5128333333333334,0.024123870152011506,0.29883333333333334,0.024725717605584504,0.048499999999999995,0.002629955639676583,0.0415,0.008245200624201532,0.2796666666666667,0.024902030260826342,0.43016666666666664,0.018623312749824556,0.43016666666666664,0.018623312749824556
Urea + Fum,Ec,F+R,Urea,Fum,F,R,0.02416666666666667,0.0011948965552623278,F,0.012666666666666666,0.003148191720831359,R,0.005,0.0,0.017666666666666667,0.006500000000000002,0.003367326667979941,Urea,Fum,0.39266666666666666,0.0232632280171471,0.43016666666666664,0.018623312749824556,0.5128333333333334,0.024123870152011506,0.29883333333333334,0.024725717605584504,0.048499999999999995,0.002629955639676583,0.0415,0.008245200624201532,0.2796666666666667,0.024902030260826342,0.5128333333333334,0.024123870152011506,0.29883333333333334,0.024725717605584504
Urea + Fum,Ec,M+R,Urea,Fum,M,R,0.032,0.002476556749467561,M,0.005,0.0,R,0.005,0.0,0.01,0.022,0.002476556749467561,Urea,Fum,0.39266666666666666,0.0232632280171471,0.43016666666666664,0.018623312749824556,0.5128333333333334,0.024123870152011506,0.29883333333333334,0.024725717605584504,0.048499999999999995,0.002629955639676583,0.0415,0.008245200624201532,0.2796666666666667,0.024902030260826342,0.43016666666666664,0.018623312749824556,0.29883333333333334,0.024725717605584504
Urea + Fum,Ec,R+R,Urea,Fum,R,R,0.005,0.0,R,0.005,0.0,R,0.005,0.0,0.01,0.005,0.0,Urea,Fum,0.39266666666666666,0.0232632280171471,0.43016666666666664,0.018623312749824556,0.5128333333333334,0.024123870152011506,0.29883333333333334,0.024725717605584504,0.048499999999999995,0.002629955639676583,0.0415,0.008245200624201532,0.2796666666666667,0.024902030260826342,0.29883333333333334,0.024725717605584504,0.29883333333333334,0.024725717605584504
Urea + Fum,Ec,C+S,Urea,Fum,C,S,0.005,0.0,C,0.005,0.0,S,0.005,0.0,0.01,0.005,0.0,Urea,Fum,0.39266666666666666,0.0232632280171471,0.43016666666666664,0.018623312749824556,0.5128333333333334,0.024123870152011506,0.29883333333333334,0.024725717605584504,0.048499999999999995,0.002629955639676583,0.0415,0.008245200624201532,0.2796666666666667,0.024902030260826342,0.048499999999999995,0.002629955639676583,0.0415,0.008245200624201532
Urea + Fum,Ec,F+S,Urea,Fum,F,S,0.02225,0.001108677891304173,F,0.012666666666666666,0.003148191720831359,S,0.005,0.0,0.017666666666666667,0.005,0.003337705466001723,Urea,Fum,0.39266666666666666,0.0232632280171471,0.43016666666666664,0.018623312749824556,0.5128333333333334,0.024123870152011506,0.29883333333333334,0.024725717605584504,0.048499999999999995,0.002629955639676583,0.0415,0.008245200624201532,0.2796666666666667,0.024902030260826342,0.5128333333333334,0.024123870152011506,0.0415,0.008245200624201532
Urea + Fum,Ec,M+S,Urea,Fum,M,S,0.02033333333333333,0.0032110918876779456,M,0.005,0.0,S,0.005,0.0,0.01,0.010333333333333332,0.0032110918876779456,Urea,Fum,0.39266666666666666,0.0232632280171471,0.43016666666666664,0.018623312749824556,0.5128333333333334,0.024123870152011506,0.29883333333333334,0.024725717605584504,0.048499999999999995,0.002629955639676583,0.0415,0.008245200624201532,0.2796666666666667,0.024902030260826342,0.43016666666666664,0.018623312749824556,0.0415,0.008245200624201532
Urea + Fum,Ec,R+S,Urea,Fum,R,S,0.0075,0.0008465616732800196,R,0.005,0.0,S,0.005,0.0,0.01,0.005,0.0008465616732800196,Urea,Fum,0.39266666666666666,0.0232632280171471,0.43016666666666664,0.018623312749824556,0.5128333333333334,0.024123870152011506,0.29883333333333334,0.024725717605584504,0.048499999999999995,0.002629955639676583,0.0415,0.008245200624201532,0.2796666666666667,0.024902030260826342,0.29883333333333334,0.024725717605584504,0.0415,0.008245200624201532
Urea + Fum,Ec,S+S,Urea,Fum,S,S,0.005,0.0,S,0.005,0.0,S,0.005,0.0,0.01,0.005,0.0,Urea,Fum,0.39266666666666666,0.0232632280171471,0.43016666666666664,0.018623312749824556,0.5128333333333334,0.024123870152011506,0.29883333333333334,0.024725717605584504,0.048499999999999995,0.002629955639676583,0.0415,0.008245200624201532,0.2796666666666667,0.024902030260826342,0.0415,0.008245200624201532,0.0415,0.008245200624201532
Urea + Fum,Ec,WT+WT,Urea,Fum,WT,WT,0.39266666666666666,0.0232632280171471,,,,,,,,0.39266666666666666,0.0,Urea,Fum,0.39266666666666666,0.0232632280171471,0.43016666666666664,0.018623312749824556,0.5128333333333334,0.024123870152011506,0.29883333333333334,0.024725717605584504,0.048499999999999995,0.002629955639676583,0.0415,0.008245200624201532,0.2796666666666667,0.024902030260826342,0.39266666666666666,0.0232632280171471,0.39266666666666666,0.0232632280171471
Urea + Gluc,Bs,C+C,Urea,Gluc,C,C,0.005,0.0,C,0.005,0.0,C,0.005,0.0,0.01,0.005,0.0,Urea,Gluc,0.16749999999999998,0.014759742545180117,0.2555,0.023755350274552188,0.11183333333333334,0.01307775889737144,0.08066666666666666,0.00676592771006148,0.13816666666666666,0.013775380615834578,0.005,0.0,0.1465,0.009935626133599565,0.13816666666666666,0.013775380615834578,0.13816666666666666,0.013775380615834578
Urea + Gluc,Bs,F+C,Urea,Gluc,F,C,0.036833333333333336,0.008092863797472712,F,0.007166666666666666,0.001376388188137505,C,0.005,0.0,0.012166666666666666,0.02466666666666667,0.008209073570683166,Urea,Gluc,0.16749999999999998,0.014759742545180117,0.2555,0.023755350274552188,0.11183333333333334,0.01307775889737144,0.08066666666666666,0.00676592771006148,0.13816666666666666,0.013775380615834578,0.005,0.0,0.1465,0.009935626133599565,0.13816666666666666,0.013775380615834578,0.11183333333333334,0.01307775889737144
Urea + Gluc,Bs,M+C,Urea,Gluc,M,C,0.011500000000000002,0.0034999999999999996,M,0.006333333333333333,0.0008819171036881969,C,0.005,0.0,0.011333333333333334,0.005,0.0036094013046179523,Urea,Gluc,0.16749999999999998,0.014759742545180117,0.2555,0.023755350274552188,0.11183333333333334,0.01307775889737144,0.08066666666666666,0.00676592771006148,0.13816666666666666,0.013775380615834578,0.005,0.0,0.1465,0.009935626133599565,0.2555,0.023755350274552188,0.13816666666666666,0.013775380615834578
Urea + Gluc,Bs,R+C,Urea,Gluc,R,C,0.018333333333333333,0.0027284509239574838,R,0.006666666666666667,0.0013080944580232388,C,0.005,0.0,0.011666666666666667,0.006666666666666666,0.0030258148581093916,Urea,Gluc,0.16749999999999998,0.014759742545180117,0.2555,0.023755350274552188,0.11183333333333334,0.01307775889737144,0.08066666666666666,0.00676592771006148,0.13816666666666666,0.013775380615834578,0.005,0.0,0.1465,0.009935626133599565,0.13816666666666666,0.013775380615834578,0.08066666666666666,0.00676592771006148
Urea + Gluc,Bs,F+F,Urea,Gluc,F,F,0.007166666666666666,0.001376388188137505,F,0.007166666666666666,0.001376388188137505,F,0.007166666666666666,0.001376388188137505,0.014333333333333332,0.005,0.0023839742727918296,Urea,Gluc,0.16749999999999998,0.014759742545180117,0.2555,0.023755350274552188,0.11183333333333334,0.01307775889737144,0.08066666666666666,0.00676592771006148,0.13816666666666666,0.013775380615834578,0.005,0.0,0.1465,0.009935626133599565,0.11183333333333334,0.01307775889737144,0.11183333333333334,0.01307775889737144
Urea + Gluc,Bs,M+F,Urea,Gluc,M,F,0.05616666666666667,0.01178534871967921,M,0.006333333333333333,0.0008819171036881969,F,0.007166666666666666,0.001376388188137505,0.013499999999999998,0.04266666666666667,0.011898179132399486,Urea,Gluc,0.16749999999999998,0.014759742545180117,0.2555,0.023755350274552188,0.11183333333333334,0.01307775889737144,0.08066666666666666,0.00676592771006148,0.13816666666666666,0.013775380615834578,0.005,0.0,0.1465,0.009935626133599565,0.2555,0.023755350274552188,0.11183333333333334,0.01307775889737144
Urea + Gluc,Bs,C+L,Urea,Gluc,C,L,0.006666666666666667,0.0010852547064066464,C,0.005,0.0,L,0.005,0.0,0.01,0.005,0.0010852547064066464,Urea,Gluc,0.16749999999999998,0.014759742545180117,0.2555,0.023755350274552188,0.11183333333333334,0.01307775889737144,0.08066666666666666,0.00676592771006148,0.13816666666666666,0.013775380615834578,0.005,0.0,0.1465,0.009935626133599565,0.1465,0.009935626133599565,0.13816666666666666,0.013775380615834578
Urea + Gluc,Bs,F+L,Urea,Gluc,F,L,0.020666666666666667,0.0031587620641285686,F,0.007166666666666666,0.001376388188137505,L,0.005,0.0,0.012166666666666666,0.0085,0.003445609122088897,Urea,Gluc,0.16749999999999998,0.014759742545180117,0.2555,0.023755350274552188,0.11183333333333334,0.01307775889737144,0.08066666666666666,0.00676592771006148,0.13816666666666666,0.013775380615834578,0.005,0.0,0.1465,0.009935626133599565,0.1465,0.009935626133599565,0.11183333333333334,0.01307775889737144
Urea + Gluc,Bs,L+L,Urea,Gluc,L,L,0.005,0.0,L,0.005,0.0,L,0.005,0.0,0.01,0.005,0.0,Urea,Gluc,0.16749999999999998,0.014759742545180117,0.2555,0.023755350274552188,0.11183333333333334,0.01307775889737144,0.08066666666666666,0.00676592771006148,0.13816666666666666,0.013775380615834578,0.005,0.0,0.1465,0.009935626133599565,0.1465,0.009935626133599565,0.1465,0.009935626133599565
Urea + Gluc,Bs,M+L,Urea,Gluc,M,L,0.14733333333333334,0.05515050115617969,M,0.006333333333333333,0.0008819171036881969,L,0.005,0.0,0.011333333333333334,0.136,0.0551575521171449,Urea,Gluc,0.16749999999999998,0.014759742545180117,0.2555,0.023755350274552188,0.11183333333333334,0.01307775889737144,0.08066666666666666,0.00676592771006148,0.13816666666666666,0.013775380615834578,0.005,0.0,0.1465,0.009935626133599565,0.2555,0.023755350274552188,0.1465,0.009935626133599565
Urea + Gluc,Bs,R+L,Urea,Gluc,R,L,0.0335,0.01850900681650243,R,0.006666666666666667,0.0013080944580232388,L,0.005,0.0,0.011666666666666667,0.021833333333333337,0.018555172983414747,Urea,Gluc,0.16749999999999998,0.014759742545180117,0.2555,0.023755350274552188,0.11183333333333334,0.01307775889737144,0.08066666666666666,0.00676592771006148,0.13816666666666666,0.013775380615834578,0.005,0.0,0.1465,0.009935626133599565,0.1465,0.009935626133599565,0.08066666666666666,0.00676592771006148
Urea + Gluc,Bs,S+L,Urea,Gluc,S,L,0.11233333333333333,0.06772772286475046,S,0.005,0.0,L,0.005,0.0,0.01,0.10233333333333333,0.06772772286475046,Urea,Gluc,0.16749999999999998,0.014759742545180117,0.2555,0.023755350274552188,0.11183333333333334,0.01307775889737144,0.08066666666666666,0.00676592771006148,0.13816666666666666,0.013775380615834578,0.005,0.0,0.1465,0.009935626133599565,0.1465,0.009935626133599565,0.005,0.0
Urea + Gluc,Bs,M+M,Urea,Gluc,M,M,0.006333333333333333,0.0008819171036881969,M,0.006333333333333333,0.0008819171036881969,M,0.006333333333333333,0.0008819171036881969,0.012666666666666666,0.005,0.0015275252316519468,Urea,Gluc,0.16749999999999998,0.014759742545180117,0.2555,0.023755350274552188,0.11183333333333334,0.01307775889737144,0.08066666666666666,0.00676592771006148,0.13816666666666666,0.013775380615834578,0.005,0.0,0.1465,0.009935626133599565,0.2555,0.023755350274552188,0.2555,0.023755350274552188
Urea + Gluc,Bs,F+R,Urea,Gluc,F,R,0.041166666666666664,0.0025353062493075223,F,0.007166666666666666,0.001376388188137505,R,0.006666666666666667,0.0013080944580232388,0.013833333333333333,0.02733333333333333,0.003167543738187893,Urea,Gluc,0.16749999999999998,0.014759742545180117,0.2555,0.023755350274552188,0.11183333333333334,0.01307775889737144,0.08066666666666666,0.00676592771006148,0.13816666666666666,0.013775380615834578,0.005,0.0,0.1465,0.009935626133599565,0.11183333333333334,0.01307775889737144,0.08066666666666666,0.00676592771006148
Urea + Gluc,Bs,M+R,Urea,Gluc,M,R,0.03366666666666667,0.005583706455194237,M,0.006333333333333333,0.0008819171036881969,R,0.006666666666666667,0.0013080944580232388,0.013000000000000001,0.02066666666666667,0.0058022983951764055,Urea,Gluc,0.16749999999999998,0.014759742545180117,0.2555,0.023755350274552188,0.11183333333333334,0.01307775889737144,0.08066666666666666,0.00676592771006148,0.13816666666666666,0.013775380615834578,0.005,0.0,0.1465,0.009935626133599565,0.2555,0.023755350274552188,0.08066666666666666,0.00676592771006148
Urea + Gluc,Bs,R+R,Urea,Gluc,R,R,0.006666666666666667,0.0013080944580232388,R,0.006666666666666667,0.0013080944580232388,R,0.006666666666666667,0.0013080944580232388,0.013333333333333334,0.005,0.0022656860623955235,Urea,Gluc,0.16749999999999998,0.014759742545180117,0.2555,0.023755350274552188,0.11183333333333334,0.01307775889737144,0.08066666666666666,0.00676592771006148,0.13816666666666666,0.013775380615834578,0.005,0.0,0.1465,0.009935626133599565,0.08066666666666666,0.00676592771006148,0.08066666666666666,0.00676592771006148
Urea + Gluc,Bs,C+S,Urea,Gluc,C,S,0.005166666666666667,0.00016666666666666663,C,0.005,0.0,S,0.005,0.0,0.01,0.005,0.00016666666666666663,Urea,Gluc,0.16749999999999998,0.014759742545180117,0.2555,0.023755350274552188,0.11183333333333334,0.01307775889737144,0.08066666666666666,0.00676592771006148,0.13816666666666666,0.013775380615834578,0.005,0.0,0.1465,0.009935626133599565,0.13816666666666666,0.013775380615834578,0.005,0.0
Urea + Gluc,Bs,F+S,Urea,Gluc,F,S,0.03333333333333333,0.003720812336633553,F,0.007166666666666666,0.001376388188137505,S,0.005,0.0,0.012166666666666666,0.021166666666666667,0.003967226851200834,Urea,Gluc,0.16749999999999998,0.014759742545180117,0.2555,0.023755350274552188,0.11183333333333334,0.01307775889737144,0.08066666666666666,0.00676592771006148,0.13816666666666666,0.013775380615834578,0.005,0.0,0.1465,0.009935626133599565,0.11183333333333334,0.01307775889737144,0.005,0.0
Urea + Gluc,Bs,M+S,Urea,Gluc,M,S,0.013666666666666667,0.00275277637627501,M,0.006333333333333333,0.0008819171036881969,S,0.005,0.0,0.011333333333333334,0.005,0.002890597785157173,Urea,Gluc,0.16749999999999998,0.014759742545180117,0.2555,0.023755350274552188,0.11183333333333334,0.01307775889737144,0.08066666666666666,0.00676592771006148,0.13816666666666666,0.013775380615834578,0.005,0.0,0.1465,0.009935626133599565,0.2555,0.023755350274552188,0.005,0.0
Urea + Gluc,Bs,R+S,Urea,Gluc,R,S,0.038,0.013713740068510363,R,0.006666666666666667,0.0013080944580232388,S,0.005,0.0,0.011666666666666667,0.026333333333333334,0.013775985546514548,Urea,Gluc,0.16749999999999998,0.014759742545180117,0.2555,0.023755350274552188,0.11183333333333334,0.01307775889737144,0.08066666666666666,0.00676592771006148,0.13816666666666666,0.013775380615834578,0.005,0.0,0.1465,0.009935626133599565,0.08066666666666666,0.00676592771006148,0.005,0.0
Urea + Gluc,Bs,S+S,Urea,Gluc,S,S,0.005,0.0,S,0.005,0.0,S,0.005,0.0,0.01,0.005,0.0,Urea,Gluc,0.16749999999999998,0.014759742545180117,0.2555,0.023755350274552188,0.11183333333333334,0.01307775889737144,0.08066666666666666,0.00676592771006148,0.13816666666666666,0.013775380615834578,0.005,0.0,0.1465,0.009935626133599565,0.005,0.0,0.005,0.0
Urea + Gluc,Bs,WT+WT,Urea,Gluc,WT,WT,0.16749999999999998,0.014759742545180117,,,,,,,,0.16749999999999998,0.0,Urea,Gluc,0.16749999999999998,0.014759742545180117,0.2555,0.023755350274552188,0.11183333333333334,0.01307775889737144,0.08066666666666666,0.00676592771006148,0.13816666666666666,0.013775380615834578,0.005,0.0,0.1465,0.009935626133599565,0.16749999999999998,0.014759742545180117,0.16749999999999998,0.014759742545180117
Urea + Gluc,Ec,C+C,Urea,Gluc,C,C,0.005,0.0,C,0.005,0.0,C,0.005,0.0,0.01,0.005,0.0,Urea,Gluc,0.08666666666666667,0.013358309939675917,0.09966666666666667,0.007770313878974117,0.09283333333333334,0.010169944826683073,0.07666666666666667,0.009861259779786986,0.08916666666666667,0.012539050114652936,0.074,0.008520563361656316,0.08816666666666667,0.00996131405878651,0.08916666666666667,0.012539050114652936,0.08916666666666667,0.012539050114652936
Urea + Gluc,Ec,F+C,Urea,Gluc,F,C,0.13766666666666666,0.006839428176227728,F,0.13116666666666668,0.019732235329812768,C,0.005,0.0,0.13616666666666669,0.005,0.020883938538716517,Urea,Gluc,0.08666666666666667,0.013358309939675917,0.09966666666666667,0.007770313878974117,0.09283333333333334,0.010169944826683073,0.07666666666666667,0.009861259779786986,0.08916666666666667,0.012539050114652936,0.074,0.008520563361656316,0.08816666666666667,0.00996131405878651,0.09283333333333334,0.010169944826683073,0.08916666666666667,0.012539050114652936
Urea + Gluc,Ec,M+C,Urea,Gluc,M,C,0.008833333333333334,0.0009098229375970787,M,0.005833333333333334,0.0008333333333333334,C,0.005,0.0,0.010833333333333334,0.005,0.0012337837015547832,Urea,Gluc,0.08666666666666667,0.013358309939675917,0.09966666666666667,0.007770313878974117,0.09283333333333334,0.010169944826683073,0.07666666666666667,0.009861259779786986,0.08916666666666667,0.012539050114652936,0.074,0.008520563361656316,0.08816666666666667,0.00996131405878651,0.09966666666666667,0.007770313878974117,0.08916666666666667,0.012539050114652936
Urea + Gluc,Ec,R+C,Urea,Gluc,R,C,0.017333333333333333,0.002403700850309326,R,0.005833333333333334,0.0005426273532033235,C,0.005,0.0,0.010833333333333334,0.006499999999999999,0.0024641879437701623,Urea,Gluc,0.08666666666666667,0.013358309939675917,0.09966666666666667,0.007770313878974117,0.09283333333333334,0.010169944826683073,0.07666666666666667,0.009861259779786986,0.08916666666666667,0.012539050114652936,0.074,0.008520563361656316,0.08816666666666667,0.00996131405878651,0.08916666666666667,0.012539050114652936,0.07666666666666667,0.009861259779786986
Urea + Gluc,Ec,F+F,Urea,Gluc,F,F,0.13116666666666668,0.019732235329812768,F,0.13116666666666668,0.019732235329812768,F,0.13116666666666668,0.019732235329812768,0.26233333333333336,0.005,0.03417723413814134,Urea,Gluc,0.08666666666666667,0.013358309939675917,0.09966666666666667,0.007770313878974117,0.09283333333333334,0.010169944826683073,0.07666666666666667,0.009861259779786986,0.08916666666666667,0.012539050114652936,0.074,0.008520563361656316,0.08816666666666667,0.00996131405878651,0.09283333333333334,0.010169944826683073,0.09283333333333334,0.010169944826683073
Urea + Gluc,Ec,M+F,Urea,Gluc,M,F,0.16383333333333333,0.03476436553586318,M,0.005833333333333334,0.0008333333333333334,F,0.13116666666666668,0.019732235329812768,0.137,0.02683333333333332,0.03998270459419506,Urea,Gluc,0.08666666666666667,0.013358309939675917,0.09966666666666667,0.007770313878974117,0.09283333333333334,0.010169944826683073,0.07666666666666667,0.009861259779786986,0.08916666666666667,0.012539050114652936,0.074,0.008520563361656316,0.08816666666666667,0.00996131405878651,0.09966666666666667,0.007770313878974117,0.09283333333333334,0.010169944826683073
Urea + Gluc,Ec,C+L,Urea,Gluc,C,L,0.013833333333333331,0.0007490735018081412,C,0.005,0.0,L,0.005,0.0,0.01,0.005,0.0007490735018081412,Urea,Gluc,0.08666666666666667,0.013358309939675917,0.09966666666666667,0.007770313878974117,0.09283333333333334,0.010169944826683073,0.07666666666666667,0.009861259779786986,0.08916666666666667,0.012539050114652936,0.074,0.008520563361656316,0.08816666666666667,0.00996131405878651,0.08916666666666667,0.012539050114652936,0.08816666666666667,0.00996131405878651
Urea + Gluc,Ec,F+L,Urea,Gluc,F,L,0.13699999999999998,0.003425395354310697,F,0.13116666666666668,0.019732235329812768,L,0.005,0.0,0.13616666666666669,0.005,0.02002734242091158,Urea,Gluc,0.08666666666666667,0.013358309939675917,0.09966666666666667,0.007770313878974117,0.09283333333333334,0.010169944826683073,0.07666666666666667,0.009861259779786986,0.08916666666666667,0.012539050114652936,0.074,0.008520563361656316,0.08816666666666667,0.00996131405878651,0.09283333333333334,0.010169944826683073,0.08816666666666667,0.00996131405878651
Urea + Gluc,Ec,L+L,Urea,Gluc,L,L,0.005,0.0,L,0.005,0.0,L,0.005,0.0,0.01,0.005,0.0,Urea,Gluc,0.08666666666666667,0.013358309939675917,0.09966666666666667,0.007770313878974117,0.09283333333333334,0.010169944826683073,0.07666666666666667,0.009861259779786986,0.08916666666666667,0.012539050114652936,0.074,0.008520563361656316,0.08816666666666667,0.00996131405878651,0.08816666666666667,0.00996131405878651,0.08816666666666667,0.00996131405878651
Urea + Gluc,Ec,M+L,Urea,Gluc,M,L,0.073,0.012516655570345725,M,0.005833333333333334,0.0008333333333333334,L,0.005,0.0,0.010833333333333334,0.06216666666666666,0.012544365711789142,Urea,Gluc,0.08666666666666667,0.013358309939675917,0.09966666666666667,0.007770313878974117,0.09283333333333334,0.010169944826683073,0.07666666666666667,0.009861259779786986,0.08916666666666667,0.012539050114652936,0.074,0.008520563361656316,0.08816666666666667,0.00996131405878651,0.09966666666666667,0.007770313878974117,0.08816666666666667,0.00996131405878651
Urea + Gluc,Ec,R+L,Urea,Gluc,R,L,0.019,0.00695221787153807,R,0.005833333333333334,0.0005426273532033235,L,0.005,0.0,0.010833333333333334,0.008166666666666666,0.00697336201396269,Urea,Gluc,0.08666666666666667,0.013358309939675917,0.09966666666666667,0.007770313878974117,0.09283333333333334,0.010169944826683073,0.07666666666666667,0.009861259779786986,0.08916666666666667,0.012539050114652936,0.074,0.008520563361656316,0.08816666666666667,0.00996131405878651,0.08816666666666667,0.00996131405878651,0.07666666666666667,0.009861259779786986
Urea + Gluc,Ec,S+L,Urea,Gluc,S,L,0.008833333333333334,0.0013017082793177757,S,0.005,0.0,L,0.005,0.0,0.01,0.005,0.0013017082793177757,Urea,Gluc,0.08666666666666667,0.013358309939675917,0.09966666666666667,0.007770313878974117,0.09283333333333334,0.010169944826683073,0.07666666666666667,0.009861259779786986,0.08916666666666667,0.012539050114652936,0.074,0.008520563361656316,0.08816666666666667,0.00996131405878651,0.08816666666666667,0.00996131405878651,0.074,0.008520563361656316
Urea + Gluc,Ec,M+M,Urea,Gluc,M,M,0.005833333333333334,0.0008333333333333334,M,0.005833333333333334,0.0008333333333333334,M,0.005833333333333334,0.0008333333333333334,0.011666666666666667,0.005,0.0014433756729740645,Urea,Gluc,0.08666666666666667,0.013358309939675917,0.09966666666666667,0.007770313878974117,0.09283333333333334,0.010169944826683073,0.07666666666666667,0.009861259779786986,0.08916666666666667,0.012539050114652936,0.074,0.008520563361656316,0.08816666666666667,0.00996131405878651,0.09966666666666667,0.007770313878974117,0.09966666666666667,0.007770313878974117
Urea + Gluc,Ec,F+R,Urea,Gluc,F,R,0.14533333333333334,0.00625921542829273,F,0.13116666666666668,0.019732235329812768,R,0.005833333333333334,0.0005426273532033235,0.137,0.008333333333333331,0.02070829141511519,Urea,Gluc,0.08666666666666667,0.013358309939675917,0.09966666666666667,0.007770313878974117,0.09283333333333334,0.010169944826683073,0.07666666666666667,0.009861259779786986,0.08916666666666667,0.012539050114652936,0.074,0.008520563361656316,0.08816666666666667,0.00996131405878651,0.09283333333333334,0.010169944826683073,0.07666666666666667,0.009861259779786986
Urea + Gluc,Ec,M+R,Urea,Gluc,M,R,0.09533333333333333,0.00589161362540952,M,0.005833333333333334,0.0008333333333333334,R,0.005833333333333334,0.0005426273532033235,0.011666666666666667,0.08366666666666665,0.005974947698515862,Urea,Gluc,0.08666666666666667,0.013358309939675917,0.09966666666666667,0.007770313878974117,0.09283333333333334,0.010169944826683073,0.07666666666666667,0.009861259779786986,0.08916666666666667,0.012539050114652936,0.074,0.008520563361656316,0.08816666666666667,0.00996131405878651,0.09966666666666667,0.007770313878974117,0.07666666666666667,0.009861259779786986
Urea + Gluc,Ec,R+R,Urea,Gluc,R,R,0.005833333333333334,0.0005426273532033235,R,0.005833333333333334,0.0005426273532033235,R,0.005833333333333334,0.0005426273532033235,0.011666666666666667,0.005,0.0009398581453247789,Urea,Gluc,0.08666666666666667,0.013358309939675917,0.09966666666666667,0.007770313878974117,0.09283333333333334,0.010169944826683073,0.07666666666666667,0.009861259779786986,0.08916666666666667,0.012539050114652936,0.074,0.008520563361656316,0.08816666666666667,0.00996131405878651,0.07666666666666667,0.009861259779786986,0.07666666666666667,0.009861259779786986
Urea + Gluc,Ec,C+S,Urea,Gluc,C,S,0.006333333333333334,0.0006146362971528592,C,0.005,0.0,S,0.005,0.0,0.01,0.005,0.0006146362971528592,Urea,Gluc,0.08666666666666667,0.013358309939675917,0.09966666666666667,0.007770313878974117,0.09283333333333334,0.010169944826683073,0.07666666666666667,0.009861259779786986,0.08916666666666667,0.012539050114652936,0.074,0.008520563361656316,0.08816666666666667,0.00996131405878651,0.08916666666666667,0.012539050114652936,0.074,0.008520563361656316
Urea + Gluc,Ec,F+S,Urea,Gluc,F,S,0.16375,0.0017017148213885125,F,0.13116666666666668,0.019732235329812768,S,0.005,0.0,0.13616666666666669,0.02758333333333332,0.019805477637372053,Urea,Gluc,0.08666666666666667,0.013358309939675917,0.09966666666666667,0.007770313878974117,0.09283333333333334,0.010169944826683073,0.07666666666666667,0.009861259779786986,0.08916666666666667,0.012539050114652936,0.074,0.008520563361656316,0.08816666666666667,0.00996131405878651,0.09283333333333334,0.010169944826683073,0.074,0.008520563361656316
Urea + Gluc,Ec,M+S,Urea,Gluc,M,S,0.022833333333333334,0.003534748144414881,M,0.005833333333333334,0.0008333333333333334,S,0.005,0.0,0.010833333333333334,0.012,0.003631650986657293,Urea,Gluc,0.08666666666666667,0.013358309939675917,0.09966666666666667,0.007770313878974117,0.09283333333333334,0.010169944826683073,0.07666666666666667,0.009861259779786986,0.08916666666666667,0.012539050114652936,0.074,0.008520563361656316,0.08816666666666667,0.00996131405878651,0.09966666666666667,0.007770313878974117,0.074,0.008520563361656316
Urea + Gluc,Ec,R+S,Urea,Gluc,R,S,0.015666666666666666,0.002894439112812322,R,0.005833333333333334,0.0005426273532033235,S,0.005,0.0,0.010833333333333334,0.005,0.0029448637018073052,Urea,Gluc,0.08666666666666667,0.013358309939675917,0.09966666666666667,0.007770313878974117,0.09283333333333334,0.010169944826683073,0.07666666666666667,0.009861259779786986,0.08916666666666667,0.012539050114652936,0.074,0.008520563361656316,0.08816666666666667,0.00996131405878651,0.07666666666666667,0.009861259779786986,0.074,0.008520563361656316
Urea + Gluc,Ec,S+S,Urea,Gluc,S,S,0.005,0.0,S,0.005,0.0,S,0.005,0.0,0.01,0.005,0.0,Urea,Gluc,0.08666666666666667,0.013358309939675917,0.09966666666666667,0.007770313878974117,0.09283333333333334,0.010169944826683073,0.07666666666666667,0.009861259779786986,0.08916666666666667,0.012539050114652936,0.074,0.008520563361656316,0.08816666666666667,0.00996131405878651,0.074,0.008520563361656316,0.074,0.008520563361656316
Urea + Gluc,Ec,WT+WT,Urea,Gluc,WT,WT,0.08666666666666667,0.013358309939675917,,,,,,,,0.08666666666666667,0.0,Urea,Gluc,0.08666666666666667,0.013358309939675917,0.09966666666666667,0.007770313878974117,0.09283333333333334,0.010169944826683073,0.07666666666666667,0.009861259779786986,0.08916666666666667,0.012539050114652936,0.074,0.008520563361656316,0.08816666666666667,0.00996131405878651,0.08666666666666667,0.013358309939675917,0.08666666666666667,0.013358309939675917
Urea + Gly,Bs,C+C,Urea,Gly,C,C,0.005,0.0,C,0.005,0.0,C,0.005,0.0,0.01,0.005,0.0,Urea,Gly,0.04733333333333334,0.001686548085423136,0.07733333333333334,0.007605553526499202,0.005,0.0,0.03783333333333334,0.004292758760724598,0.12516666666666668,0.028451615849445965,0.005,0.0,0.029833333333333333,0.012496443938621545,0.12516666666666668,0.028451615849445965,0.12516666666666668,0.028451615849445965
Urea + Gly,Bs,F+C,Urea,Gly,F,C,0.012499999999999999,0.004745172985958116,F,0.005,0.0,C,0.005,0.0,0.01,0.005,0.004745172985958116,Urea,Gly,0.04733333333333334,0.001686548085423136,0.07733333333333334,0.007605553526499202,0.005,0.0,0.03783333333333334,0.004292758760724598,0.12516666666666668,0.028451615849445965,0.005,0.0,0.029833333333333333,0.012496443938621545,0.12516666666666668,0.028451615849445965,0.005,0.0
Urea + Gly,Bs,M+C,Urea,Gly,M,C,0.008,0.0019148542155126762,M,0.006166666666666667,0.0007490735018081412,C,0.005,0.0,0.011166666666666667,0.005,0.002056156068438818,Urea,Gly,0.04733333333333334,0.001686548085423136,0.07733333333333334,0.007605553526499202,0.005,0.0,0.03783333333333334,0.004292758760724598,0.12516666666666668,0.028451615849445965,0.005,0.0,0.029833333333333333,0.012496443938621545,0.12516666666666668,0.028451615849445965,0.07733333333333334,0.007605553526499202
Urea + Gly,Bs,R+C,Urea,Gly,R,C,0.0195,0.003905124837953327,R,0.005166666666666667,0.00016666666666666663,C,0.005,0.0,0.010166666666666668,0.009333333333333332,0.0039086797998528575,Urea,Gly,0.04733333333333334,0.001686548085423136,0.07733333333333334,0.007605553526499202,0.005,0.0,0.03783333333333334,0.004292758760724598,0.12516666666666668,0.028451615849445965,0.005,0.0,0.029833333333333333,0.012496443938621545,0.12516666666666668,0.028451615849445965,0.03783333333333334,0.004292758760724598
Urea + Gly,Bs,F+F,Urea,Gly,F,F,0.005,0.0,F,0.005,0.0,F,0.005,0.0,0.01,0.005,0.0,Urea,Gly,0.04733333333333334,0.001686548085423136,0.07733333333333334,0.007605553526499202,0.005,0.0,0.03783333333333334,0.004292758760724598,0.12516666666666668,0.028451615849445965,0.005,0.0,0.029833333333333333,0.012496443938621545,0.005,0.0,0.005,0.0
Urea + Gly,Bs,M+F,Urea,Gly,M,F,0.012666666666666666,0.004876246279442597,M,0.006166666666666667,0.0007490735018081412,F,0.005,0.0,0.011166666666666667,0.005,0.004933445944660678,Urea,Gly,0.04733333333333334,0.001686548085423136,0.07733333333333334,0.007605553526499202,0.005,0.0,0.03783333333333334,0.004292758760724598,0.12516666666666668,0.028451615849445965,0.005,0.0,0.029833333333333333,0.012496443938621545,0.07733333333333334,0.007605553526499202,0.005,0.0
Urea + Gly,Bs,C+L,Urea,Gly,C,L,0.006666666666666667,0.0016666666666666668,C,0.005,0.0,L,0.005,0.0,0.01,0.005,0.0016666666666666668,Urea,Gly,0.04733333333333334,0.001686548085423136,0.07733333333333334,0.007605553526499202,0.005,0.0,0.03783333333333334,0.004292758760724598,0.12516666666666668,0.028451615849445965,0.005,0.0,0.029833333333333333,0.012496443938621545,0.12516666666666668,0.028451615849445965,0.029833333333333333,0.012496443938621545
Urea + Gly,Bs,F+L,Urea,Gly,F,L,0.005,0.0,F,0.005,0.0,L,0.005,0.0,0.01,0.005,0.0,Urea,Gly,0.04733333333333334,0.001686548085423136,0.07733333333333334,0.007605553526499202,0.005,0.0,0.03783333333333334,0.004292758760724598,0.12516666666666668,0.028451615849445965,0.005,0.0,0.029833333333333333,0.012496443938621545,0.029833333333333333,0.012496443938621545,0.005,0.0
Urea + Gly,Bs,L+L,Urea,Gly,L,L,0.005,0.0,L,0.005,0.0,L,0.005,0.0,0.01,0.005,0.0,Urea,Gly,0.04733333333333334,0.001686548085423136,0.07733333333333334,0.007605553526499202,0.005,0.0,0.03783333333333334,0.004292758760724598,0.12516666666666668,0.028451615849445965,0.005,0.0,0.029833333333333333,0.012496443938621545,0.029833333333333333,0.012496443938621545,0.029833333333333333,0.012496443938621545
Urea + Gly,Bs,M+L,Urea,Gly,M,L,0.012666666666666666,0.004022160834399561,M,0.006166666666666667,0.0007490735018081412,L,0.005,0.0,0.011166666666666667,0.005,0.0040913187224767625,Urea,Gly,0.04733333333333334,0.001686548085423136,0.07733333333333334,0.007605553526499202,0.005,0.0,0.03783333333333334,0.004292758760724598,0.12516666666666668,0.028451615849445965,0.005,0.0,0.029833333333333333,0.012496443938621545,0.07733333333333334,0.007605553526499202,0.029833333333333333,0.012496443938621545
Urea + Gly,Bs,R+L,Urea,Gly,R,L,0.026,0.004926120853842978,R,0.005166666666666667,0.00016666666666666663,L,0.005,0.0,0.010166666666666668,0.01583333333333333,0.004928939484761854,Urea,Gly,0.04733333333333334,0.001686548085423136,0.07733333333333334,0.007605553526499202,0.005,0.0,0.03783333333333334,0.004292758760724598,0.12516666666666668,0.028451615849445965,0.005,0.0,0.029833333333333333,0.012496443938621545,0.03783333333333334,0.004292758760724598,0.029833333333333333,0.012496443938621545
Urea + Gly,Bs,S+L,Urea,Gly,S,L,0.007833333333333333,0.0018333333333333333,S,0.005,0.0,L,0.005,0.0,0.01,0.005,0.0018333333333333333,Urea,Gly,0.04733333333333334,0.001686548085423136,0.07733333333333334,0.007605553526499202,0.005,0.0,0.03783333333333334,0.004292758760724598,0.12516666666666668,0.028451615849445965,0.005,0.0,0.029833333333333333,0.012496443938621545,0.029833333333333333,0.012496443938621545,0.005,0.0
Urea + Gly,Bs,M+M,Urea,Gly,M,M,0.006166666666666667,0.0007490735018081412,M,0.006166666666666667,0.0007490735018081412,M,0.006166666666666667,0.0007490735018081412,0.012333333333333333,0.005,0.0012974333637352379,Urea,Gly,0.04733333333333334,0.001686548085423136,0.07733333333333334,0.007605553526499202,0.005,0.0,0.03783333333333334,0.004292758760724598,0.12516666666666668,0.028451615849445965,0.005,0.0,0.029833333333333333,0.012496443938621545,0.07733333333333334,0.007605553526499202,0.07733333333333334,0.007605553526499202
Urea + Gly,Bs,F+R,Urea,Gly,F,R,0.023000000000000003,0.0036696957185394364,F,0.005,0.0,R,0.005166666666666667,0.00016666666666666663,0.010166666666666668,0.012833333333333335,0.0036734785210266914,Urea,Gly,0.04733333333333334,0.001686548085423136,0.07733333333333334,0.007605553526499202,0.005,0.0,0.03783333333333334,0.004292758760724598,0.12516666666666668,0.028451615849445965,0.005,0.0,0.029833333333333333,0.012496443938621545,0.03783333333333334,0.004292758760724598,0.005,0.0
Urea + Gly,Bs,M+R,Urea,Gly,M,R,0.0305,0.006520480554887552,M,0.006166666666666667,0.0007490735018081412,R,0.005166666666666667,0.00016666666666666663,0.011333333333333334,0.019166666666666665,0.006565482126664847,Urea,Gly,0.04733333333333334,0.001686548085423136,0.07733333333333334,0.007605553526499202,0.005,0.0,0.03783333333333334,0.004292758760724598,0.12516666666666668,0.028451615849445965,0.005,0.0,0.029833333333333333,0.012496443938621545,0.07733333333333334,0.007605553526499202,0.03783333333333334,0.004292758760724598
Urea + Gly,Bs,R+R,Urea,Gly,R,R,0.005166666666666667,0.00016666666666666663,R,0.005166666666666667,0.00016666666666666663,R,0.005166666666666667,0.00016666666666666663,0.010333333333333333,0.005,0.00028867513459481284,Urea,Gly,0.04733333333333334,0.001686548085423136,0.07733333333333334,0.007605553526499202,0.005,0.0,0.03783333333333334,0.004292758760724598,0.12516666666666668,0.028451615849445965,0.005,0.0,0.029833333333333333,0.012496443938621545,0.03783333333333334,0.004292758760724598,0.03783333333333334,0.004292758760724598
Urea + Gly,Bs,C+S,Urea,Gly,C,S,0.005,0.0,C,0.005,0.0,S,0.005,0.0,0.01,0.005,0.0,Urea,Gly,0.04733333333333334,0.001686548085423136,0.07733333333333334,0.007605553526499202,0.005,0.0,0.03783333333333334,0.004292758760724598,0.12516666666666668,0.028451615849445965,0.005,0.0,0.029833333333333333,0.012496443938621545,0.12516666666666668,0.028451615849445965,0.005,0.0
Urea + Gly,Bs,F+S,Urea,Gly,F,S,0.011833333333333333,0.002006932429798716,F,0.005,0.0,S,0.005,0.0,0.01,0.005,0.002006932429798716,Urea,Gly,0.04733333333333334,0.001686548085423136,0.07733333333333334,0.007605553526499202,0.005,0.0,0.03783333333333334,0.004292758760724598,0.12516666666666668,0.028451615849445965,0.005,0.0,0.029833333333333333,0.012496443938621545,0.005,0.0,0.005,0.0
Urea + Gly,Bs,M+S,Urea,Gly,M,S,0.010833333333333334,0.0024551533104427057,M,0.006166666666666667,0.0007490735018081412,S,0.005,0.0,0.011166666666666667,0.005,0.0025668831077571273,Urea,Gly,0.04733333333333334,0.001686548085423136,0.07733333333333334,0.007605553526499202,0.005,0.0,0.03783333333333334,0.004292758760724598,0.12516666666666668,0.028451615849445965,0.005,0.0,0.029833333333333333,0.012496443938621545,0.07733333333333334,0.007605553526499202,0.005,0.0
Urea + Gly,Bs,R+S,Urea,Gly,R,S,0.022500000000000003,0.0033936214677931695,R,0.005166666666666667,0.00016666666666666663,S,0.005,0.0,0.010166666666666668,0.012333333333333335,0.0033977116482192017,Urea,Gly,0.04733333333333334,0.001686548085423136,0.07733333333333334,0.007605553526499202,0.005,0.0,0.03783333333333334,0.004292758760724598,0.12516666666666668,0.028451615849445965,0.005,0.0,0.029833333333333333,0.012496443938621545,0.03783333333333334,0.004292758760724598,0.005,0.0
Urea + Gly,Bs,S+S,Urea,Gly,S,S,0.005,0.0,S,0.005,0.0,S,0.005,0.0,0.01,0.005,0.0,Urea,Gly,0.04733333333333334,0.001686548085423136,0.07733333333333334,0.007605553526499202,0.005,0.0,0.03783333333333334,0.004292758760724598,0.12516666666666668,0.028451615849445965,0.005,0.0,0.029833333333333333,0.012496443938621545,0.005,0.0,0.005,0.0
Urea + Gly,Bs,WT+WT,Urea,Gly,WT,WT,0.04733333333333334,0.001686548085423136,,,,,,,,0.04733333333333334,0.0,Urea,Gly,0.04733333333333334,0.001686548085423136,0.07733333333333334,0.007605553526499202,0.005,0.0,0.03783333333333334,0.004292758760724598,0.12516666666666668,0.028451615849445965,0.005,0.0,0.029833333333333333,0.012496443938621545,0.04733333333333334,0.001686548085423136,0.04733333333333334,0.001686548085423136
Urea + Gly,Ec,C+C,Urea,Gly,C,C,0.005,0.0,C,0.005,0.0,C,0.005,0.0,0.01,0.005,0.0,Urea,Gly,0.2801666666666667,0.02766395569047284,0.22333333333333336,0.011943384965931744,0.33866666666666667,0.05654830776522946,0.32766666666666666,0.04947906403498128,0.118,0.001612451549659709,0.1645,0.046493547939472205,0.18666666666666668,0.015871707882616513,0.118,0.001612451549659709,0.118,0.001612451549659709
Urea + Gly,Ec,F+C,Urea,Gly,F,C,0.0385,0.0016278820596099708,F,0.0155,0.003211956828269438,C,0.005,0.0,0.0205,0.018,0.0036009258068817065,Urea,Gly,0.2801666666666667,0.02766395569047284,0.22333333333333336,0.011943384965931744,0.33866666666666667,0.05654830776522946,0.32766666666666666,0.04947906403498128,0.118,0.001612451549659709,0.1645,0.046493547939472205,0.18666666666666668,0.015871707882616513,0.33866666666666667,0.05654830776522946,0.118,0.001612451549659709
Urea + Gly,Ec,M+C,Urea,Gly,M,C,0.005833333333333334,0.00040138648595974325,M,0.005166666666666667,0.00016666666666666663,C,0.005,0.0,0.010166666666666668,0.005,0.00043461349368017663,Urea,Gly,0.2801666666666667,0.02766395569047284,0.22333333333333336,0.011943384965931744,0.33866666666666667,0.05654830776522946,0.32766666666666666,0.04947906403498128,0.118,0.001612451549659709,0.1645,0.046493547939472205,0.18666666666666668,0.015871707882616513,0.22333333333333336,0.011943384965931744,0.118,0.001612451549659709
Urea + Gly,Ec,R+C,Urea,Gly,R,C,0.008166666666666668,0.0013017082793177755,R,0.005166666666666667,0.00016666666666666663,C,0.005,0.0,0.010166666666666668,0.005,0.001312334645668635,Urea,Gly,0.2801666666666667,0.02766395569047284,0.22333333333333336,0.011943384965931744,0.33866666666666667,0.05654830776522946,0.32766666666666666,0.04947906403498128,0.118,0.001612451549659709,0.1645,0.046493547939472205,0.18666666666666668,0.015871707882616513,0.32766666666666666,0.04947906403498128,0.118,0.001612451549659709
Urea + Gly,Ec,F+F,Urea,Gly,F,F,0.0155,0.003211956828269438,F,0.0155,0.003211956828269438,F,0.0155,0.003211956828269438,0.031,0.005,0.00556327241828045,Urea,Gly,0.2801666666666667,0.02766395569047284,0.22333333333333336,0.011943384965931744,0.33866666666666667,0.05654830776522946,0.32766666666666666,0.04947906403498128,0.118,0.001612451549659709,0.1645,0.046493547939472205,0.18666666666666668,0.015871707882616513,0.33866666666666667,0.05654830776522946,0.33866666666666667,0.05654830776522946
Urea + Gly,Ec,M+F,Urea,Gly,M,F,0.17433333333333334,0.08298460365901886,M,0.005166666666666667,0.00016666666666666663,F,0.0155,0.003211956828269438,0.020666666666666667,0.15366666666666667,0.08304690776235374,Urea,Gly,0.2801666666666667,0.02766395569047284,0.22333333333333336,0.011943384965931744,0.33866666666666667,0.05654830776522946,0.32766666666666666,0.04947906403498128,0.118,0.001612451549659709,0.1645,0.046493547939472205,0.18666666666666668,0.015871707882616513,0.33866666666666667,0.05654830776522946,0.22333333333333336,0.011943384965931744
Urea + Gly,Ec,C+L,Urea,Gly,C,L,0.009,0.0006831300510639733,C,0.005,0.0,L,0.005,0.0,0.01,0.005,0.0006831300510639733,Urea,Gly,0.2801666666666667,0.02766395569047284,0.22333333333333336,0.011943384965931744,0.33866666666666667,0.05654830776522946,0.32766666666666666,0.04947906403498128,0.118,0.001612451549659709,0.1645,0.046493547939472205,0.18666666666666668,0.015871707882616513,0.18666666666666668,0.015871707882616513,0.118,0.001612451549659709
Urea + Gly,Ec,F+L,Urea,Gly,F,L,0.028499999999999998,0.0021095023109728994,F,0.0155,0.003211956828269438,L,0.005,0.0,0.0205,0.007999999999999997,0.003842742076521227,Urea,Gly,0.2801666666666667,0.02766395569047284,0.22333333333333336,0.011943384965931744,0.33866666666666667,0.05654830776522946,0.32766666666666666,0.04947906403498128,0.118,0.001612451549659709,0.1645,0.046493547939472205,0.18666666666666668,0.015871707882616513,0.33866666666666667,0.05654830776522946,0.18666666666666668,0.015871707882616513
Urea + Gly,Ec,L+L,Urea,Gly,L,L,0.005,0.0,L,0.005,0.0,L,0.005,0.0,0.01,0.005,0.0,Urea,Gly,0.2801666666666667,0.02766395569047284,0.22333333333333336,0.011943384965931744,0.33866666666666667,0.05654830776522946,0.32766666666666666,0.04947906403498128,0.118,0.001612451549659709,0.1645,0.046493547939472205,0.18666666666666668,0.015871707882616513,0.18666666666666668,0.015871707882616513,0.18666666666666668,0.015871707882616513
Urea + Gly,Ec,M+L,Urea,Gly,M,L,0.02,0.002033060090930254,M,0.005166666666666667,0.00016666666666666663,L,0.005,0.0,0.010166666666666668,0.009833333333333333,0.0020398801707725654,Urea,Gly,0.2801666666666667,0.02766395569047284,0.22333333333333336,0.011943384965931744,0.33866666666666667,0.05654830776522946,0.32766666666666666,0.04947906403498128,0.118,0.001612451549659709,0.1645,0.046493547939472205,0.18666666666666668,0.015871707882616513,0.22333333333333336,0.011943384965931744,0.18666666666666668,0.015871707882616513
Urea + Gly,Ec,R+L,Urea,Gly,R,L,0.009166666666666667,0.0026635398334630637,R,0.005166666666666667,0.00016666666666666663,L,0.005,0.0,0.010166666666666668,0.005,0.0026687491868330796,Urea,Gly,0.2801666666666667,0.02766395569047284,0.22333333333333336,0.011943384965931744,0.33866666666666667,0.05654830776522946,0.32766666666666666,0.04947906403498128,0.118,0.001612451549659709,0.1645,0.046493547939472205,0.18666666666666668,0.015871707882616513,0.32766666666666666,0.04947906403498128,0.18666666666666668,0.015871707882616513
Urea + Gly,Ec,S+L,Urea,Gly,S,L,0.006833333333333334,0.00030731814857642953,S,0.005,0.0,L,0.005,0.0,0.01,0.005,0.00030731814857642953,Urea,Gly,0.2801666666666667,0.02766395569047284,0.22333333333333336,0.011943384965931744,0.33866666666666667,0.05654830776522946,0.32766666666666666,0.04947906403498128,0.118,0.001612451549659709,0.1645,0.046493547939472205,0.18666666666666668,0.015871707882616513,0.18666666666666668,0.015871707882616513,0.1645,0.046493547939472205
Urea + Gly,Ec,M+M,Urea,Gly,M,M,0.005166666666666667,0.00016666666666666663,M,0.005166666666666667,0.00016666666666666663,M,0.005166666666666667,0.00016666666666666663,0.010333333333333333,0.005,0.00028867513459481284,Urea,Gly,0.2801666666666667,0.02766395569047284,0.22333333333333336,0.011943384965931744,0.33866666666666667,0.05654830776522946,0.32766666666666666,0.04947906403498128,0.118,0.001612451549659709,0.1645,0.046493547939472205,0.18666666666666668,0.015871707882616513,0.22333333333333336,0.011943384965931744,0.22333333333333336,0.011943384965931744
Urea + Gly,Ec,F+R,Urea,Gly,F,R,0.030333333333333334,0.0030840089349921,F,0.0155,0.003211956828269438,R,0.005166666666666667,0.00016666666666666663,0.020666666666666667,0.009666666666666667,0.004455957310786937,Urea,Gly,0.2801666666666667,0.02766395569047284,0.22333333333333336,0.011943384965931744,0.33866666666666667,0.05654830776522946,0.32766666666666666,0.04947906403498128,0.118,0.001612451549659709,0.1645,0.046493547939472205,0.18666666666666668,0.015871707882616513,0.33866666666666667,0.05654830776522946,0.32766666666666666,0.04947906403498128
Urea + Gly,Ec,M+R,Urea,Gly,M,R,0.034999999999999996,0.004273952113286561,M,0.005166666666666667,0.00016666666666666663,R,0.005166666666666667,0.00016666666666666663,0.010333333333333333,0.024666666666666663,0.004280446497997869,Urea,Gly,0.2801666666666667,0.02766395569047284,0.22333333333333336,0.011943384965931744,0.33866666666666667,0.05654830776522946,0.32766666666666666,0.04947906403498128,0.118,0.001612451549659709,0.1645,0.046493547939472205,0.18666666666666668,0.015871707882616513,0.32766666666666666,0.04947906403498128,0.22333333333333336,0.011943384965931744
Urea + Gly,Ec,R+R,Urea,Gly,R,R,0.005166666666666667,0.00016666666666666663,R,0.005166666666666667,0.00016666666666666663,R,0.005166666666666667,0.00016666666666666663,0.010333333333333333,0.005,0.00028867513459481284,Urea,Gly,0.2801666666666667,0.02766395569047284,0.22333333333333336,0.011943384965931744,0.33866666666666667,0.05654830776522946,0.32766666666666666,0.04947906403498128,0.118,0.001612451549659709,0.1645,0.046493547939472205,0.18666666666666668,0.015871707882616513,0.32766666666666666,0.04947906403498128,0.32766666666666666,0.04947906403498128
Urea + Gly,Ec,C+S,Urea,Gly,C,S,0.005,0.0,C,0.005,0.0,S,0.005,0.0,0.01,0.005,0.0,Urea,Gly,0.2801666666666667,0.02766395569047284,0.22333333333333336,0.011943384965931744,0.33866666666666667,0.05654830776522946,0.32766666666666666,0.04947906403498128,0.118,0.001612451549659709,0.1645,0.046493547939472205,0.18666666666666668,0.015871707882616513,0.1645,0.046493547939472205,0.118,0.001612451549659709
Urea + Gly,Ec,F+S,Urea,Gly,F,S,0.03325,0.002056493779875509,F,0.0155,0.003211956828269438,S,0.005,0.0,0.0205,0.012750000000000001,0.0038139000161689254,Urea,Gly,0.2801666666666667,0.02766395569047284,0.22333333333333336,0.011943384965931744,0.33866666666666667,0.05654830776522946,0.32766666666666666,0.04947906403498128,0.118,0.001612451549659709,0.1645,0.046493547939472205,0.18666666666666668,0.015871707882616513,0.33866666666666667,0.05654830776522946,0.1645,0.046493547939472205
Urea + Gly,Ec,M+S,Urea,Gly,M,S,0.014833333333333332,0.002713136766016618,M,0.005166666666666667,0.00016666666666666663,S,0.005,0.0,0.010166666666666668,0.005,0.0027182510717166817,Urea,Gly,0.2801666666666667,0.02766395569047284,0.22333333333333336,0.011943384965931744,0.33866666666666667,0.05654830776522946,0.32766666666666666,0.04947906403498128,0.118,0.001612451549659709,0.1645,0.046493547939472205,0.18666666666666668,0.015871707882616513,0.22333333333333336,0.011943384965931744,0.1645,0.046493547939472205
Urea + Gly,Ec,R+S,Urea,Gly,R,S,0.010333333333333333,0.0015202339001321838,R,0.005166666666666667,0.00016666666666666663,S,0.005,0.0,0.010166666666666668,0.005,0.0015293426329272615,Urea,Gly,0.2801666666666667,0.02766395569047284,0.22333333333333336,0.011943384965931744,0.33866666666666667,0.05654830776522946,0.32766666666666666,0.04947906403498128,0.118,0.001612451549659709,0.1645,0.046493547939472205,0.18666666666666668,0.015871707882616513,0.32766666666666666,0.04947906403498128,0.1645,0.046493547939472205
Urea + Gly,Ec,S+S,Urea,Gly,S,S,0.005,0.0,S,0.005,0.0,S,0.005,0.0,0.01,0.005,0.0,Urea,Gly,0.2801666666666667,0.02766395569047284,0.22333333333333336,0.011943384965931744,0.33866666666666667,0.05654830776522946,0.32766666666666666,0.04947906403498128,0.118,0.001612451549659709,0.1645,0.046493547939472205,0.18666666666666668,0.015871707882616513,0.1645,0.046493547939472205,0.1645,0.046493547939472205
Urea + Gly,Ec,WT+WT,Urea,Gly,WT,WT,0.2801666666666667,0.02766395569047284,,,,,,,,0.2801666666666667,0.0,Urea,Gly,0.2801666666666667,0.02766395569047284,0.22333333333333336,0.011943384965931744,0.33866666666666667,0.05654830776522946,0.32766666666666666,0.04947906403498128,0.118,0.001612451549659709,0.1645,0.046493547939472205,0.18666666666666668,0.015871707882616513,0.2801666666666667,0.02766395569047284,0.2801666666666667,0.02766395569047284
Urea + NoC,Bs,C+C,Urea,NoC,C,C,0.005,0.0,C,0.005,0.0,C,0.005,0.0,0.01,0.005,0.0,Urea,NoC,0.005,0.0,0.005,0.0,0.005,0.0,0.005,0.0,0.005,0.0,0.005,0.0,0.005,0.0,0.005,0.0,0.005,0.0
Urea + NoC,Bs,F+C,Urea,NoC,F,C,0.005,0.0,F,0.005,0.0,C,0.005,0.0,0.01,0.005,0.0,Urea,NoC,0.005,0.0,0.005,0.0,0.005,0.0,0.005,0.0,0.005,0.0,0.005,0.0,0.005,0.0,0.005,0.0,0.005,0.0
Urea + NoC,Bs,M+C,Urea,NoC,M,C,0.005,0.0,M,0.005,0.0,C,0.005,0.0,0.01,0.005,0.0,Urea,NoC,0.005,0.0,0.005,0.0,0.005,0.0,0.005,0.0,0.005,0.0,0.005,0.0,0.005,0.0,0.005,0.0,0.005,0.0
Urea + NoC,Bs,R+C,Urea,NoC,R,C,0.005,0.0,R,0.005,0.0,C,0.005,0.0,0.01,0.005,0.0,Urea,NoC,0.005,0.0,0.005,0.0,0.005,0.0,0.005,0.0,0.005,0.0,0.005,0.0,0.005,0.0,0.005,0.0,0.005,0.0
Urea + NoC,Bs,F+F,Urea,NoC,F,F,0.005,0.0,F,0.005,0.0,F,0.005,0.0,0.01,0.005,0.0,Urea,NoC,0.005,0.0,0.005,0.0,0.005,0.0,0.005,0.0,0.005,0.0,0.005,0.0,0.005,0.0,0.005,0.0,0.005,0.0
Urea + NoC,Bs,M+F,Urea,NoC,M,F,0.005,0.0,M,0.005,0.0,F,0.005,0.0,0.01,0.005,0.0,Urea,NoC,0.005,0.0,0.005,0.0,0.005,0.0,0.005,0.0,0.005,0.0,0.005,0.0,0.005,0.0,0.005,0.0,0.005,0.0
Urea + NoC,Bs,C+L,Urea,NoC,C,L,0.005,0.0,C,0.005,0.0,L,0.005,0.0,0.01,0.005,0.0,Urea,NoC,0.005,0.0,0.005,0.0,0.005,0.0,0.005,0.0,0.005,0.0,0.005,0.0,0.005,0.0,0.005,0.0,0.005,0.0
Urea + NoC,Bs,F+L,Urea,NoC,F,L,0.005,0.0,F,0.005,0.0,L,0.005,0.0,0.01,0.005,0.0,Urea,NoC,0.005,0.0,0.005,0.0,0.005,0.0,0.005,0.0,0.005,0.0,0.005,0.0,0.005,0.0,0.005,0.0,0.005,0.0
Urea + NoC,Bs,L+L,Urea,NoC,L,L,0.005,0.0,L,0.005,0.0,L,0.005,0.0,0.01,0.005,0.0,Urea,NoC,0.005,0.0,0.005,0.0,0.005,0.0,0.005,0.0,0.005,0.0,0.005,0.0,0.005,0.0,0.005,0.0,0.005,0.0
Urea + NoC,Bs,M+L,Urea,NoC,M,L,0.005,0.0,M,0.005,0.0,L,0.005,0.0,0.01,0.005,0.0,Urea,NoC,0.005,0.0,0.005,0.0,0.005,0.0,0.005,0.0,0.005,0.0,0.005,0.0,0.005,0.0,0.005,0.0,0.005,0.0
Urea + NoC,Bs,R+L,Urea,NoC,R,L,0.005,0.0,R,0.005,0.0,L,0.005,0.0,0.01,0.005,0.0,Urea,NoC,0.005,0.0,0.005,0.0,0.005,0.0,0.005,0.0,0.005,0.0,0.005,0.0,0.005,0.0,0.005,0.0,0.005,0.0
Urea + NoC,Bs,S+L,Urea,NoC,S,L,0.005,0.0,S,0.005,0.0,L,0.005,0.0,0.01,0.005,0.0,Urea,NoC,0.005,0.0,0.005,0.0,0.005,0.0,0.005,0.0,0.005,0.0,0.005,0.0,0.005,0.0,0.005,0.0,0.005,0.0
Urea + NoC,Bs,M+M,Urea,NoC,M,M,0.005,0.0,M,0.005,0.0,M,0.005,0.0,0.01,0.005,0.0,Urea,NoC,0.005,0.0,0.005,0.0,0.005,0.0,0.005,0.0,0.005,0.0,0.005,0.0,0.005,0.0,0.005,0.0,0.005,0.0
Urea + NoC,Bs,F+R,Urea,NoC,F,R,0.005,0.0,F,0.005,0.0,R,0.005,0.0,0.01,0.005,0.0,Urea,NoC,0.005,0.0,0.005,0.0,0.005,0.0,0.005,0.0,0.005,0.0,0.005,0.0,0.005,0.0,0.005,0.0,0.005,0.0
Urea + NoC,Bs,M+R,Urea,NoC,M,R,0.005,0.0,M,0.005,0.0,R,0.005,0.0,0.01,0.005,0.0,Urea,NoC,0.005,0.0,0.005,0.0,0.005,0.0,0.005,0.0,0.005,0.0,0.005,0.0,0.005,0.0,0.005,0.0,0.005,0.0
Urea + NoC,Bs,R+R,Urea,NoC,R,R,0.005,0.0,R,0.005,0.0,R,0.005,0.0,0.01,0.005,0.0,Urea,NoC,0.005,0.0,0.005,0.0,0.005,0.0,0.005,0.0,0.005,0.0,0.005,0.0,0.005,0.0,0.005,0.0,0.005,0.0
Urea + NoC,Bs,C+S,Urea,NoC,C,S,0.005,0.0,C,0.005,0.0,S,0.005,0.0,0.01,0.005,0.0,Urea,NoC,0.005,0.0,0.005,0.0,0.005,0.0,0.005,0.0,0.005,0.0,0.005,0.0,0.005,0.0,0.005,0.0,0.005,0.0
Urea + NoC,Bs,F+S,Urea,NoC,F,S,0.005,0.0,F,0.005,0.0,S,0.005,0.0,0.01,0.005,0.0,Urea,NoC,0.005,0.0,0.005,0.0,0.005,0.0,0.005,0.0,0.005,0.0,0.005,0.0,0.005,0.0,0.005,0.0,0.005,0.0
Urea + NoC,Bs,M+S,Urea,NoC,M,S,0.005,0.0,M,0.005,0.0,S,0.005,0.0,0.01,0.005,0.0,Urea,NoC,0.005,0.0,0.005,0.0,0.005,0.0,0.005,0.0,0.005,0.0,0.005,0.0,0.005,0.0,0.005,0.0,0.005,0.0
Urea + NoC,Bs,R+S,Urea,NoC,R,S,0.005,0.0,R,0.005,0.0,S,0.005,0.0,0.01,0.005,0.0,Urea,NoC,0.005,0.0,0.005,0.0,0.005,0.0,0.005,0.0,0.005,0.0,0.005,0.0,0.005,0.0,0.005,0.0,0.005,0.0
Urea + NoC,Bs,S+S,Urea,NoC,S,S,0.005,0.0,S,0.005,0.0,S,0.005,0.0,0.01,0.005,0.0,Urea,NoC,0.005,0.0,0.005,0.0,0.005,0.0,0.005,0.0,0.005,0.0,0.005,0.0,0.005,0.0,0.005,0.0,0.005,0.0
Urea + NoC,Bs,WT+WT,Urea,NoC,WT,WT,0.005,0.0,,,,,,,,0.005,0.0,Urea,NoC,0.005,0.0,0.005,0.0,0.005,0.0,0.005,0.0,0.005,0.0,0.005,0.0,0.005,0.0,0.005,0.0,0.005,0.0
Urea + NoC,Ec,C+C,Urea,NoC,C,C,0.005,0.0,C,0.005,0.0,C,0.005,0.0,0.01,0.005,0.0,Urea,NoC,0.005,0.0,0.0055000000000000005,0.0005000000000000001,0.007333333333333333,0.002333333333333333,0.005,0.0,0.005333333333333333,0.0003333333333333334,0.005,0.0,0.005333333333333333,0.0003333333333333334,0.005333333333333333,0.0003333333333333334,0.005333333333333333,0.0003333333333333334
Urea + NoC,Ec,F+C,Urea,NoC,F,C,0.005166666666666667,0.0001666666666666667,F,0.005,0.0,C,0.005,0.0,0.01,0.005,0.0001666666666666667,Urea,NoC,0.005,0.0,0.0055000000000000005,0.0005000000000000001,0.007333333333333333,0.002333333333333333,0.005,0.0,0.005333333333333333,0.0003333333333333334,0.005,0.0,0.005333333333333333,0.0003333333333333334,0.007333333333333333,0.002333333333333333,0.005333333333333333,0.0003333333333333334
Urea + NoC,Ec,M+C,Urea,NoC,M,C,0.005,0.0,M,0.005,0.0,C,0.005,0.0,0.01,0.005,0.0,Urea,NoC,0.005,0.0,0.0055000000000000005,0.0005000000000000001,0.007333333333333333,0.002333333333333333,0.005,0.0,0.005333333333333333,0.0003333333333333334,0.005,0.0,0.005333333333333333,0.0003333333333333334,0.0055000000000000005,0.0005000000000000001,0.005333333333333333,0.0003333333333333334
Urea + NoC,Ec,R+C,Urea,NoC,R,C,0.005,0.0,R,0.005,0.0,C,0.005,0.0,0.01,0.005,0.0,Urea,NoC,0.005,0.0,0.0055000000000000005,0.0005000000000000001,0.007333333333333333,0.002333333333333333,0.005,0.0,0.005333333333333333,0.0003333333333333334,0.005,0.0,0.005333333333333333,0.0003333333333333334,0.005333333333333333,0.0003333333333333334,0.005,0.0
Urea + NoC,Ec,F+F,Urea,NoC,F,F,0.005,0.0,F,0.005,0.0,F,0.005,0.0,0.01,0.005,0.0,Urea,NoC,0.005,0.0,0.0055000000000000005,0.0005000000000000001,0.007333333333333333,0.002333333333333333,0.005,0.0,0.005333333333333333,0.0003333333333333334,0.005,0.0,0.005333333333333333,0.0003333333333333334,0.007333333333333333,0.002333333333333333,0.007333333333333333,0.002333333333333333
Urea + NoC,Ec,M+F,Urea,NoC,M,F,0.005,0.0,M,0.005,0.0,F,0.005,0.0,0.01,0.005,0.0,Urea,NoC,0.005,0.0,0.0055000000000000005,0.0005000000000000001,0.007333333333333333,0.002333333333333333,0.005,0.0,0.005333333333333333,0.0003333333333333334,0.005,0.0,0.005333333333333333,0.0003333333333333334,0.007333333333333333,0.002333333333333333,0.0055000000000000005,0.0005000000000000001
Urea + NoC,Ec,C+L,Urea,NoC,C,L,0.005,0.0,C,0.005,0.0,L,0.005,0.0,0.01,0.005,0.0,Urea,NoC,0.005,0.0,0.0055000000000000005,0.0005000000000000001,0.007333333333333333,0.002333333333333333,0.005,0.0,0.005333333333333333,0.0003333333333333334,0.005,0.0,0.005333333333333333,0.0003333333333333334,0.005333333333333333,0.0003333333333333334,0.005333333333333333,0.0003333333333333334
Urea + NoC,Ec,F+L,Urea,NoC,F,L,0.005,0.0,F,0.005,0.0,L,0.005,0.0,0.01,0.005,0.0,Urea,NoC,0.005,0.0,0.0055000000000000005,0.0005000000000000001,0.007333333333333333,0.002333333333333333,0.005,0.0,0.005333333333333333,0.0003333333333333334,0.005,0.0,0.005333333333333333,0.0003333333333333334,0.007333333333333333,0.002333333333333333,0.005333333333333333,0.0003333333333333334
Urea + NoC,Ec,L+L,Urea,NoC,L,L,0.005,0.0,L,0.005,0.0,L,0.005,0.0,0.01,0.005,0.0,Urea,NoC,0.005,0.0,0.0055000000000000005,0.0005000000000000001,0.007333333333333333,0.002333333333333333,0.005,0.0,0.005333333333333333,0.0003333333333333334,0.005,0.0,0.005333333333333333,0.0003333333333333334,0.005333333333333333,0.0003333333333333334,0.005333333333333333,0.0003333333333333334
Urea + NoC,Ec,M+L,Urea,NoC,M,L,0.005,0.0,M,0.005,0.0,L,0.005,0.0,0.01,0.005,0.0,Urea,NoC,0.005,0.0,0.0055000000000000005,0.0005000000000000001,0.007333333333333333,0.002333333333333333,0.005,0.0,0.005333333333333333,0.0003333333333333334,0.005,0.0,0.005333333333333333,0.0003333333333333334,0.0055000000000000005,0.0005000000000000001,0.005333333333333333,0.0003333333333333334
Urea + NoC,Ec,R+L,Urea,NoC,R,L,0.005,0.0,R,0.005,0.0,L,0.005,0.0,0.01,0.005,0.0,Urea,NoC,0.005,0.0,0.0055000000000000005,0.0005000000000000001,0.007333333333333333,0.002333333333333333,0.005,0.0,0.005333333333333333,0.0003333333333333334,0.005,0.0,0.005333333333333333,0.0003333333333333334,0.005333333333333333,0.0003333333333333334,0.005,0.0
Urea + NoC,Ec,S+L,Urea,NoC,S,L,0.005,0.0,S,0.005,0.0,L,0.005,0.0,0.01,0.005,0.0,Urea,NoC,0.005,0.0,0.0055000000000000005,0.0005000000000000001,0.007333333333333333,0.002333333333333333,0.005,0.0,0.005333333333333333,0.0003333333333333334,0.005,0.0,0.005333333333333333,0.0003333333333333334,0.005333333333333333,0.0003333333333333334,0.005,0.0
Urea + NoC,Ec,M+M,Urea,NoC,M,M,0.005,0.0,M,0.005,0.0,M,0.005,0.0,0.01,0.005,0.0,Urea,NoC,0.005,0.0,0.0055000000000000005,0.0005000000000000001,0.007333333333333333,0.002333333333333333,0.005,0.0,0.005333333333333333,0.0003333333333333334,0.005,0.0,0.005333333333333333,0.0003333333333333334,0.0055000000000000005,0.0005000000000000001,0.0055000000000000005,0.0005000000000000001
Urea + NoC,Ec,F+R,Urea,NoC,F,R,0.005,0.0,F,0.005,0.0,R,0.005,0.0,0.01,0.005,0.0,Urea,NoC,0.005,0.0,0.0055000000000000005,0.0005000000000000001,0.007333333333333333,0.002333333333333333,0.005,0.0,0.005333333333333333,0.0003333333333333334,0.005,0.0,0.005333333333333333,0.0003333333333333334,0.007333333333333333,0.002333333333333333,0.005,0.0
Urea + NoC,Ec,M+R,Urea,NoC,M,R,0.005,0.0,M,0.005,0.0,R,0.005,0.0,0.01,0.005,0.0,Urea,NoC,0.005,0.0,0.0055000000000000005,0.0005000000000000001,0.007333333333333333,0.002333333333333333,0.005,0.0,0.005333333333333333,0.0003333333333333334,0.005,0.0,0.005333333333333333,0.0003333333333333334,0.0055000000000000005,0.0005000000000000001,0.005,0.0
Urea + NoC,Ec,R+R,Urea,NoC,R,R,0.005,0.0,R,0.005,0.0,R,0.005,0.0,0.01,0.005,0.0,Urea,NoC,0.005,0.0,0.0055000000000000005,0.0005000000000000001,0.007333333333333333,0.002333333333333333,0.005,0.0,0.005333333333333333,0.0003333333333333334,0.005,0.0,0.005333333333333333,0.0003333333333333334,0.005,0.0,0.005,0.0
Urea + NoC,Ec,C+S,Urea,NoC,C,S,0.005,0.0,C,0.005,0.0,S,0.005,0.0,0.01,0.005,0.0,Urea,NoC,0.005,0.0,0.0055000000000000005,0.0005000000000000001,0.007333333333333333,0.002333333333333333,0.005,0.0,0.005333333333333333,0.0003333333333333334,0.005,0.0,0.005333333333333333,0.0003333333333333334,0.005333333333333333,0.0003333333333333334,0.005,0.0
Urea + NoC,Ec,F+S,Urea,NoC,F,S,0.005,0.0,F,0.005,0.0,S,0.005,0.0,0.01,0.005,0.0,Urea,NoC,0.005,0.0,0.0055000000000000005,0.0005000000000000001,0.007333333333333333,0.002333333333333333,0.005,0.0,0.005333333333333333,0.0003333333333333334,0.005,0.0,0.005333333333333333,0.0003333333333333334,0.007333333333333333,0.002333333333333333,0.005,0.0
Urea + NoC,Ec,M+S,Urea,NoC,M,S,0.005166666666666667,0.0001666666666666667,M,0.005,0.0,S,0.005,0.0,0.01,0.005,0.0001666666666666667,Urea,NoC,0.005,0.0,0.0055000000000000005,0.0005000000000000001,0.007333333333333333,0.002333333333333333,0.005,0.0,0.005333333333333333,0.0003333333333333334,0.005,0.0,0.005333333333333333,0.0003333333333333334,0.0055000000000000005,0.0005000000000000001,0.005,0.0
Urea + NoC,Ec,R+S,Urea,NoC,R,S,0.005,0.0,R,0.005,0.0,S,0.005,0.0,0.01,0.005,0.0,Urea,NoC,0.005,0.0,0.0055000000000000005,0.0005000000000000001,0.007333333333333333,0.002333333333333333,0.005,0.0,0.005333333333333333,0.0003333333333333334,0.005,0.0,0.005333333333333333,0.0003333333333333334,0.005,0.0,0.005,0.0
Urea + NoC,Ec,S+S,Urea,NoC,S,S,0.005,0.0,S,0.005,0.0,S,0.005,0.0,0.01,0.005,0.0,Urea,NoC,0.005,0.0,0.0055000000000000005,0.0005000000000000001,0.007333333333333333,0.002333333333333333,0.005,0.0,0.005333333333333333,0.0003333333333333334,0.005,0.0,0.005333333333333333,0.0003333333333333334,0.005,0.0,0.005,0.0
Urea + NoC,Ec,WT+WT,Urea,NoC,WT,WT,0.005,0.0,,,,,,,,0.005,0.0,Urea,NoC,0.005,0.0,0.0055000000000000005,0.0005000000000000001,0.007333333333333333,0.002333333333333333,0.005,0.0,0.005333333333333333,0.0003333333333333334,0.005,0.0,0.005333333333333333,0.0003333333333333334,0.005,0.0,0.005,0.0
